{"type":"FeatureCollection","features":[{"type":"Feature","geometry":{"type":"MultiPolygon","coordinates":[[[[94.249,13.446],[94.275,13.441],[94.256,13.43],[94.249,13.446]]],[[[93.84,12.321],[93.875,12.288],[93.881,12.237],[93.827,12.245],[93.84,12.321]]],[[[93.646,14.935],[93.652,14.933],[93.651,14.93],[93.646,14.935]]],[[[93.613,14.874],[93.636,14.874],[93.612,14.836],[93.613,14.874]]],[[[93.569,14.872],[93.572,14.868],[93.568,14.871],[93.569,14.872]]],[[[93.571,14.861],[93.571,14.859],[93.57,14.861],[93.571,14.861]]],[[[93.572,14.848],[93.569,14.849],[93.57,14.85],[93.572,14.848]]],[[[93.551,14.788],[93.549,14.785],[93.55,14.788],[93.551,14.788]]],[[[93.382,14.129],[93.382,14.127],[93.381,14.128],[93.382,14.129]]],[[[93.353,14.146],[93.379,14.147],[93.364,14.059],[93.353,14.146]]],[[[93.36,14.187],[93.373,14.19],[93.367,14.179],[93.36,14.187]]],[[[93.367,14.052],[93.364,14.048],[93.364,14.057],[93.367,14.052]]],[[[93.357,14.189],[93.36,14.192],[93.361,14.191],[93.357,14.189]]],[[[93.224,14.016],[93.232,13.983],[93.223,13.972],[93.218,13.977],[93.224,14.016]]],[[[93.109,12.143],[93.124,12.14],[93.116,12.13],[93.109,12.143]]],[[[93.063,12.229],[93.106,12.26],[93.101,12.204],[93.063,12.229]]],[[[93.099,13.431],[93.103,13.435],[93.104,13.43],[93.099,13.431]]],[[[93.096,12.135],[93.099,12.136],[93.098,12.134],[93.096,12.135]]],[[[93.087,13.416],[93.091,13.41],[93.089,13.41],[93.087,13.416]]],[[[93.069,12.211],[93.095,12.142],[93.075,12.084],[93.037,12.133],[93.069,12.211]]],[[[93.029,13.573],[93.021,13.431],[93.071,13.406],[93.028,13.373],[93.055,13.382],[93.091,13.336],[93.066,13.303],[93.042,13.367],[92.951,13.344],[93.012,13.277],[93.067,13.273],[93.032,13.179],[93.035,13.081],[92.975,13.013],[92.937,13.085],[92.894,13.057],[92.916,13.054],[92.902,13.022],[92.908,13.0],[92.939,12.971],[92.882,12.983],[92.854,12.927],[92.873,12.883],[92.842,12.877],[92.844,12.886],[92.843,12.892],[92.794,12.914],[92.825,13.013],[92.788,13.019],[92.847,13.139],[92.81,13.153],[92.854,13.257],[92.823,13.277],[92.843,13.402],[92.868,13.402],[92.884,13.43],[92.872,13.471],[92.929,13.502],[92.918,13.536],[92.989,13.528],[92.988,13.573],[93.01,13.542],[93.029,13.573]]],[[[93.086,11.786],[93.078,11.781],[93.085,11.79],[93.086,11.786]]],[[[93.083,13.369],[93.081,13.368],[93.082,13.37],[93.083,13.369]]],[[[93.071,13.301],[93.079,13.3],[93.073,13.298],[93.071,13.301]]],[[[93.076,13.367],[93.078,13.363],[93.074,13.366],[93.076,13.367]]],[[[93.069,12.319],[93.073,12.315],[93.063,12.316],[93.069,12.319]]],[[[93.073,13.431],[93.072,13.414],[93.069,13.413],[93.073,13.431]]],[[[93.021,11.843],[93.063,11.845],[93.072,11.836],[93.05,11.812],[93.021,11.843]]],[[[93.043,13.637],[93.067,13.651],[93.047,13.621],[93.043,13.637]]],[[[93.064,13.385],[93.062,13.385],[93.063,13.387],[93.064,13.385]]],[[[93.06,13.226],[93.059,13.222],[93.058,13.227],[93.06,13.226]]],[[[93.052,13.565],[93.057,13.562],[93.054,13.56],[93.052,13.565]]],[[[92.926,11.996],[93.009,12.019],[93.043,11.882],[92.926,11.996]]],[[[93.028,12.157],[93.054,12.076],[93.046,12.045],[93.007,12.107],[92.956,12.142],[93.004,12.113],[93.028,12.157]]],[[[93.039,13.342],[93.037,13.343],[93.038,13.344],[93.039,13.342]]],[[[93.016,13.676],[93.032,13.634],[93.028,13.627],[92.977,13.655],[93.016,13.676]]],[[[93.024,12.278],[93.027,12.274],[93.022,12.275],[93.024,12.278]]],[[[93.009,13.311],[93.025,13.328],[93.022,13.303],[93.009,13.311]]],[[[93.024,13.673],[93.023,13.671],[93.023,13.674],[93.024,13.673]]],[[[93.019,12.223],[93.022,12.224],[93.02,12.223],[93.019,12.223]]],[[[93.016,13.285],[93.015,13.283],[93.014,13.284],[93.016,13.285]]],[[[93.014,13.34],[93.016,13.338],[93.014,13.338],[93.014,13.34]]],[[[93.007,13.559],[93.006,13.557],[93.006,13.56],[93.007,13.559]]],[[[93.007,12.997],[92.983,12.934],[92.952,12.941],[92.96,12.989],[93.007,12.997]]],[[[92.96,12.106],[93.005,12.103],[92.993,12.044],[92.96,12.106]]],[[[92.994,12.111],[92.992,12.111],[92.992,12.112],[92.994,12.111]]],[[[92.989,12.998],[92.986,13.0],[92.989,13.001],[92.989,12.998]]],[[[92.898,12.927],[92.981,12.71],[92.968,12.497],[92.915,12.406],[92.909,12.421],[92.878,12.445],[92.886,12.454],[92.835,12.495],[92.849,12.459],[92.899,12.416],[92.791,12.47],[92.895,12.32],[92.772,12.32],[92.72,12.3],[92.684,12.608],[92.753,12.671],[92.785,12.619],[92.789,12.674],[92.787,12.707],[92.779,12.713],[92.733,12.674],[92.746,12.722],[92.724,12.827],[92.761,12.859],[92.782,12.807],[92.792,12.89],[92.811,12.897],[92.842,12.876],[92.874,12.881],[92.896,12.899],[92.898,12.927]]],[[[92.971,12.064],[92.969,12.065],[92.971,12.065],[92.971,12.064]]],[[[92.968,13.335],[92.966,13.336],[92.97,13.338],[92.968,13.335]]],[[[92.956,12.435],[92.932,12.359],[92.919,12.365],[92.956,12.435]]],[[[92.95,12.088],[92.958,12.099],[92.952,12.084],[92.95,12.088]]],[[[92.949,13.025],[92.949,13.021],[92.945,13.025],[92.949,13.025]]],[[[92.921,13.001],[92.94,13.025],[92.942,12.995],[92.921,13.001]]],[[[92.941,12.281],[92.929,12.238],[92.922,12.231],[92.901,12.288],[92.941,12.281]]],[[[92.925,12.211],[92.942,12.217],[92.933,12.196],[92.925,12.211]]],[[[92.931,12.919],[92.937,12.915],[92.934,12.913],[92.931,12.919]]],[[[92.934,13.051],[92.932,13.05],[92.932,13.053],[92.934,13.051]]],[[[92.915,13.514],[92.921,13.513],[92.914,13.508],[92.915,13.514]]],[[[92.919,13.044],[92.915,13.042],[92.916,13.048],[92.919,13.044]]],[[[92.919,12.35],[92.909,12.348],[92.915,12.355],[92.919,12.35]]],[[[92.917,13.063],[92.913,13.062],[92.913,13.067],[92.917,13.063]]],[[[92.879,12.208],[92.914,12.233],[92.913,12.223],[92.879,12.208]]],[[[92.914,12.333],[92.911,12.333],[92.912,12.335],[92.914,12.333]]],[[[92.911,12.917],[92.912,12.914],[92.909,12.914],[92.911,12.917]]],[[[92.905,13.534],[92.912,13.533],[92.906,13.53],[92.905,13.534]]],[[[92.913,13.003],[92.911,13.004],[92.911,13.005],[92.913,13.003]]],[[[92.907,12.34],[92.905,12.34],[92.905,12.341],[92.907,12.34]]],[[[92.905,12.423],[92.9,12.421],[92.9,12.426],[92.905,12.423]]],[[[92.881,13.583],[92.904,13.596],[92.885,13.574],[92.881,13.583]]],[[[92.9,12.941],[92.902,12.941],[92.903,12.938],[92.9,12.941]]],[[[92.899,12.261],[92.901,12.259],[92.9,12.259],[92.899,12.261]]],[[[92.899,12.411],[92.897,12.409],[92.898,12.411],[92.899,12.411]]],[[[92.898,12.394],[92.895,12.393],[92.896,12.395],[92.898,12.394]]],[[[92.844,12.395],[92.889,12.408],[92.884,12.374],[92.844,12.395]]],[[[92.892,12.9],[92.894,12.897],[92.892,12.898],[92.892,12.9]]],[[[92.89,12.937],[92.893,12.936],[92.889,12.935],[92.89,12.937]]],[[[92.889,12.414],[92.888,12.413],[92.889,12.414],[92.889,12.414]]],[[[92.782,12.285],[92.889,12.266],[92.878,12.251],[92.865,12.251],[92.859,12.246],[92.881,12.195],[92.765,12.063],[92.77,12.237],[92.742,12.246],[92.751,12.274],[92.765,12.264],[92.782,12.285]]],[[[92.86,12.933],[92.886,12.923],[92.865,12.917],[92.86,12.933]]],[[[92.879,12.248],[92.882,12.249],[92.881,12.245],[92.879,12.248]]],[[[92.881,12.295],[92.877,12.296],[92.88,12.298],[92.881,12.295]]],[[[92.874,13.537],[92.879,13.538],[92.876,13.535],[92.874,13.537]]],[[[92.874,12.445],[92.876,12.445],[92.875,12.444],[92.874,12.445]]],[[[92.867,13.509],[92.875,13.504],[92.871,13.502],[92.867,13.509]]],[[[92.859,12.417],[92.869,12.414],[92.861,12.413],[92.859,12.417]]],[[[92.869,12.248],[92.861,12.243],[92.866,12.251],[92.869,12.248]]],[[[92.865,13.412],[92.868,13.413],[92.868,13.412],[92.865,13.412]]],[[[92.865,12.914],[92.863,12.914],[92.863,12.914],[92.865,12.914]]],[[[92.847,12.15],[92.844,12.149],[92.847,12.151],[92.847,12.15]]],[[[92.834,12.417],[92.838,12.425],[92.846,12.415],[92.834,12.417]]],[[[92.822,13.437],[92.842,13.426],[92.822,13.421],[92.822,13.437]]],[[[92.812,13.406],[92.819,13.416],[92.815,13.403],[92.812,13.406]]],[[[92.792,12.917],[92.793,12.892],[92.774,12.906],[92.792,12.917]]],[[[92.794,13.169],[92.798,13.169],[92.797,13.168],[92.794,13.169]]],[[[92.782,12.885],[92.792,12.891],[92.786,12.882],[92.782,12.885]]],[[[92.701,12.236],[92.704,12.165],[92.757,12.176],[92.736,12.107],[92.735,12.065],[92.784,12.047],[92.739,12.041],[92.769,11.999],[92.728,11.995],[92.714,11.933],[92.724,11.851],[92.68,11.819],[92.718,11.825],[92.746,11.932],[92.789,11.901],[92.755,11.701],[92.702,11.707],[92.666,11.654],[92.695,11.623],[92.721,11.686],[92.757,11.665],[92.711,11.477],[92.618,11.563],[92.644,11.636],[92.608,11.634],[92.588,11.718],[92.562,11.695],[92.514,11.848],[92.562,11.946],[92.611,11.871],[92.624,12.103],[92.636,12.12],[92.662,12.216],[92.655,12.182],[92.701,12.236]]],[[[92.778,12.867],[92.776,12.865],[92.776,12.866],[92.778,12.867]]],[[[92.771,12.018],[92.775,12.013],[92.771,12.014],[92.771,12.018]]],[[[92.77,12.929],[92.776,12.926],[92.772,12.918],[92.77,12.929]]],[[[92.768,12.293],[92.769,12.289],[92.767,12.289],[92.768,12.293]]],[[[92.731,12.242],[92.762,12.229],[92.764,12.182],[92.731,12.193],[92.723,12.189],[92.731,12.242]]],[[[92.767,12.918],[92.768,12.916],[92.767,12.917],[92.767,12.918]]],[[[92.768,12.285],[92.753,12.278],[92.763,12.294],[92.768,12.285]]],[[[92.762,12.922],[92.767,12.92],[92.764,12.917],[92.762,12.922]]],[[[92.736,11.953],[92.767,11.956],[92.746,11.945],[92.736,11.953]]],[[[92.767,12.858],[92.761,12.868],[92.766,12.873],[92.767,12.858]]],[[[92.767,11.678],[92.76,11.677],[92.766,11.681],[92.767,11.678]]],[[[92.761,12.933],[92.766,12.928],[92.763,12.926],[92.761,12.933]]],[[[92.764,12.298],[92.766,12.297],[92.764,12.297],[92.764,12.298]]],[[[92.756,12.18],[92.764,12.179],[92.759,12.167],[92.759,12.178],[92.756,12.18]]],[[[92.757,12.878],[92.76,12.877],[92.757,12.876],[92.757,12.878]]],[[[92.748,12.893],[92.757,12.894],[92.753,12.889],[92.748,12.893]]],[[[92.753,12.294],[92.755,12.294],[92.753,12.292],[92.753,12.294]]],[[[92.74,12.282],[92.743,12.255],[92.735,12.248],[92.74,12.273],[92.74,12.282]]],[[[92.745,11.966],[92.742,11.966],[92.744,11.967],[92.745,11.966]]],[[[92.739,12.111],[92.743,12.112],[92.739,12.107],[92.739,12.111]]],[[[92.739,12.273],[92.735,12.269],[92.738,12.276],[92.739,12.273]]],[[[92.738,12.292],[92.736,12.282],[92.735,12.289],[92.738,12.292]]],[[[92.727,11.146],[92.735,11.146],[92.73,11.141],[92.727,11.146]]],[[[92.723,11.953],[92.732,11.945],[92.726,11.941],[92.723,11.953]]],[[[92.733,12.703],[92.731,12.703],[92.731,12.705],[92.733,12.703]]],[[[92.725,12.186],[92.733,12.182],[92.729,12.182],[92.725,12.186]]],[[[92.728,13.093],[92.731,13.093],[92.728,13.09],[92.728,13.093]]],[[[92.73,12.856],[92.731,12.855],[92.73,12.855],[92.73,12.856]]],[[[92.72,12.864],[92.719,12.835],[92.71,12.834],[92.72,12.864]]],[[[92.723,12.736],[92.73,12.731],[92.728,12.727],[92.723,12.736]]],[[[92.727,12.838],[92.727,12.834],[92.725,12.832],[92.727,12.838]]],[[[92.727,12.753],[92.726,12.752],[92.725,12.754],[92.727,12.753]]],[[[92.723,11.69],[92.725,11.687],[92.722,11.688],[92.723,11.69]]],[[[92.723,11.143],[92.726,11.142],[92.724,11.14],[92.723,11.143]]],[[[92.711,12.829],[92.712,12.777],[92.726,12.749],[92.718,12.719],[92.695,12.797],[92.711,12.829]]],[[[92.717,12.788],[92.72,12.778],[92.715,12.778],[92.717,12.788]]],[[[92.724,11.332],[92.713,11.309],[92.722,11.333],[92.724,11.332]]],[[[92.701,12.267],[92.724,12.291],[92.711,12.23],[92.701,12.267]]],[[[92.696,12.992],[92.721,12.888],[92.668,12.783],[92.63,12.883],[92.665,12.881],[92.637,12.92],[92.67,12.918],[92.696,12.992]]],[[[92.721,12.182],[92.719,12.179],[92.719,12.181],[92.721,12.182]]],[[[92.696,13.095],[92.706,13.07],[92.701,13.071],[92.696,13.095]]],[[[92.718,12.776],[92.716,12.776],[92.716,12.777],[92.718,12.776]]],[[[92.716,12.804],[92.717,12.803],[92.716,12.803],[92.716,12.804]]],[[[92.716,12.801],[92.717,12.799],[92.716,12.798],[92.716,12.801]]],[[[92.715,12.797],[92.717,12.796],[92.715,12.795],[92.715,12.797]]],[[[92.698,11.308],[92.71,11.309],[92.712,11.303],[92.698,11.308]]],[[[92.692,11.281],[92.706,11.263],[92.687,11.242],[92.692,11.281]]],[[[92.703,12.639],[92.701,12.639],[92.702,12.641],[92.703,12.639]]],[[[92.695,11.663],[92.701,11.659],[92.693,11.661],[92.695,11.663]]],[[[92.699,12.248],[92.696,12.247],[92.697,12.251],[92.699,12.248]]],[[[92.641,11.51],[92.691,11.37],[92.6,11.347],[92.587,11.4],[92.641,11.51]]],[[[92.669,12.534],[92.685,12.539],[92.678,12.522],[92.669,12.534]]],[[[92.684,12.223],[92.68,12.219],[92.683,12.224],[92.684,12.223]]],[[[92.675,11.189],[92.681,11.181],[92.677,11.177],[92.675,11.189]]],[[[92.672,11.489],[92.671,11.487],[92.67,11.489],[92.672,11.489]]],[[[92.673,12.949],[92.67,12.948],[92.67,12.949],[92.673,12.949]]],[[[92.668,12.954],[92.67,12.952],[92.669,12.952],[92.668,12.954]]],[[[92.67,10.988],[92.658,10.987],[92.662,10.993],[92.67,10.988]]],[[[92.658,12.773],[92.654,12.771],[92.657,12.774],[92.658,12.773]]],[[[92.646,11.514],[92.644,11.514],[92.646,11.515],[92.646,11.514]]],[[[92.631,12.119],[92.63,12.119],[92.632,12.12],[92.631,12.119]]],[[[92.63,12.113],[92.629,12.115],[92.63,12.117],[92.63,12.113]]],[[[92.63,11.547],[92.627,11.544],[92.628,11.549],[92.63,11.547]]],[[[92.609,10.93],[92.618,10.934],[92.62,10.929],[92.609,10.93]]],[[[92.602,11.553],[92.62,11.556],[92.61,11.532],[92.602,11.553]]],[[[92.601,11.568],[92.619,11.577],[92.615,11.563],[92.601,11.568]]],[[[92.615,11.51],[92.61,11.508],[92.616,11.511],[92.615,11.51]]],[[[92.589,11.975],[92.609,11.943],[92.599,11.928],[92.589,11.975]]],[[[92.601,11.53],[92.606,11.534],[92.606,11.522],[92.601,11.53]]],[[[92.602,11.914],[92.596,11.915],[92.601,11.919],[92.602,11.914]]],[[[92.516,10.898],[92.588,10.787],[92.597,10.678],[92.54,10.611],[92.569,10.579],[92.513,10.512],[92.385,10.532],[92.421,10.615],[92.376,10.782],[92.516,10.898]]],[[[92.597,11.563],[92.584,11.534],[92.592,11.577],[92.597,11.563]]],[[[92.585,11.978],[92.581,11.979],[92.584,11.983],[92.585,11.978]]],[[[92.579,11.584],[92.577,11.585],[92.577,11.585],[92.579,11.584]]],[[[92.577,11.569],[92.573,11.566],[92.577,11.571],[92.577,11.569]]],[[[92.563,11.947],[92.568,11.95],[92.569,11.944],[92.563,11.947]]],[[[92.532,11.595],[92.569,11.588],[92.53,11.554],[92.532,11.595]]],[[[92.553,11.531],[92.569,11.527],[92.566,11.517],[92.553,11.531]]],[[[92.566,11.571],[92.567,11.569],[92.565,11.568],[92.566,11.571]]],[[[92.563,11.394],[92.556,11.395],[92.563,11.397],[92.563,11.394]]],[[[92.551,11.724],[92.549,11.724],[92.551,11.725],[92.551,11.724]]],[[[92.551,11.395],[92.546,11.396],[92.55,11.397],[92.551,11.395]]],[[[92.219,11.592],[92.271,11.584],[92.27,11.523],[92.215,11.529],[92.219,11.592]]],[[[92.273,11.517],[92.27,11.517],[92.273,11.518],[92.273,11.517]]],[[[92.221,10.983],[92.222,10.973],[92.215,10.977],[92.221,10.983]]]]},"properties":{"name":"Andaman Islands","state":"Andaman and Nicobar","lat":12.614,"lon":92.833,"monitored":""}},{"type":"Feature","geometry":{"type":"MultiPolygon","coordinates":[[[[93.848,7.24],[93.948,6.999],[93.914,7.0],[93.946,6.956],[93.897,6.902],[93.902,6.813],[93.851,6.816],[93.828,6.754],[93.805,6.765],[93.816,6.816],[93.745,6.962],[93.663,7.007],[93.656,7.125],[93.686,7.19],[93.848,7.24]]],[[[93.844,7.288],[93.846,7.286],[93.845,7.286],[93.844,7.288]]],[[[93.784,6.849],[93.791,6.851],[93.785,6.848],[93.784,6.849]]],[[[93.762,7.398],[93.772,7.398],[93.77,7.394],[93.762,7.398]]],[[[93.713,7.444],[93.756,7.36],[93.648,7.242],[93.632,7.371],[93.714,7.393],[93.713,7.444]]],[[[93.722,7.213],[93.712,7.208],[93.709,7.231],[93.722,7.213]]],[[[93.683,7.405],[93.695,7.399],[93.691,7.397],[93.683,7.405]]],[[[93.662,7.383],[93.665,7.384],[93.666,7.384],[93.662,7.383]]],[[[93.645,8.395],[93.653,8.388],[93.644,8.393],[93.645,8.395]]],[[[93.644,7.471],[93.652,7.474],[93.652,7.47],[93.644,7.471]]],[[[93.616,8.574],[93.642,8.469],[93.623,8.422],[93.628,8.489],[93.616,8.574]]],[[[93.635,8.397],[93.634,8.395],[93.633,8.398],[93.635,8.397]]],[[[93.632,7.48],[93.633,7.476],[93.63,7.48],[93.632,7.48]]],[[[93.614,8.485],[93.611,8.486],[93.613,8.486],[93.614,8.485]]],[[[93.607,8.581],[93.609,8.579],[93.608,8.578],[93.607,8.581]]],[[[93.561,8.118],[93.601,8.05],[93.593,8.038],[93.561,8.118]]],[[[93.547,8.028],[93.583,7.992],[93.577,7.928],[93.507,7.985],[93.547,8.028]]],[[[93.526,8.231],[93.503,8.148],[93.55,8.036],[93.501,7.997],[93.485,8.044],[93.53,8.079],[93.485,8.052],[93.454,8.174],[93.526,8.231]]],[[[93.54,7.52],[93.55,7.517],[93.543,7.51],[93.54,7.52]]],[[[93.38,8.025],[93.465,7.93],[93.462,7.872],[93.317,7.934],[93.327,8.002],[93.38,8.025]]],[[[93.34,7.905],[93.343,7.905],[93.342,7.904],[93.34,7.905]]],[[[93.339,7.911],[93.34,7.91],[93.339,7.909],[93.339,7.911]]],[[[93.22,8.245],[93.252,8.233],[93.239,8.221],[93.22,8.245]]],[[[93.126,8.356],[93.126,8.276],[93.199,8.194],[93.087,8.269],[93.126,8.356]]],[[[93.035,8.449],[93.057,8.46],[93.058,8.439],[93.035,8.449]]],[[[92.863,8.83],[92.852,8.822],[92.859,8.837],[92.863,8.83]]],[[[92.788,9.244],[92.854,9.209],[92.831,9.139],[92.732,9.124],[92.721,9.214],[92.788,9.244]]],[[[92.812,9.126],[92.815,9.126],[92.812,9.124],[92.812,9.126]]],[[[92.8,9.119],[92.804,9.12],[92.803,9.119],[92.8,9.119]]],[[[92.792,9.118],[92.796,9.118],[92.797,9.119],[92.799,9.118],[92.797,9.118],[92.792,9.118]]]]},"properties":{"name":"Nicobar Islands","state":"Andaman and Nicobar","lat":6.98,"lon":93.82,"monitored":""}},{"type":"Feature","geometry":{"type":"Polygon","coordinates":[[[78.31,19.913],[78.494,19.793],[78.604,19.818],[78.838,19.762],[78.859,19.656],[78.969,19.649],[78.955,19.552],[79.103,19.528],[79.178,19.461],[79.223,19.468],[79.244,19.613],[79.47,19.497],[79.543,19.549],[79.598,19.504],[79.64,19.575],[79.785,19.594],[79.973,19.401],[79.92,19.226],[79.943,19.171],[79.858,19.104],[79.86,19.035],[79.933,19.03],[79.933,18.845],[79.863,18.833],[79.841,18.879],[79.803,18.722],[79.684,18.68],[79.406,18.867],[79.313,18.82],[79.185,18.873],[79.064,19.032],[78.97,19.071],[78.897,19.029],[78.682,19.025],[78.529,18.942],[78.389,18.99],[78.285,18.941],[78.202,18.998],[77.93,18.846],[77.84,18.911],[77.854,18.952],[77.767,18.981],[77.76,19.059],[77.848,19.09],[77.847,19.197],[77.906,19.267],[77.861,19.302],[77.941,19.343],[78.051,19.242],[78.183,19.242],[78.182,19.412],[78.312,19.466],[78.27,19.663],[78.361,19.754],[78.339,19.839],[78.294,19.85],[78.31,19.913]]]},"properties":{"name":"Adilabad","state":"Andhra Pradesh","lat":19.285,"lon":79.06,"monitored":""}},{"type":"Feature","geometry":{"type":"Polygon","coordinates":[[[77.663,15.225],[77.787,15.097],[77.882,15.169],[77.962,15.149],[78.018,15.107],[77.989,15.04],[78.134,14.949],[78.049,14.769],[78.132,14.686],[78.126,14.621],[78.039,14.531],[77.94,14.559],[78.237,14.307],[78.417,14.271],[78.456,13.985],[78.266,13.886],[78.22,13.771],[78.118,13.777],[78.106,13.854],[78.041,13.887],[77.945,13.82],[77.966,13.951],[77.912,13.897],[77.818,13.935],[77.828,13.861],[77.713,13.791],[77.709,13.733],[77.649,13.776],[77.621,13.727],[77.52,13.744],[77.522,13.688],[77.476,13.678],[77.425,13.835],[77.25,13.839],[77.234,13.895],[77.179,13.86],[77.177,13.917],[77.124,13.849],[77.167,13.755],[77.026,13.771],[77.002,13.737],[76.968,13.814],[77.036,13.926],[76.931,14.023],[76.975,14.065],[76.891,14.159],[77.02,14.173],[77.024,14.053],[77.121,14.042],[77.147,13.992],[77.313,14.025],[77.348,13.897],[77.397,13.881],[77.431,13.969],[77.326,14.023],[77.395,14.103],[77.348,14.124],[77.41,14.17],[77.5,14.151],[77.499,14.261],[77.386,14.325],[77.416,14.212],[77.384,14.192],[77.359,14.269],[77.28,14.276],[77.281,14.331],[77.152,14.338],[77.105,14.213],[76.938,14.24],[76.883,14.39],[76.942,14.4],[76.973,14.478],[76.87,14.468],[76.761,14.596],[76.78,14.779],[76.849,14.804],[76.865,14.938],[76.764,14.97],[76.774,15.071],[77.079,15.0],[77.156,15.14],[77.289,15.125],[77.361,15.216],[77.607,15.175],[77.663,15.225]]]},"properties":{"name":"Anantapur","state":"Andhra Pradesh","lat":14.434,"lon":77.522,"monitored":""}},{"type":"Feature","geometry":{"type":"Polygon","coordinates":[[[78.476,13.937],[78.574,13.974],[78.579,13.901],[78.647,13.896],[78.635,13.858],[78.714,13.876],[78.762,13.818],[78.789,13.869],[78.996,13.897],[79.14,13.849],[79.3,13.712],[79.461,13.784],[79.424,13.858],[79.47,13.899],[79.578,13.907],[79.659,13.823],[79.67,13.911],[79.76,13.838],[79.8,13.912],[79.871,13.843],[79.856,13.701],[79.962,13.677],[80.04,13.546],[79.99,13.51],[80.036,13.484],[79.962,13.451],[79.926,13.336],[79.721,13.272],[79.785,13.223],[79.744,13.195],[79.689,13.207],[79.669,13.282],[79.58,13.245],[79.536,13.311],[79.429,13.324],[79.375,13.303],[79.425,13.281],[79.424,13.187],[79.308,13.097],[79.218,13.136],[79.153,13.007],[78.98,13.077],[78.914,13.068],[78.925,13.019],[78.882,13.02],[78.876,13.086],[78.702,13.056],[78.694,13.004],[78.614,12.979],[78.647,12.919],[78.548,12.686],[78.484,12.735],[78.51,12.699],[78.455,12.612],[78.368,12.612],[78.264,12.692],[78.19,12.681],[78.241,12.847],[78.303,12.847],[78.345,12.928],[78.454,12.853],[78.423,12.969],[78.458,12.963],[78.452,13.032],[78.569,13.156],[78.541,13.187],[78.576,13.267],[78.367,13.32],[78.391,13.578],[78.183,13.556],[78.194,13.616],[78.058,13.667],[78.105,13.684],[78.118,13.777],[78.248,13.783],[78.266,13.886],[78.456,13.985],[78.476,13.937]]]},"properties":{"name":"Chittoor","state":"Andhra Pradesh","lat":13.292,"lon":78.938,"monitored":""}},{"type":"Feature","geometry":{"type":"Polygon","coordinates":[[[78.941,15.229],[79.059,15.168],[79.064,14.953],[79.17,14.612],[79.418,14.238],[79.461,13.784],[79.3,13.712],[79.14,13.849],[78.996,13.897],[78.789,13.869],[78.762,13.818],[78.714,13.876],[78.635,13.858],[78.647,13.896],[78.579,13.901],[78.574,13.974],[78.482,13.93],[78.434,14.014],[78.417,14.271],[78.237,14.307],[77.94,14.559],[78.039,14.531],[78.126,14.621],[78.132,14.686],[78.049,14.769],[78.104,14.819],[78.111,14.92],[78.23,14.947],[78.289,15.065],[78.387,15.047],[78.342,14.986],[78.399,14.954],[78.422,15.026],[78.514,15.058],[78.474,14.892],[78.539,14.952],[78.547,14.918],[78.663,14.92],[78.754,15.03],[78.774,15.19],[78.915,15.188],[78.941,15.229]]]},"properties":{"name":"Cuddapah","state":"Andhra Pradesh","lat":14.419,"lon":78.702,"monitored":""}},{"type":"Feature","geometry":{"type":"MultiPolygon","coordinates":[[[[82.312,16.733],[82.218,16.752],[82.175,16.725],[82.258,16.69],[82.262,16.668],[82.254,16.657],[82.257,16.643],[82.292,16.609],[82.266,16.598],[82.26,16.587],[82.3,16.592],[82.268,16.564],[82.306,16.575],[82.31,16.568],[81.711,16.32],[81.703,16.448],[81.748,16.426],[81.843,16.514],[81.858,16.605],[81.739,16.803],[81.65,17.313],[81.604,17.417],[81.506,17.472],[81.503,17.59],[81.577,17.726],[81.794,17.844],[81.758,17.893],[81.801,17.936],[81.973,18.006],[82.023,17.929],[82.012,17.837],[81.858,17.744],[82.009,17.751],[82.007,17.61],[82.22,17.627],[82.336,17.575],[82.323,17.506],[82.369,17.475],[82.442,17.473],[82.462,17.528],[82.595,17.459],[82.514,17.291],[82.538,17.246],[82.368,17.118],[82.25,16.934],[82.312,16.84],[82.354,16.852],[82.324,16.989],[82.358,16.964],[82.366,16.902],[82.343,16.738],[82.312,16.733]]],[[[82.299,16.714],[82.3,16.714],[82.299,16.714],[82.299,16.714]]],[[[82.334,16.725],[82.331,16.726],[82.332,16.728],[82.334,16.725]]],[[[82.31,16.701],[82.336,16.691],[82.34,16.718],[82.359,16.712],[82.358,16.728],[82.368,16.723],[82.311,16.602],[82.259,16.69],[82.31,16.701]]],[[[82.315,16.576],[82.317,16.574],[82.315,16.574],[82.315,16.576]]],[[[82.31,16.721],[82.314,16.72],[82.31,16.719],[82.31,16.721]]],[[[82.302,16.714],[82.307,16.713],[82.3,16.711],[82.302,16.714]]],[[[82.261,16.676],[82.263,16.675],[82.263,16.67],[82.261,16.676]]]]},"properties":{"name":"East Godavari","state":"Andhra Pradesh","lat":17.182,"lon":82.063,"monitored":""}},{"type":"Feature","geometry":{"type":"MultiPolygon","coordinates":[[[[80.131,16.665],[80.5,16.577],[80.636,16.49],[80.8,16.275],[80.896,15.99],[80.896,15.913],[80.829,15.758],[80.809,15.732],[80.797,15.744],[80.78,15.785],[80.813,15.74],[80.812,15.833],[80.79,15.857],[80.774,15.866],[80.61,15.872],[80.428,15.803],[80.472,15.888],[80.389,15.895],[80.369,15.977],[80.412,15.991],[80.297,16.044],[80.093,16.0],[80.041,16.117],[79.89,16.156],[79.857,16.131],[79.913,16.061],[79.861,16.007],[79.916,15.956],[79.878,15.911],[79.793,15.93],[79.751,15.816],[79.696,15.89],[79.561,15.939],[79.539,16.305],[79.217,16.174],[79.192,16.223],[79.266,16.561],[79.427,16.583],[79.775,16.73],[79.943,16.633],[80.091,16.826],[80.131,16.665]]],[[[80.789,15.824],[80.791,15.831],[80.792,15.824],[80.789,15.824]]],[[[80.786,15.842],[80.79,15.842],[80.789,15.838],[80.786,15.842]]],[[[80.784,15.852],[80.788,15.855],[80.788,15.845],[80.784,15.852]]],[[[80.772,15.856],[80.78,15.848],[80.78,15.843],[80.772,15.856]]]]},"properties":{"name":"Guntur","state":"Andhra Pradesh","lat":16.29,"lon":80.164,"monitored":""}},{"type":"Feature","geometry":{"type":"Polygon","coordinates":[[[78.506,17.45],[78.523,17.366],[78.47,17.297],[78.387,17.408],[78.506,17.45]]]},"properties":{"name":"Hyderabad","state":"Andhra Pradesh","lat":17.387,"lon":78.461,"monitored":""}},{"type":"Feature","geometry":{"type":"Polygon","coordinates":[[[79.064,19.032],[79.185,18.873],[79.313,18.82],[79.406,18.867],[79.684,18.68],[79.803,18.722],[79.841,18.879],[80.107,18.678],[80.268,18.718],[80.337,18.591],[80.222,18.548],[80.211,18.385],[80.168,18.336],[80.136,18.413],[80.024,18.396],[80.023,18.438],[80.109,18.452],[80.045,18.477],[80.079,18.514],[80.018,18.464],[79.879,18.506],[79.916,18.42],[79.826,18.496],[79.816,18.413],[79.713,18.491],[79.59,18.466],[79.587,18.12],[79.472,18.11],[79.248,17.975],[79.144,17.982],[79.09,18.021],[79.129,18.076],[79.031,18.093],[78.955,18.251],[78.572,18.222],[78.517,18.282],[78.561,18.388],[78.521,18.475],[78.674,18.623],[78.637,18.725],[78.556,18.761],[78.529,18.942],[78.83,19.056],[79.064,19.032]]]},"properties":{"name":"Karimnagar","state":"Andhra Pradesh","lat":18.531,"lon":79.4,"monitored":""}},{"type":"Feature","geometry":{"type":"Polygon","coordinates":[[[80.488,18.627],[80.727,18.409],[80.788,18.25],[80.735,18.172],[80.798,18.166],[80.83,18.234],[80.862,18.133],[80.974,18.168],[80.944,18.081],[81.038,17.786],[81.16,17.853],[81.486,17.803],[81.758,17.893],[81.794,17.844],[81.577,17.726],[81.434,17.375],[81.325,17.391],[81.267,17.32],[81.182,17.322],[81.163,17.233],[81.026,17.187],[80.905,17.201],[80.832,17.026],[80.64,17.055],[80.657,17.088],[80.56,17.138],[80.446,17.017],[80.374,17.063],[80.358,16.971],[80.584,16.927],[80.555,16.825],[80.604,16.788],[80.563,16.763],[80.4,16.85],[80.373,16.811],[80.289,16.977],[80.194,17.043],[80.046,16.965],[80.05,17.019],[79.87,17.172],[79.883,17.256],[79.785,17.314],[79.962,17.398],[80.047,17.341],[80.154,17.372],[80.161,17.448],[80.121,17.44],[80.046,17.59],[80.082,17.653],[80.044,17.709],[80.248,17.737],[80.27,17.962],[80.387,18.076],[80.452,18.054],[80.46,18.129],[80.59,18.076],[80.649,18.128],[80.655,18.169],[80.47,18.295],[80.455,18.446],[80.374,18.469],[80.382,18.594],[80.488,18.627]]]},"properties":{"name":"Khammam","state":"Andhra Pradesh","lat":17.681,"lon":80.811,"monitored":""}},{"type":"Feature","geometry":{"type":"MultiPolygon","coordinates":[[[[80.496,17.108],[80.657,17.088],[80.64,17.055],[80.951,17.04],[80.927,16.948],[81.03,16.789],[80.974,16.708],[81.007,16.641],[80.946,16.655],[81.001,16.552],[81.171,16.614],[81.227,16.568],[81.306,16.682],[81.321,16.509],[81.428,16.403],[81.571,16.349],[81.536,16.359],[81.397,16.344],[81.383,16.362],[81.369,16.362],[81.346,16.331],[81.38,16.36],[81.393,16.342],[81.265,16.281],[81.146,15.974],[80.939,15.718],[80.809,15.732],[80.896,15.913],[80.892,16.014],[80.8,16.275],[80.664,16.462],[80.475,16.588],[80.138,16.655],[80.112,16.821],[79.992,16.863],[80.046,16.965],[80.182,17.045],[80.262,17.011],[80.373,16.811],[80.4,16.85],[80.563,16.763],[80.604,16.788],[80.555,16.825],[80.584,16.927],[80.358,16.971],[80.39,17.076],[80.446,17.017],[80.496,17.108]]],[[[81.537,16.355],[81.547,16.349],[81.513,16.35],[81.52,16.355],[81.528,16.351],[81.533,16.352],[81.537,16.355]]],[[[81.532,16.355],[81.533,16.352],[81.532,16.353],[81.532,16.355]]],[[[81.02,15.758],[81.029,15.763],[81.024,15.758],[81.02,15.758]]]]},"properties":{"name":"Krishna","state":"Andhra Pradesh","lat":16.432,"lon":81.042,"monitored":""}},{"type":"Feature","geometry":{"type":"Polygon","coordinates":[[[78.846,16.16],[78.913,15.993],[78.805,15.868],[78.767,15.672],[78.761,15.057],[78.663,14.92],[78.547,14.918],[78.539,14.952],[78.474,14.892],[78.503,15.06],[78.422,15.026],[78.399,14.954],[78.342,14.986],[78.387,15.047],[78.289,15.065],[78.23,14.947],[78.137,14.938],[77.989,15.04],[78.018,15.107],[77.962,15.149],[77.882,15.169],[77.787,15.097],[77.663,15.225],[77.607,15.175],[77.361,15.216],[77.289,15.125],[77.135,15.136],[77.164,15.168],[77.123,15.233],[77.164,15.259],[77.062,15.322],[76.97,15.491],[77.027,15.5],[77.029,15.634],[77.121,15.637],[77.043,15.734],[77.064,15.823],[77.022,15.832],[77.143,15.941],[77.426,15.942],[77.799,15.865],[77.888,15.896],[78.002,15.859],[78.036,15.902],[78.11,15.827],[78.238,15.929],[78.257,16.031],[78.421,16.083],[78.559,16.056],[78.617,16.099],[78.775,16.024],[78.846,16.16]]]},"properties":{"name":"Kurnool","state":"Andhra Pradesh","lat":15.567,"lon":77.897,"monitored":""}},{"type":"Feature","geometry":{"type":"Polygon","coordinates":[[[77.786,17.222],[77.733,16.877],[77.973,16.846],[78.009,16.946],[77.931,17.082],[78.063,17.195],[78.097,17.097],[78.177,17.096],[78.168,17.167],[78.289,17.22],[78.345,17.07],[78.455,16.977],[78.505,17.008],[78.778,16.863],[78.786,16.755],[78.667,16.643],[78.711,16.576],[78.611,16.513],[78.906,16.544],[79.211,16.363],[79.219,16.24],[78.925,16.202],[78.91,16.105],[78.838,16.157],[78.775,16.024],[78.617,16.099],[78.559,16.056],[78.421,16.083],[78.257,16.031],[78.238,15.929],[78.11,15.827],[78.036,15.902],[78.002,15.859],[77.888,15.896],[77.799,15.865],[77.509,15.921],[77.488,16.25],[77.59,16.287],[77.592,16.338],[77.343,16.38],[77.235,16.468],[77.366,16.484],[77.415,16.518],[77.391,16.565],[77.464,16.584],[77.469,16.647],[77.417,16.663],[77.468,16.697],[77.423,16.715],[77.499,17.007],[77.475,17.171],[77.576,17.127],[77.786,17.222]]]},"properties":{"name":"Mahbubnagar","state":"Andhra Pradesh","lat":16.531,"lon":78.024,"monitored":""}},{"type":"Feature","geometry":{"type":"Polygon","coordinates":[[[77.625,18.283],[77.769,18.188],[77.901,18.192],[77.934,18.15],[77.894,18.088],[77.999,18.111],[78.09,18.074],[78.165,18.099],[78.198,18.217],[78.268,18.141],[78.322,18.197],[78.383,18.122],[78.436,18.163],[78.485,18.13],[78.597,18.247],[78.74,18.215],[78.774,18.261],[78.936,18.254],[79.009,18.193],[79.031,18.093],[79.129,18.076],[79.109,18.023],[78.994,17.996],[78.961,18.031],[78.875,17.959],[78.822,17.875],[78.866,17.863],[78.853,17.748],[78.772,17.672],[78.425,17.697],[78.258,17.415],[78.209,17.483],[78.153,17.461],[78.077,17.521],[78.049,17.456],[77.96,17.48],[77.851,17.64],[77.743,17.622],[77.757,17.556],[77.683,17.504],[77.44,17.581],[77.45,17.691],[77.562,17.747],[77.511,17.801],[77.653,17.969],[77.546,18.054],[77.601,18.099],[77.573,18.241],[77.625,18.283]]]},"properties":{"name":"Medak","state":"Andhra Pradesh","lat":17.832,"lon":78.2,"monitored":""}},{"type":"Feature","geometry":{"type":"Polygon","coordinates":[[[78.882,17.8],[78.982,17.784],[79.155,17.574],[79.2,17.62],[79.22,17.559],[79.268,17.574],[79.377,17.499],[79.647,17.499],[79.751,17.425],[79.807,17.281],[79.89,17.246],[79.87,17.172],[80.054,17.01],[79.992,16.863],[80.07,16.814],[79.958,16.642],[79.775,16.73],[79.427,16.583],[79.266,16.561],[79.211,16.363],[78.906,16.544],[78.611,16.513],[78.711,16.576],[78.667,16.643],[78.711,16.643],[78.79,16.774],[78.7,16.957],[78.783,16.968],[78.824,17.013],[78.782,17.033],[78.849,17.074],[78.78,17.147],[78.763,17.214],[78.821,17.231],[78.749,17.267],[78.754,17.44],[78.707,17.435],[78.684,17.592],[78.882,17.8]]]},"properties":{"name":"Nalgonda","state":"Andhra Pradesh","lat":17.11,"lon":79.377,"monitored":""}},{"type":"Feature","geometry":{"type":"MultiPolygon","coordinates":[[[[79.318,15.088],[79.542,15.013],[79.789,15.049],[79.772,14.966],[79.848,14.943],[79.937,15.009],[79.99,14.976],[80.053,15.01],[80.089,14.812],[80.081,14.81],[80.068,14.82],[80.063,14.821],[80.059,14.82],[80.199,14.587],[80.122,14.115],[80.245,13.82],[80.236,13.64],[80.315,13.434],[80.264,13.561],[80.147,13.724],[80.138,13.613],[80.107,13.709],[80.051,13.588],[80.115,13.508],[80.262,13.473],[80.312,13.369],[80.23,13.477],[80.03,13.524],[79.947,13.694],[79.859,13.695],[79.871,13.843],[79.8,13.912],[79.76,13.838],[79.67,13.911],[79.659,13.823],[79.578,13.907],[79.433,13.878],[79.407,14.276],[79.173,14.605],[79.062,14.962],[79.114,15.094],[79.318,15.088]]],[[[80.276,13.455],[80.285,13.453],[80.286,13.448],[80.276,13.455]]],[[[80.264,13.516],[80.268,13.51],[80.266,13.5],[80.264,13.516]]],[[[80.23,13.493],[80.235,13.492],[80.23,13.491],[80.23,13.493]]],[[[80.224,13.492],[80.227,13.491],[80.224,13.49],[80.224,13.492]]],[[[80.188,13.515],[80.195,13.518],[80.197,13.513],[80.188,13.515]]],[[[80.18,13.534],[80.184,13.533],[80.18,13.533],[80.18,13.534]]],[[[80.139,13.607],[80.168,13.59],[80.142,13.545],[80.158,13.591],[80.12,13.606],[80.139,13.607]]],[[[80.1,13.639],[80.108,13.647],[80.101,13.637],[80.1,13.639]]],[[[80.102,13.677],[80.106,13.677],[80.104,13.668],[80.102,13.677]]],[[[80.093,13.64],[80.096,13.637],[80.092,13.636],[80.093,13.64]]],[[[80.052,13.588],[80.056,13.589],[80.057,13.587],[80.052,13.588]]]]},"properties":{"name":"Nellore","state":"Andhra Pradesh","lat":14.195,"lon":79.774,"monitored":""}},{"type":"Feature","geometry":{"type":"Polygon","coordinates":[[[78.277,18.943],[78.389,18.99],[78.506,18.958],[78.556,18.761],[78.637,18.725],[78.674,18.623],[78.519,18.468],[78.561,18.388],[78.517,18.282],[78.563,18.185],[78.383,18.122],[78.322,18.197],[78.268,18.141],[78.198,18.217],[78.136,18.074],[77.894,18.088],[77.934,18.15],[77.901,18.192],[77.769,18.188],[77.721,18.258],[77.55,18.291],[77.528,18.44],[77.585,18.445],[77.546,18.463],[77.601,18.474],[77.597,18.548],[77.737,18.555],[77.728,18.664],[77.758,18.707],[77.786,18.684],[77.837,18.807],[77.943,18.822],[78.202,18.998],[78.277,18.943]]]},"properties":{"name":"Nizamabad","state":"Andhra Pradesh","lat":18.511,"lon":78.081,"monitored":""}},{"type":"Feature","geometry":{"type":"MultiPolygon","coordinates":[[[[79.547,16.297],[79.561,15.939],[79.696,15.89],[79.741,15.819],[79.793,15.93],[79.878,15.911],[79.916,15.956],[79.861,16.007],[79.913,16.061],[79.877,16.157],[80.041,16.117],[80.093,16.0],[80.297,16.044],[80.392,16.002],[80.397,15.883],[80.472,15.888],[80.27,15.673],[80.2,15.498],[80.201,15.465],[80.08,15.316],[80.083,15.195],[80.046,15.209],[80.061,15.19],[80.081,15.186],[80.053,15.01],[80.018,14.983],[79.937,15.009],[79.848,14.943],[79.772,14.966],[79.789,15.049],[79.542,15.013],[79.315,15.108],[79.114,15.094],[79.067,15.046],[79.059,15.168],[78.962,15.164],[78.941,15.229],[78.915,15.188],[78.742,15.174],[78.767,15.672],[78.805,15.868],[78.913,15.993],[78.908,16.191],[79.031,16.246],[79.206,16.222],[79.217,16.174],[79.456,16.303],[79.547,16.297]]],[[[80.209,15.5],[80.212,15.499],[80.21,15.499],[80.209,15.5]]],[[[80.059,15.199],[80.062,15.198],[80.062,15.197],[80.059,15.199]]]]},"properties":{"name":"Prakasam","state":"Andhra Pradesh","lat":15.585,"lon":79.499,"monitored":""}},{"type":"Feature","geometry":{"type":"Polygon","coordinates":[[[78.459,17.698],[78.714,17.663],[78.707,17.435],[78.754,17.44],[78.741,17.292],[78.821,17.231],[78.763,17.214],[78.849,17.074],[78.782,17.033],[78.824,17.013],[78.783,16.968],[78.681,16.926],[78.505,17.008],[78.455,16.977],[78.345,17.07],[78.277,17.224],[78.168,17.167],[78.177,17.096],[78.097,17.097],[78.08,17.191],[78.023,17.169],[77.918,17.058],[78.009,16.902],[77.973,16.846],[77.861,16.849],[77.733,16.877],[77.789,17.227],[77.576,17.127],[77.475,17.171],[77.463,17.104],[77.36,17.162],[77.455,17.276],[77.452,17.37],[77.521,17.362],[77.51,17.427],[77.611,17.444],[77.653,17.503],[77.684,17.473],[77.686,17.524],[77.757,17.556],[77.743,17.622],[77.851,17.64],[77.96,17.48],[78.049,17.456],[78.077,17.521],[78.153,17.461],[78.209,17.483],[78.258,17.415],[78.349,17.52],[78.382,17.661],[78.459,17.698]],[[78.534,17.458],[78.386,17.385],[78.47,17.297],[78.534,17.458]]]},"properties":{"name":"Rangareddi","state":"Andhra Pradesh","lat":17.254,"lon":78.114,"monitored":""}},{"type":"Feature","geometry":{"type":"Polygon","coordinates":[[[84.673,19.157],[84.758,19.066],[84.125,18.309],[83.66,18.076],[83.547,18.252],[83.514,18.23],[83.517,18.278],[83.424,18.314],[83.427,18.434],[83.565,18.422],[83.551,18.489],[83.602,18.511],[83.598,18.553],[83.512,18.55],[83.527,18.71],[83.816,18.824],[83.751,18.993],[83.788,19.008],[83.887,18.805],[84.027,18.802],[84.082,18.745],[84.309,18.778],[84.336,18.867],[84.429,18.914],[84.415,19.014],[84.472,18.981],[84.566,19.065],[84.59,19.013],[84.665,19.066],[84.592,19.124],[84.673,19.157]]]},"properties":{"name":"Srikakulam","state":"Andhra Pradesh","lat":18.631,"lon":83.957,"monitored":""}},{"type":"Feature","geometry":{"type":"MultiPolygon","coordinates":[[[[82.474,18.537],[82.554,18.438],[82.532,18.393],[82.611,18.346],[82.581,18.27],[82.627,18.229],[82.767,18.331],[82.799,18.439],[82.933,18.351],[83.093,18.406],[83.074,18.308],[83.094,18.35],[83.165,18.3],[83.219,18.325],[83.263,18.207],[83.199,18.182],[83.13,18.251],[83.155,18.175],[83.096,18.212],[83.099,18.147],[83.144,18.145],[82.992,17.991],[83.097,17.922],[83.147,17.82],[83.351,18.046],[83.409,17.996],[83.376,17.903],[83.42,17.931],[83.477,17.918],[83.307,17.688],[83.282,17.689],[83.273,17.712],[83.263,17.711],[83.282,17.688],[83.298,17.687],[83.295,17.675],[83.213,17.591],[82.538,17.246],[82.514,17.291],[82.595,17.453],[82.548,17.515],[82.462,17.528],[82.403,17.463],[82.259,17.613],[82.093,17.645],[82.007,17.61],[82.009,17.751],[81.858,17.744],[82.011,17.833],[82.023,17.929],[81.973,18.006],[82.007,18.049],[82.113,18.058],[82.242,17.98],[82.267,18.048],[82.336,18.047],[82.333,18.142],[82.365,18.14],[82.306,18.196],[82.393,18.306],[82.334,18.317],[82.384,18.369],[82.361,18.41],[82.474,18.537]]],[[[83.311,17.685],[83.304,17.681],[83.298,17.679],[83.311,17.685]]],[[[83.304,17.684],[83.305,17.683],[83.303,17.683],[83.304,17.684]]],[[[83.27,17.71],[83.269,17.708],[83.268,17.71],[83.27,17.71]]],[[[83.171,17.569],[83.172,17.567],[83.171,17.566],[83.171,17.569]]]]},"properties":{"name":"Vishakhapatnam","state":"Andhra Pradesh","lat":17.868,"lon":82.569,"monitored":""}},{"type":"Feature","geometry":{"type":"Polygon","coordinates":[[[83.628,19.132],[83.816,18.824],[83.527,18.71],[83.512,18.55],[83.602,18.552],[83.551,18.489],[83.585,18.453],[83.406,18.406],[83.424,18.314],[83.517,18.278],[83.514,18.23],[83.547,18.252],[83.66,18.075],[83.397,17.894],[83.4,18.035],[83.351,18.046],[83.147,17.82],[83.097,17.922],[82.992,17.991],[83.144,18.145],[83.099,18.147],[83.096,18.212],[83.155,18.175],[83.13,18.251],[83.21,18.181],[83.263,18.257],[83.213,18.327],[83.165,18.3],[83.094,18.35],[83.071,18.309],[83.093,18.406],[83.015,18.444],[83.089,18.538],[83.032,18.548],[83.054,18.586],[83.008,18.588],[83.01,18.637],[83.133,18.772],[83.205,18.716],[83.219,18.766],[83.399,18.834],[83.347,18.927],[83.38,18.923],[83.346,18.957],[83.329,18.917],[83.305,18.99],[83.409,18.996],[83.455,18.946],[83.459,19.07],[83.531,19.005],[83.628,19.132]]]},"properties":{"name":"Vizianagaram","state":"Andhra Pradesh","lat":18.471,"lon":83.302,"monitored":""}},{"type":"Feature","geometry":{"type":"Polygon","coordinates":[[[80.382,18.594],[80.374,18.469],[80.458,18.442],[80.47,18.295],[80.659,18.165],[80.59,18.076],[80.46,18.129],[80.452,18.054],[80.387,18.076],[80.27,17.962],[80.244,17.733],[80.039,17.701],[80.082,17.653],[80.046,17.59],[80.082,17.507],[80.121,17.44],[80.161,17.448],[80.154,17.372],[80.047,17.341],[79.962,17.398],[79.785,17.314],[79.751,17.425],[79.647,17.499],[79.39,17.495],[79.268,17.574],[79.22,17.559],[79.2,17.62],[79.155,17.574],[79.068,17.708],[79.018,17.705],[78.982,17.784],[78.863,17.805],[78.866,17.863],[78.824,17.87],[78.961,18.031],[79.248,17.975],[79.472,18.11],[79.587,18.12],[79.59,18.466],[79.713,18.491],[79.816,18.413],[79.826,18.496],[79.916,18.42],[79.879,18.506],[80.018,18.464],[80.079,18.514],[80.045,18.477],[80.109,18.452],[80.023,18.438],[80.024,18.396],[80.136,18.413],[80.168,18.336],[80.211,18.385],[80.222,18.548],[80.382,18.594]]]},"properties":{"name":"Warangal","state":"Andhra Pradesh","lat":17.916,"lon":79.564,"monitored":""}},{"type":"Feature","geometry":{"type":"Polygon","coordinates":[[[81.498,17.49],[81.65,17.313],[81.643,17.207],[81.727,17.035],[81.739,16.803],[81.858,16.605],[81.843,16.514],[81.748,16.426],[81.703,16.448],[81.711,16.32],[81.398,16.422],[81.321,16.509],[81.306,16.682],[81.227,16.568],[81.171,16.614],[81.001,16.552],[80.946,16.655],[81.007,16.641],[80.974,16.708],[81.027,16.807],[80.927,16.948],[80.951,17.04],[80.856,17.069],[80.905,17.201],[80.991,17.18],[81.163,17.233],[81.182,17.322],[81.267,17.32],[81.33,17.392],[81.416,17.362],[81.498,17.49]]]},"properties":{"name":"West Godavari","state":"Andhra Pradesh","lat":16.877,"lon":81.356,"monitored":""}},{"type":"Feature","geometry":{"type":"Polygon","coordinates":[[[96.901,27.624],[96.938,27.53],[96.912,27.463],[97.167,27.155],[97.146,27.103],[96.866,27.2],[96.889,27.264],[96.802,27.354],[96.62,27.373],[96.522,27.294],[96.311,27.302],[96.099,27.231],[95.946,27.06],[95.808,27.02],[95.755,26.908],[95.652,26.957],[95.737,26.98],[95.637,27.237],[95.806,27.292],[95.898,27.264],[96.021,27.371],[95.978,27.435],[95.849,27.43],[95.881,27.553],[96.129,27.626],[96.292,27.562],[96.416,27.658],[96.644,27.636],[96.704,27.668],[96.901,27.624]]]},"properties":{"name":"Changlang","state":"Arunachal Pradesh","lat":27.278,"lon":96.076,"monitored":""}},{"type":"Feature","geometry":{"type":"Polygon","coordinates":[[[93.194,27.677],[93.33,27.556],[93.295,27.525],[93.372,27.373],[93.225,27.252],[93.222,27.205],[93.31,27.174],[93.214,27.118],[93.313,27.081],[93.391,26.96],[93.019,26.917],[92.872,27.008],[92.598,27.054],[92.617,27.147],[92.903,27.215],[92.888,27.286],[92.8,27.351],[92.79,27.555],[92.647,27.536],[92.717,27.648],[92.857,27.647],[92.984,27.563],[93.148,27.739],[93.208,27.742],[93.194,27.677]]]},"properties":{"name":"East Kameng","state":"Arunachal Pradesh","lat":27.319,"lon":93.075,"monitored":""}},{"type":"Feature","geometry":{"type":"Polygon","coordinates":[[[94.759,28.537],[94.943,28.563],[95.014,28.496],[95.082,28.505],[95.112,28.227],[95.196,28.15],[95.282,28.178],[95.409,28.319],[95.466,28.263],[95.549,28.279],[95.569,28.083],[95.502,27.956],[95.516,27.882],[95.384,27.842],[95.317,27.871],[94.858,27.742],[94.956,27.969],[94.881,28.004],[94.95,28.132],[94.881,28.235],[94.936,28.254],[94.876,28.412],[94.763,28.426],[94.759,28.537]]]},"properties":{"name":"East Siang","state":"Arunachal Pradesh","lat":28.164,"lon":95.4,"monitored":""}},{"type":"Feature","geometry":{"type":"Polygon","coordinates":[[[93.024,28.303],[93.276,28.367],[93.57,28.257],[93.679,28.323],[93.841,28.238],[93.892,28.13],[93.853,28.085],[93.911,28.029],[93.843,28.003],[93.811,27.911],[93.688,27.89],[93.428,27.713],[93.392,27.642],[93.252,27.598],[93.194,27.677],[93.221,27.832],[92.966,27.827],[92.929,27.92],[92.757,27.958],[92.661,28.068],[92.8,28.202],[92.83,28.173],[92.965,28.262],[93.0,28.231],[93.024,28.303]]]},"properties":{"name":"Kurung Kumey","state":"Arunachal Pradesh","lat":27.981,"lon":93.286,"monitored":""}},{"type":"Feature","geometry":{"type":"Polygon","coordinates":[[[97.093,28.37],[97.4,28.194],[97.331,28.163],[97.308,28.077],[97.415,28.024],[97.389,27.896],[97.256,27.91],[96.913,27.627],[96.416,27.658],[96.292,27.562],[96.129,27.626],[95.867,27.551],[95.785,27.627],[95.758,27.731],[95.993,27.98],[95.982,28.077],[96.051,28.199],[96.144,28.175],[96.27,28.244],[96.24,28.305],[96.315,28.388],[96.413,28.347],[96.458,28.419],[96.665,28.466],[96.783,28.37],[96.899,28.386],[96.996,28.316],[97.093,28.37]]]},"properties":{"name":"Lohit","state":"Arunachal Pradesh","lat":28.002,"lon":96.701,"monitored":""}},{"type":"Feature","geometry":{"type":"Polygon","coordinates":[[[96.368,28.564],[96.324,28.53],[96.373,28.487],[96.264,28.413],[96.315,28.388],[96.24,28.305],[96.27,28.244],[96.144,28.175],[96.053,28.202],[95.982,28.077],[95.985,27.972],[95.607,27.958],[95.516,27.882],[95.565,28.259],[95.386,28.311],[95.32,28.429],[95.41,28.552],[95.351,28.707],[95.389,28.744],[95.554,28.708],[95.753,28.593],[96.152,28.655],[96.368,28.564]]]},"properties":{"name":"Lower Dibang Valley","state":"Arunachal Pradesh","lat":28.35,"lon":95.823,"monitored":""}},{"type":"Feature","geometry":{"type":"Polygon","coordinates":[[[94.146,27.869],[94.356,27.722],[94.211,27.611],[94.259,27.523],[94.068,27.467],[93.896,27.484],[93.787,27.33],[93.615,27.346],[93.564,27.433],[93.639,27.495],[93.528,27.623],[93.392,27.642],[93.428,27.713],[93.688,27.89],[93.811,27.911],[93.869,28.025],[94.068,27.941],[94.074,27.852],[94.146,27.869]]]},"properties":{"name":"Lower Subansiri","state":"Arunachal Pradesh","lat":27.677,"lon":93.854,"monitored":""}},{"type":"Feature","geometry":{"type":"Polygon","coordinates":[[[93.392,27.642],[93.528,27.623],[93.639,27.495],[93.564,27.415],[93.657,27.331],[93.809,27.339],[93.896,27.484],[94.068,27.467],[94.153,27.513],[94.211,27.498],[93.809,27.152],[93.828,27.069],[93.676,26.971],[93.468,26.939],[93.211,27.133],[93.31,27.174],[93.222,27.205],[93.225,27.252],[93.372,27.373],[93.295,27.525],[93.33,27.556],[93.271,27.595],[93.392,27.642]]]},"properties":{"name":"Papum Pare","state":"Arunachal Pradesh","lat":27.292,"lon":93.622,"monitored":""}},{"type":"Feature","geometry":{"type":"Polygon","coordinates":[[[92.316,27.778],[92.246,27.63],[91.979,27.465],[91.653,27.483],[91.562,27.584],[91.64,27.758],[91.553,27.859],[91.824,27.81],[91.919,27.715],[92.21,27.859],[92.264,27.858],[92.316,27.778]]]},"properties":{"name":"Tawang","state":"Arunachal Pradesh","lat":27.672,"lon":91.934,"monitored":""}},{"type":"Feature","geometry":{"type":"Polygon","coordinates":[[[95.637,27.237],[95.737,26.98],[95.651,26.961],[95.755,26.908],[95.668,26.908],[95.612,26.821],[95.533,26.831],[95.429,26.7],[95.272,26.663],[95.185,26.865],[95.234,26.891],[95.196,27.043],[95.458,27.136],[95.516,27.269],[95.637,27.237]]]},"properties":{"name":"Tirap","state":"Arunachal Pradesh","lat":26.97,"lon":95.454,"monitored":""}},{"type":"Feature","geometry":{"type":"Polygon","coordinates":[[[96.081,29.463],[96.244,29.235],[96.363,29.286],[96.393,29.257],[96.346,29.171],[96.115,29.078],[96.185,28.988],[96.167,28.906],[96.347,29.032],[96.525,29.079],[96.477,28.994],[96.608,28.798],[96.586,28.722],[96.473,28.688],[96.494,28.638],[96.401,28.562],[96.152,28.655],[95.753,28.593],[95.554,28.708],[95.389,28.744],[95.323,28.932],[95.255,28.953],[95.272,29.059],[95.454,29.037],[95.599,29.262],[96.081,29.463]]]},"properties":{"name":"Upper Dibang Valley","state":"Arunachal Pradesh","lat":29.013,"lon":95.715,"monitored":""}},{"type":"Feature","geometry":{"type":"Polygon","coordinates":[[[94.716,29.3],[94.798,29.165],[94.872,29.184],[95.023,29.131],[94.997,29.173],[95.251,29.11],[95.277,29.034],[95.244,28.989],[95.327,28.923],[95.409,28.557],[95.32,28.429],[95.409,28.319],[95.226,28.15],[95.112,28.227],[95.082,28.505],[95.014,28.496],[94.943,28.563],[94.759,28.537],[94.731,28.687],[94.279,28.995],[94.172,29.007],[94.288,29.148],[94.431,29.227],[94.558,29.229],[94.628,29.349],[94.716,29.3]]]},"properties":{"name":"Upper Siang","state":"Arunachal Pradesh","lat":28.805,"lon":94.956,"monitored":""}},{"type":"Feature","geometry":{"type":"Polygon","coordinates":[[[93.519,28.671],[93.775,28.669],[93.844,28.707],[93.92,28.67],[93.96,28.713],[94.022,28.652],[94.0,28.579],[94.096,28.537],[94.138,28.446],[94.292,28.43],[94.329,28.36],[94.401,28.342],[94.374,28.297],[94.417,28.256],[94.356,28.201],[94.391,28.086],[94.513,28.018],[94.59,27.865],[94.333,27.76],[94.149,27.868],[94.074,27.852],[94.068,27.941],[93.946,27.981],[93.854,28.083],[93.892,28.13],[93.839,28.24],[93.683,28.322],[93.57,28.257],[93.423,28.284],[93.335,28.354],[93.22,28.336],[93.232,28.401],[93.183,28.44],[93.276,28.505],[93.3,28.6],[93.519,28.671]]]},"properties":{"name":"Upper Subansiri","state":"Arunachal Pradesh","lat":28.221,"lon":94.113,"monitored":""}},{"type":"Feature","geometry":{"type":"Polygon","coordinates":[[[92.733,27.978],[92.929,27.92],[92.982,27.821],[93.196,27.847],[93.23,27.776],[92.984,27.563],[92.853,27.648],[92.717,27.648],[92.653,27.586],[92.657,27.526],[92.784,27.557],[92.814,27.525],[92.8,27.351],[92.903,27.221],[92.608,27.141],[92.59,27.08],[92.645,26.987],[92.108,26.894],[92.023,27.162],[92.07,27.224],[92.04,27.267],[92.121,27.288],[92.059,27.327],[92.011,27.482],[92.246,27.63],[92.316,27.778],[92.501,27.842],[92.561,27.821],[92.733,27.978]]]},"properties":{"name":"West Kameng","state":"Arunachal Pradesh","lat":27.417,"lon":92.418,"monitored":""}},{"type":"Feature","geometry":{"type":"Polygon","coordinates":[[[94.172,29.007],[94.279,28.995],[94.731,28.687],[94.747,28.456],[94.876,28.412],[94.936,28.254],[94.881,28.235],[94.95,28.132],[94.881,28.004],[94.956,27.969],[94.849,27.711],[94.46,27.558],[94.431,27.603],[94.276,27.593],[94.252,27.641],[94.211,27.611],[94.356,27.722],[94.318,27.777],[94.596,27.874],[94.513,28.018],[94.391,28.086],[94.356,28.201],[94.417,28.256],[94.374,28.297],[94.401,28.342],[94.329,28.36],[94.292,28.43],[94.138,28.446],[94.096,28.537],[94.0,28.579],[94.022,28.652],[93.96,28.713],[93.995,28.841],[94.172,29.007]]]},"properties":{"name":"West Siang","state":"Arunachal Pradesh","lat":28.277,"lon":94.662,"monitored":""}},{"type":"Feature","geometry":{"type":"Polygon","coordinates":[[[90.941,26.775],[91.097,26.82],[91.295,26.785],[91.237,26.617],[91.293,26.57],[91.232,26.44],[91.279,26.371],[91.215,26.269],[91.248,26.2],[90.913,26.09],[90.718,26.132],[90.652,26.242],[90.857,26.362],[90.856,26.437],[90.786,26.439],[90.825,26.45],[90.806,26.5],[90.851,26.502],[90.816,26.569],[90.896,26.632],[90.941,26.775]]]},"properties":{"name":"Barpeta","state":"Assam","lat":26.475,"lon":91.032,"monitored":""}},{"type":"Feature","geometry":{"type":"Polygon","coordinates":[[[90.955,26.784],[90.896,26.632],[90.816,26.569],[90.85,26.499],[90.806,26.5],[90.825,26.45],[90.786,26.441],[90.856,26.437],[90.857,26.362],[90.6,26.199],[90.359,26.16],[90.48,26.292],[90.458,26.485],[90.377,26.486],[90.354,26.546],[90.572,26.532],[90.523,26.665],[90.615,26.795],[90.955,26.784]]]},"properties":{"name":"Bongaigaon","state":"Assam","lat":26.468,"lon":90.639,"monitored":""}},{"type":"Feature","geometry":{"type":"Polygon","coordinates":[[[92.426,25.032],[92.484,25.108],[92.733,25.145],[92.841,25.056],[93.044,25.106],[93.018,25.064],[93.063,25.005],[93.259,24.973],[93.193,24.806],[93.11,24.81],[93.076,24.71],[93.107,24.584],[93.061,24.575],[93.039,24.411],[92.829,24.378],[92.76,24.521],[92.781,24.572],[92.67,24.594],[92.685,24.809],[92.598,24.88],[92.494,24.877],[92.426,25.032]]]},"properties":{"name":"Cachar","state":"Assam","lat":24.758,"lon":92.887,"monitored":""}},{"type":"Feature","geometry":{"type":"Polygon","coordinates":[[[92.364,26.933],[92.322,26.616],[92.381,26.533],[92.154,26.412],[92.043,26.277],[91.753,26.206],[91.821,26.365],[91.771,26.433],[91.784,26.538],[91.704,26.812],[91.858,26.914],[92.046,26.848],[92.364,26.933]]]},"properties":{"name":"Darrang","state":"Assam","lat":26.577,"lon":92.061,"monitored":""}},{"type":"Feature","geometry":{"type":"Polygon","coordinates":[[[95.462,27.794],[95.249,27.66],[95.193,27.671],[95.206,27.713],[94.984,27.655],[94.692,27.423],[94.598,27.286],[94.509,27.348],[94.301,27.35],[94.247,27.393],[94.298,27.39],[94.308,27.434],[94.211,27.611],[94.252,27.641],[94.276,27.593],[94.431,27.603],[94.46,27.558],[94.861,27.739],[95.317,27.871],[95.384,27.842],[95.516,27.882],[95.462,27.794]]]},"properties":{"name":"Dhemaji","state":"Assam","lat":27.576,"lon":94.691,"monitored":""}},{"type":"Feature","geometry":{"type":"MultiPolygon","coordinates":[[[[90.329,26.409],[90.457,26.356],[90.472,26.269],[90.378,26.224],[90.373,26.179],[90.247,26.178],[90.153,26.082],[90.176,25.991],[90.015,25.889],[89.893,25.735],[90.017,25.602],[89.87,25.544],[89.885,25.63],[89.815,25.817],[89.89,25.94],[89.828,25.944],[89.875,25.976],[89.823,25.985],[89.813,26.042],[89.799,26.018],[89.792,26.018],[89.789,26.103],[89.695,26.189],[89.732,26.212],[89.697,26.217],[89.718,26.306],[89.985,26.346],[90.051,26.297],[90.224,26.386],[90.217,26.329],[90.278,26.32],[90.329,26.409]]],[[[89.871,25.537],[89.871,25.539],[89.875,25.542],[89.871,25.537]]],[[[89.858,25.535],[89.88,25.489],[89.86,25.473],[89.858,25.535]]]]},"properties":{"name":"Dhuburi","state":"Assam","lat":25.981,"lon":90.004,"monitored":""}},{"type":"Feature","geometry":{"type":"Polygon","coordinates":[[[95.276,27.687],[95.321,27.592],[95.221,27.463],[95.266,27.412],[95.474,27.37],[95.458,27.136],[95.373,27.102],[95.359,27.173],[95.289,27.203],[95.165,27.132],[94.989,27.151],[94.969,27.234],[94.836,27.099],[94.765,27.132],[94.744,27.279],[94.645,27.251],[94.59,27.153],[94.606,27.329],[94.881,27.578],[95.041,27.672],[95.276,27.687]]]},"properties":{"name":"Dibrugarh","state":"Assam","lat":27.391,"lon":95.022,"monitored":""}},{"type":"Feature","geometry":{"type":"Polygon","coordinates":[[[90.658,26.228],[90.718,26.132],[91.089,26.029],[91.029,25.888],[90.967,25.887],[90.943,25.948],[90.742,25.913],[90.747,25.957],[90.625,25.899],[90.582,25.96],[90.513,25.896],[90.534,25.958],[90.477,26.015],[90.12,25.958],[90.19,26.028],[90.153,26.082],[90.247,26.178],[90.454,26.146],[90.658,26.228]]]},"properties":{"name":"Goalpara","state":"Assam","lat":26.056,"lon":90.582,"monitored":""}},{"type":"Feature","geometry":{"type":"Polygon","coordinates":[[[93.963,26.93],[94.011,26.84],[93.975,26.769],[94.049,26.743],[94.096,26.649],[94.118,26.404],[94.18,26.354],[94.108,26.326],[94.005,26.173],[93.955,26.007],[93.979,25.92],[93.796,25.814],[93.77,25.967],[93.897,26.321],[93.885,26.398],[93.776,26.388],[93.802,26.414],[93.723,26.607],[93.622,26.568],[93.498,26.615],[93.465,26.572],[93.3,26.575],[93.287,26.638],[93.403,26.756],[93.672,26.716],[93.65,26.792],[93.825,26.829],[93.963,26.93]]]},"properties":{"name":"Golaghat","state":"Assam","lat":26.371,"lon":94.024,"monitored":""}},{"type":"Feature","geometry":{"type":"Polygon","coordinates":[[[92.781,24.572],[92.612,24.253],[92.551,24.246],[92.481,24.141],[92.437,24.151],[92.422,24.253],[92.507,24.44],[92.497,24.682],[92.582,24.875],[92.685,24.809],[92.67,24.594],[92.781,24.572]]]},"properties":{"name":"Hailakandi","state":"Assam","lat":24.506,"lon":92.625,"monitored":""}},{"type":"Feature","geometry":{"type":"Polygon","coordinates":[[[94.595,27.15],[94.401,26.962],[94.481,26.938],[94.515,26.78],[94.605,26.717],[94.465,26.668],[94.317,26.463],[94.282,26.564],[94.138,26.354],[94.117,26.56],[94.073,26.601],[94.098,26.645],[94.049,26.743],[93.975,26.769],[94.011,26.84],[93.963,26.93],[94.134,26.973],[94.266,27.096],[94.418,27.095],[94.562,27.186],[94.595,27.15]]]},"properties":{"name":"Jorhat","state":"Assam","lat":26.774,"lon":94.25,"monitored":""}},{"type":"Feature","geometry":{"type":"Polygon","coordinates":[[[91.953,26.255],[92.168,26.165],[92.178,26.08],[91.922,26.0],[91.819,26.119],[91.731,26.059],[91.669,25.905],[91.611,25.94],[91.632,26.022],[91.576,26.033],[91.475,25.871],[91.53,25.89],[91.525,25.873],[91.334,25.839],[91.224,25.723],[91.18,25.776],[91.196,25.859],[91.001,25.822],[91.097,26.01],[90.936,26.094],[91.233,26.183],[91.413,26.137],[91.412,26.261],[91.533,26.334],[91.558,26.521],[91.603,26.571],[91.613,26.487],[91.67,26.525],[91.701,26.797],[91.784,26.538],[91.771,26.433],[91.821,26.365],[91.747,26.212],[91.953,26.255]]]},"properties":{"name":"Kamrup","state":"Assam","lat":26.258,"lon":91.591,"monitored":""}},{"type":"Feature","geometry":{"type":"MultiPolygon","coordinates":[[[[93.252,26.571],[93.622,26.568],[93.723,26.607],[93.802,26.414],[93.776,26.388],[93.885,26.398],[93.897,26.321],[93.783,26.043],[93.807,25.987],[93.688,25.909],[93.705,25.849],[93.5,25.657],[93.323,25.533],[93.215,25.546],[93.133,25.687],[93.223,25.728],[93.251,25.811],[93.159,25.993],[93.095,26.035],[93.107,26.078],[92.933,26.144],[92.943,26.203],[92.802,26.204],[92.798,26.224],[92.849,26.307],[92.942,26.329],[92.904,26.402],[93.117,26.443],[93.127,26.5],[93.104,26.463],[93.066,26.48],[93.091,26.503],[93.011,26.485],[93.045,26.538],[93.188,26.57],[93.165,26.524],[93.294,26.505],[93.252,26.571]]],[[[92.529,26.145],[92.522,26.104],[92.598,26.078],[92.559,25.966],[92.751,26.063],[92.804,25.921],[92.858,25.924],[92.871,25.869],[92.986,25.878],[93.078,25.78],[92.931,25.81],[92.821,25.743],[92.746,25.6],[92.587,25.553],[92.385,25.754],[92.161,25.672],[92.153,25.813],[92.225,25.907],[92.16,25.915],[92.167,25.968],[92.386,26.142],[92.43,26.112],[92.529,26.145]]]]},"properties":{"name":"Karbi Anglong","state":"Assam","lat":25.841,"lon":92.598,"monitored":""}},{"type":"Feature","geometry":{"type":"Polygon","coordinates":[[[92.589,24.864],[92.497,24.682],[92.519,24.569],[92.464,24.301],[92.426,24.252],[92.213,24.249],[92.272,24.378],[92.234,24.562],[92.298,24.737],[92.245,24.91],[92.391,24.85],[92.589,24.864]]]},"properties":{"name":"Karimganj","state":"Assam","lat":24.625,"lon":92.383,"monitored":""}},{"type":"Feature","geometry":{"type":"Polygon","coordinates":[[[90.364,26.898],[90.615,26.795],[90.523,26.665],[90.572,26.532],[90.354,26.546],[90.377,26.486],[90.458,26.485],[90.444,26.346],[90.347,26.414],[90.278,26.32],[90.217,26.329],[90.224,26.386],[90.051,26.297],[89.985,26.346],[89.762,26.317],[89.857,26.384],[89.827,26.396],[89.869,26.448],[89.862,26.737],[90.146,26.755],[90.215,26.854],[90.312,26.851],[90.364,26.898]]]},"properties":{"name":"Kokrajhar","state":"Assam","lat":26.606,"lon":90.205,"monitored":""}},{"type":"Feature","geometry":{"type":"Polygon","coordinates":[[[94.26,27.523],[94.308,27.434],[94.262,27.374],[94.561,27.326],[94.598,27.286],[94.579,27.197],[94.418,27.095],[94.266,27.096],[94.134,26.973],[94.053,26.983],[93.789,26.834],[93.706,27.008],[93.835,27.075],[93.809,27.152],[94.157,27.478],[94.26,27.523]]]},"properties":{"name":"Lakhimpur","state":"Assam","lat":27.174,"lon":94.188,"monitored":""}},{"type":"Feature","geometry":{"type":"Polygon","coordinates":[[[92.414,26.517],[92.452,26.385],[92.565,26.361],[92.54,26.296],[92.451,26.264],[92.427,26.153],[92.312,26.076],[92.18,26.069],[92.168,26.165],[91.957,26.233],[92.163,26.418],[92.414,26.517]]]},"properties":{"name":"Marigaon","state":"Assam","lat":26.28,"lon":92.252,"monitored":""}},{"type":"Feature","geometry":{"type":"Polygon","coordinates":[[[93.303,26.581],[93.238,26.554],[93.278,26.545],[93.271,26.53],[93.294,26.52],[93.294,26.505],[93.165,26.524],[93.188,26.57],[93.045,26.538],[93.011,26.485],[93.091,26.503],[93.066,26.48],[93.104,26.463],[93.127,26.5],[93.117,26.443],[92.904,26.402],[92.942,26.329],[92.849,26.307],[92.796,26.209],[92.943,26.203],[92.936,26.141],[93.107,26.078],[93.095,26.035],[93.245,25.84],[93.223,25.728],[93.145,25.716],[92.986,25.878],[92.871,25.869],[92.858,25.924],[92.77,25.955],[92.751,26.063],[92.572,25.963],[92.574,26.116],[92.522,26.104],[92.521,26.152],[92.404,26.12],[92.451,26.264],[92.54,26.296],[92.567,26.381],[92.452,26.385],[92.414,26.517],[92.754,26.514],[92.772,26.558],[92.952,26.621],[93.114,26.577],[93.297,26.701],[93.303,26.581]]]},"properties":{"name":"Nagaon","state":"Assam","lat":26.206,"lon":92.651,"monitored":""}},{"type":"Feature","geometry":{"type":"Polygon","coordinates":[[[91.704,26.812],[91.67,26.525],[91.613,26.487],[91.603,26.571],[91.558,26.521],[91.533,26.334],[91.412,26.261],[91.413,26.137],[91.229,26.178],[91.215,26.269],[91.279,26.371],[91.232,26.44],[91.293,26.57],[91.237,26.617],[91.295,26.785],[91.408,26.836],[91.493,26.79],[91.704,26.812]]]},"properties":{"name":"Nalbari","state":"Assam","lat":26.464,"lon":91.397,"monitored":""}},{"type":"Feature","geometry":{"type":"Polygon","coordinates":[[[93.108,25.777],[93.213,25.547],[93.352,25.538],[93.478,25.38],[93.474,25.309],[93.389,25.246],[93.253,24.975],[93.063,25.005],[93.018,25.064],[93.044,25.106],[92.841,25.056],[92.733,25.145],[92.726,25.115],[92.543,25.1],[92.525,25.14],[92.622,25.118],[92.804,25.219],[92.765,25.249],[92.784,25.333],[92.567,25.467],[92.661,25.582],[92.75,25.603],[92.821,25.743],[92.962,25.82],[93.108,25.777]]]},"properties":{"name":"North Cachar Hills","state":"Assam","lat":25.424,"lon":93.041,"monitored":""}},{"type":"Feature","geometry":{"type":"Polygon","coordinates":[[[95.371,27.111],[95.021,26.925],[94.894,26.937],[94.802,26.806],[94.628,26.719],[94.515,26.78],[94.481,26.938],[94.401,26.956],[94.698,27.275],[94.778,27.243],[94.757,27.156],[94.813,27.104],[94.969,27.234],[94.989,27.151],[95.165,27.132],[95.289,27.203],[95.359,27.173],[95.371,27.111]]]},"properties":{"name":"Sibsagar","state":"Assam","lat":27.03,"lon":94.844,"monitored":""}},{"type":"Feature","geometry":{"type":"Polygon","coordinates":[[[93.698,26.995],[93.789,26.861],[93.745,26.804],[93.65,26.792],[93.672,26.716],[93.403,26.756],[93.114,26.577],[92.952,26.621],[92.772,26.558],[92.754,26.514],[92.326,26.511],[92.383,26.536],[92.322,26.616],[92.359,26.926],[92.585,26.962],[92.659,27.039],[92.872,27.008],[93.019,26.917],[93.348,26.963],[93.489,26.939],[93.698,26.995]]]},"properties":{"name":"Sonitpur","state":"Assam","lat":26.774,"lon":92.998,"monitored":""}},{"type":"Feature","geometry":{"type":"Polygon","coordinates":[[[95.977,27.969],[95.758,27.731],[95.787,27.623],[95.881,27.553],[95.849,27.43],[95.978,27.435],[96.021,27.371],[95.898,27.264],[95.806,27.292],[95.458,27.238],[95.474,27.37],[95.266,27.412],[95.221,27.463],[95.321,27.592],[95.276,27.687],[95.443,27.763],[95.571,27.942],[95.977,27.969]]]},"properties":{"name":"Tinsukia","state":"Assam","lat":27.608,"lon":95.561,"monitored":""}},{"type":"Feature","geometry":{"type":"Polygon","coordinates":[[[87.094,26.45],[87.343,26.348],[87.371,26.408],[87.469,26.44],[87.646,26.393],[87.599,26.351],[87.689,26.198],[87.665,26.083],[87.511,25.971],[87.075,25.961],[87.104,26.097],[87.053,26.109],[87.105,26.185],[87.032,26.32],[87.068,26.377],[87.047,26.587],[87.094,26.45]]]},"properties":{"name":"Araria","state":"Bihar","lat":26.259,"lon":87.359,"monitored":""}},{"type":"Feature","geometry":{"type":"Polygon","coordinates":[[[84.731,25.058],[84.697,25.047],[84.746,25.015],[84.709,24.92],[84.633,24.878],[84.726,24.796],[84.715,24.701],[84.596,24.657],[84.539,24.528],[84.397,24.573],[84.322,24.49],[84.293,24.566],[84.257,24.531],[84.2,24.557],[84.11,24.481],[83.992,24.638],[84.44,25.13],[84.47,25.091],[84.562,25.12],[84.585,25.074],[84.679,25.104],[84.731,25.058]]]},"properties":{"name":"Aurangabad","state":"Bihar","lat":24.837,"lon":84.426,"monitored":""}},{"type":"Feature","geometry":{"type":"Polygon","coordinates":[[[87.174,25.058],[87.151,24.858],[87.079,24.822],[87.05,24.607],[86.93,24.643],[86.911,24.539],[86.8,24.565],[86.777,24.62],[86.646,24.567],[86.54,24.772],[86.489,24.758],[86.53,24.858],[86.487,24.971],[86.637,24.974],[86.687,25.118],[87.056,25.105],[87.174,25.058]]]},"properties":{"name":"Banka","state":"Bihar","lat":24.84,"lon":86.818,"monitored":""}},{"type":"Feature","geometry":{"type":"Polygon","coordinates":[[[86.187,25.663],[86.288,25.638],[86.289,25.632],[86.274,25.597],[86.289,25.527],[86.35,25.475],[86.419,25.5],[86.509,25.415],[86.199,25.25],[86.072,25.31],[86.045,25.391],[86.012,25.358],[85.88,25.423],[85.879,25.502],[85.797,25.547],[85.728,25.527],[85.768,25.589],[85.836,25.577],[85.864,25.666],[86.012,25.592],[86.008,25.72],[86.13,25.736],[86.101,25.776],[86.187,25.663]]]},"properties":{"name":"Begusarai","state":"Bihar","lat":25.515,"lon":86.08,"monitored":""}},{"type":"Feature","geometry":{"type":"Polygon","coordinates":[[[83.762,25.388],[83.892,25.265],[83.801,25.215],[83.813,24.991],[83.712,24.837],[83.778,24.76],[83.723,24.656],[83.741,24.578],[83.526,24.543],[83.513,24.683],[83.387,24.784],[83.354,24.871],[83.336,25.184],[83.695,25.396],[83.762,25.388]]]},"properties":{"name":"Bhabua","state":"Bihar","lat":24.931,"lon":83.562,"monitored":""}},{"type":"Feature","geometry":{"type":"Polygon","coordinates":[[[87.096,25.514],[87.105,25.433],[87.225,25.451],[87.199,25.415],[87.261,25.351],[87.362,25.423],[87.525,25.355],[87.54,25.282],[87.482,25.295],[87.468,25.193],[87.323,25.223],[87.291,25.089],[87.174,25.058],[87.056,25.105],[86.675,25.122],[86.729,25.184],[86.633,25.238],[86.76,25.268],[86.85,25.363],[86.82,25.456],[86.919,25.494],[87.067,25.469],[87.096,25.514]]]},"properties":{"name":"Bhagalpur","state":"Bihar","lat":25.288,"lon":87.13,"monitored":""}},{"type":"Feature","geometry":{"type":"Polygon","coordinates":[[[84.846,25.697],[84.752,25.512],[84.756,25.417],[84.634,25.247],[84.458,25.162],[84.313,25.217],[84.328,25.299],[84.267,25.361],[84.354,25.466],[84.321,25.657],[84.381,25.734],[84.488,25.678],[84.596,25.739],[84.846,25.697]]]},"properties":{"name":"Bhojpur","state":"Bihar","lat":25.441,"lon":84.544,"monitored":""}},{"type":"Feature","geometry":{"type":"Polygon","coordinates":[[[83.921,25.562],[84.077,25.638],[84.094,25.72],[84.286,25.662],[84.331,25.745],[84.389,25.744],[84.321,25.657],[84.354,25.466],[84.26,25.354],[84.038,25.376],[84.05,25.299],[84.008,25.263],[83.772,25.369],[83.921,25.562]]]},"properties":{"name":"Buxar","state":"Bihar","lat":25.514,"lon":84.115,"monitored":""}},{"type":"Feature","geometry":{"type":"Polygon","coordinates":[[[85.706,26.449],[85.826,26.392],[85.828,26.284],[86.01,26.303],[86.018,26.2],[86.233,26.233],[86.319,26.154],[86.4,25.931],[86.304,25.867],[86.26,25.908],[86.155,25.88],[85.912,25.956],[85.838,26.037],[85.722,26.038],[85.746,26.145],[85.688,26.259],[85.723,26.345],[85.665,26.355],[85.709,26.36],[85.706,26.449]]]},"properties":{"name":"Darbhanga","state":"Bihar","lat":26.177,"lon":86.012,"monitored":""}},{"type":"Feature","geometry":{"type":"Polygon","coordinates":[[[85.197,25.054],[85.383,24.991],[85.376,24.898],[85.263,24.75],[85.326,24.712],[85.289,24.672],[85.311,24.562],[85.383,24.533],[85.153,24.464],[85.169,24.429],[85.089,24.379],[85.076,24.44],[84.948,24.372],[84.894,24.375],[84.88,24.463],[84.834,24.453],[84.795,24.529],[84.658,24.394],[84.522,24.376],[84.494,24.287],[84.293,24.451],[84.397,24.573],[84.539,24.528],[84.596,24.657],[84.715,24.701],[84.726,24.796],[84.633,24.878],[84.73,24.96],[84.746,25.015],[84.697,25.047],[84.88,25.068],[84.931,24.981],[85.197,25.054]]]},"properties":{"name":"Gaya","state":"Bihar","lat":24.687,"lon":84.989,"monitored":""}},{"type":"Feature","geometry":{"type":"Polygon","coordinates":[[[84.272,26.599],[84.424,26.617],[84.407,26.585],[84.45,26.633],[84.58,26.441],[84.652,26.465],[84.902,26.226],[84.747,26.214],[84.648,26.306],[84.548,26.299],[84.427,26.376],[84.357,26.37],[84.357,26.302],[84.27,26.308],[84.011,26.448],[83.902,26.45],[83.902,26.518],[84.048,26.543],[84.082,26.643],[84.272,26.599]]]},"properties":{"name":"Gopalganj","state":"Bihar","lat":26.409,"lon":84.398,"monitored":""}},{"type":"Feature","geometry":{"type":"Polygon","coordinates":[[[85.831,24.985],[86.126,25.001],[86.139,25.049],[86.229,24.99],[86.235,25.056],[86.412,25.137],[86.378,25.059],[86.499,24.985],[86.481,24.907],[86.529,24.863],[86.489,24.758],[86.54,24.772],[86.611,24.654],[86.462,24.377],[86.279,24.462],[86.323,24.584],[86.133,24.604],[86.124,24.705],[86.037,24.744],[86.025,24.821],[85.891,24.868],[85.868,24.934],[85.821,24.918],[85.857,24.946],[85.831,24.985]]]},"properties":{"name":"Jamui","state":"Bihar","lat":24.751,"lon":86.294,"monitored":""}},{"type":"Feature","geometry":{"type":"Polygon","coordinates":[[[84.899,25.29],[84.998,25.322],[85.018,25.268],[85.114,25.273],[85.125,25.317],[85.174,25.31],[85.212,25.263],[85.158,25.237],[85.161,25.103],[85.208,25.061],[84.931,24.981],[84.88,25.068],[84.748,25.054],[84.649,25.107],[84.585,25.074],[84.562,25.12],[84.47,25.091],[84.44,25.13],[84.697,25.316],[84.682,25.257],[84.78,25.254],[84.721,25.203],[84.86,25.217],[84.899,25.29]]]},"properties":{"name":"Jehanabad","state":"Bihar","lat":25.166,"lon":84.825,"monitored":""}},{"type":"Feature","geometry":{"type":"Polygon","coordinates":[[[88.032,25.696],[88.021,25.587],[88.07,25.481],[87.926,25.536],[87.76,25.41],[87.855,25.29],[87.837,25.199],[87.684,25.31],[87.44,25.361],[87.362,25.423],[87.261,25.351],[87.199,25.415],[87.203,25.506],[87.265,25.565],[87.255,25.717],[87.568,25.656],[87.55,25.684],[87.679,25.698],[87.706,25.762],[87.785,25.747],[87.818,25.881],[87.911,25.852],[87.898,25.77],[88.032,25.696]]]},"properties":{"name":"Katihar","state":"Bihar","lat":25.551,"lon":87.644,"monitored":""}},{"type":"Feature","geometry":{"type":"Polygon","coordinates":[[[86.41,25.729],[86.505,25.611],[86.59,25.596],[86.715,25.664],[86.834,25.619],[86.805,25.471],[86.854,25.367],[86.774,25.276],[86.646,25.272],[86.636,25.398],[86.566,25.494],[86.495,25.424],[86.419,25.5],[86.35,25.475],[86.289,25.527],[86.285,25.654],[86.41,25.729]]]},"properties":{"name":"Khagaria","state":"Bihar","lat":25.514,"lon":86.559,"monitored":""}},{"type":"Feature","geometry":{"type":"MultiPolygon","coordinates":[[[[88.231,26.552],[88.179,26.491],[88.292,26.354],[88.07,26.176],[87.964,26.152],[87.968,26.081],[87.842,26.044],[87.818,25.933],[87.805,25.973],[87.859,26.114],[87.671,26.111],[87.689,26.198],[87.599,26.351],[87.68,26.435],[87.756,26.408],[87.789,26.468],[87.851,26.436],[87.891,26.486],[88.033,26.365],[88.097,26.437],[88.106,26.536],[88.231,26.552]]],[[[88.101,26.536],[88.106,26.536],[88.102,26.534],[88.101,26.536]]]]},"properties":{"name":"Kishanganj","state":"Bihar","lat":26.274,"lon":87.918,"monitored":""}},{"type":"Feature","geometry":{"type":"Polygon","coordinates":[[[86.057,25.334],[86.193,25.25],[86.344,25.309],[86.425,25.205],[86.415,25.139],[86.235,25.056],[86.229,24.99],[86.139,25.049],[86.126,25.001],[85.881,25.002],[85.959,25.166],[85.9,25.299],[86.022,25.293],[86.057,25.334]]]},"properties":{"name":"Lakhisarai","state":"Bihar","lat":25.153,"lon":86.185,"monitored":""}},{"type":"Feature","geometry":{"type":"Polygon","coordinates":[[[86.725,26.12],[87.109,26.048],[87.075,25.961],[86.984,25.942],[87.034,25.845],[87.004,25.744],[87.05,25.527],[87.095,25.52],[87.067,25.469],[86.919,25.494],[86.85,25.454],[86.806,25.457],[86.847,25.578],[86.798,25.653],[86.857,25.676],[86.864,25.818],[86.834,25.872],[86.706,25.867],[86.602,25.99],[86.725,26.12]]]},"properties":{"name":"Madhepura","state":"Bihar","lat":25.781,"lon":86.938,"monitored":""}},{"type":"Feature","geometry":{"type":"Polygon","coordinates":[[[85.978,26.658],[86.22,26.588],[86.347,26.616],[86.717,26.432],[86.687,26.373],[86.518,26.307],[86.501,26.226],[86.391,26.21],[86.406,26.166],[86.521,26.155],[86.392,26.045],[86.233,26.233],[86.034,26.196],[85.98,26.326],[85.873,26.278],[85.805,26.298],[85.83,26.383],[85.751,26.405],[85.744,26.472],[85.806,26.472],[85.752,26.499],[85.819,26.538],[85.81,26.604],[85.861,26.569],[85.978,26.658]]]},"properties":{"name":"Madhubani","state":"Bihar","lat":26.35,"lon":86.223,"monitored":""}},{"type":"Feature","geometry":{"type":"Polygon","coordinates":[[[86.299,25.303],[86.566,25.494],[86.636,25.398],[86.646,25.272],[86.725,25.254],[86.633,25.238],[86.729,25.184],[86.673,25.13],[86.661,25.01],[86.58,24.945],[86.378,25.059],[86.425,25.205],[86.344,25.309],[86.299,25.303]]]},"properties":{"name":"Munger","state":"Bihar","lat":25.221,"lon":86.537,"monitored":""}},{"type":"Feature","geometry":{"type":"Polygon","coordinates":[[[85.572,26.395],[85.708,26.292],[85.692,26.227],[85.746,26.145],[85.617,26.003],[85.626,25.924],[85.285,25.943],[85.262,26.015],[85.071,25.97],[84.932,26.018],[84.943,26.106],[84.868,26.257],[84.897,26.323],[85.172,26.342],[85.196,26.287],[85.254,26.299],[85.236,26.372],[85.364,26.343],[85.432,26.272],[85.499,26.382],[85.572,26.395]]]},"properties":{"name":"Muzaffarpur","state":"Bihar","lat":26.186,"lon":85.311,"monitored":""}},{"type":"Feature","geometry":{"type":"Polygon","coordinates":[[[85.422,25.456],[85.571,25.425],[85.636,25.316],[85.714,25.365],[85.804,25.292],[85.898,25.294],[85.918,25.244],[85.78,25.218],[85.785,25.251],[85.695,25.27],[85.721,25.198],[85.68,25.136],[85.599,25.129],[85.654,25.066],[85.552,25.034],[85.559,24.987],[85.53,25.014],[85.389,24.966],[85.353,25.02],[85.244,25.009],[85.161,25.103],[85.158,25.237],[85.212,25.263],[85.17,25.273],[85.176,25.393],[85.356,25.401],[85.422,25.456]]]},"properties":{"name":"Nalanda","state":"Bihar","lat":25.208,"lon":85.438,"monitored":""}},{"type":"Feature","geometry":{"type":"Polygon","coordinates":[[[85.634,25.099],[85.766,25.097],[85.748,24.994],[85.829,24.994],[85.857,24.946],[85.821,24.918],[85.877,24.929],[85.891,24.868],[85.971,24.864],[86.051,24.78],[85.95,24.732],[85.878,24.8],[85.737,24.823],[85.65,24.687],[85.665,24.582],[85.577,24.603],[85.518,24.525],[85.311,24.562],[85.289,24.672],[85.326,24.712],[85.263,24.75],[85.33,24.883],[85.403,24.975],[85.559,24.987],[85.552,25.034],[85.654,25.066],[85.634,25.099]]]},"properties":{"name":"Nawada","state":"Bihar","lat":24.811,"lon":85.512,"monitored":""}},{"type":"Feature","geometry":{"type":"Polygon","coordinates":[[[84.12,27.514],[84.256,27.452],[84.296,27.384],[84.622,27.338],[84.692,27.222],[84.645,27.047],[84.754,27.005],[84.672,26.917],[84.736,26.813],[84.695,26.718],[84.596,26.695],[84.518,26.603],[84.45,26.633],[84.407,26.585],[84.402,26.671],[84.326,26.684],[84.298,26.753],[84.242,26.731],[84.241,26.862],[84.169,26.835],[84.141,26.888],[84.052,26.892],[84.041,27.045],[83.991,27.069],[84.021,27.095],[83.939,27.093],[83.985,27.182],[83.898,27.259],[83.924,27.316],[83.829,27.323],[83.906,27.376],[83.87,27.429],[84.029,27.434],[84.12,27.514]]]},"properties":{"name":"Pashchim Champaran","state":"Bihar","lat":27.058,"lon":84.33,"monitored":""}},{"type":"Feature","geometry":{"type":"Polygon","coordinates":[[[84.999,25.733],[85.311,25.514],[85.632,25.464],[85.634,25.503],[85.675,25.48],[85.797,25.547],[85.879,25.502],[85.88,25.423],[86.012,25.358],[86.045,25.391],[86.06,25.337],[86.022,25.293],[85.925,25.324],[85.874,25.28],[85.709,25.365],[85.646,25.313],[85.571,25.425],[85.399,25.462],[85.356,25.401],[85.181,25.403],[85.174,25.31],[85.125,25.317],[85.114,25.273],[85.018,25.268],[84.986,25.321],[84.93,25.269],[84.899,25.29],[84.86,25.217],[84.721,25.203],[84.78,25.254],[84.679,25.267],[84.817,25.672],[84.999,25.733]]]},"properties":{"name":"Patna","state":"Bihar","lat":25.472,"lon":85.165,"monitored":""}},{"type":"Feature","geometry":{"type":"Polygon","coordinates":[[[84.832,27.019],[85.062,26.887],[85.024,26.855],[85.198,26.867],[85.182,26.798],[85.259,26.759],[85.231,26.669],[85.27,26.63],[85.173,26.49],[85.28,26.397],[85.275,26.351],[85.214,26.366],[85.267,26.336],[85.254,26.299],[85.053,26.344],[84.897,26.323],[84.863,26.257],[84.704,26.429],[84.647,26.467],[84.58,26.441],[84.504,26.536],[84.483,26.605],[84.715,26.745],[84.736,26.819],[84.672,26.917],[84.766,27.013],[84.832,27.019]]]},"properties":{"name":"Purba Champaran","state":"Bihar","lat":26.65,"lon":84.904,"monitored":""}},{"type":"Feature","geometry":{"type":"Polygon","coordinates":[[[87.671,26.111],[87.859,26.114],[87.789,25.842],[87.822,25.786],[87.774,25.743],[87.706,25.762],[87.659,25.685],[87.55,25.684],[87.568,25.656],[87.255,25.717],[87.225,25.451],[87.084,25.441],[87.095,25.52],[87.05,25.527],[87.004,25.744],[87.027,25.889],[86.984,25.942],[87.511,25.971],[87.671,26.111]]]},"properties":{"name":"Purnia","state":"Bihar","lat":25.774,"lon":87.409,"monitored":""}},{"type":"Feature","geometry":{"type":"Polygon","coordinates":[[[84.267,25.361],[84.328,25.299],[84.313,25.217],[84.458,25.162],[84.082,24.771],[83.958,24.576],[83.717,24.505],[83.498,24.527],[83.741,24.578],[83.723,24.656],[83.778,24.76],[83.712,24.837],[83.813,24.991],[83.827,25.245],[83.902,25.298],[84.028,25.269],[84.038,25.376],[84.267,25.361]]]},"properties":{"name":"Rohtas","state":"Bihar","lat":24.914,"lon":83.991,"monitored":""}},{"type":"Feature","geometry":{"type":"Polygon","coordinates":[[[86.366,26.037],[86.498,26.065],[86.509,25.999],[86.628,26.029],[86.611,25.944],[86.683,25.937],[86.706,25.867],[86.834,25.872],[86.857,25.676],[86.773,25.623],[86.715,25.664],[86.59,25.596],[86.489,25.621],[86.398,25.735],[86.407,25.797],[86.304,25.867],[86.4,25.931],[86.366,26.037]]]},"properties":{"name":"Saharsa","state":"Bihar","lat":25.832,"lon":86.597,"monitored":""}},{"type":"Feature","geometry":{"type":"Polygon","coordinates":[[[85.707,26.091],[85.722,26.038],[85.838,26.037],[85.912,25.956],[86.032,25.948],[86.085,25.897],[86.292,25.902],[86.407,25.797],[86.407,25.722],[86.274,25.629],[86.187,25.663],[86.144,25.766],[86.101,25.776],[86.13,25.736],[86.008,25.72],[86.012,25.592],[85.864,25.666],[85.836,25.577],[85.765,25.587],[85.675,25.48],[85.532,25.49],[85.527,25.602],[85.622,25.77],[85.617,26.003],[85.707,26.091]]]},"properties":{"name":"Samastipur","state":"Bihar","lat":25.786,"lon":86.014,"monitored":""}},{"type":"Feature","geometry":{"type":"Polygon","coordinates":[[[84.89,26.217],[84.932,26.018],[85.052,25.989],[85.159,25.834],[85.187,25.625],[85.023,25.733],[84.8,25.686],[84.623,25.707],[84.591,25.728],[84.631,25.728],[84.62,25.794],[84.451,25.89],[84.408,26.034],[84.699,26.084],[84.755,26.213],[84.89,26.217]]]},"properties":{"name":"Saran","state":"Bihar","lat":25.94,"lon":84.761,"monitored":""}},{"type":"Feature","geometry":{"type":"Polygon","coordinates":[[[85.918,25.244],[85.946,25.072],[85.872,24.99],[85.748,24.994],[85.752,25.108],[85.597,25.108],[85.721,25.198],[85.695,25.27],[85.785,25.251],[85.78,25.218],[85.918,25.244]]]},"properties":{"name":"Sheikhpura","state":"Bihar","lat":25.153,"lon":85.796,"monitored":""}},{"type":"Feature","geometry":{"type":"Polygon","coordinates":[[[85.275,26.351],[85.28,26.397],[85.173,26.49],[85.216,26.505],[85.26,26.644],[85.33,26.647],[85.369,26.538],[85.443,26.54],[85.469,26.491],[85.369,26.327],[85.275,26.351]]]},"properties":{"name":"Sheohar","state":"Bihar","lat":26.444,"lon":85.333,"monitored":""}},{"type":"Feature","geometry":{"type":"MultiPolygon","coordinates":[[[[87.306,27.843],[87.307,27.837],[87.306,27.843],[87.306,27.843]]],[[[87.251,27.843],[87.252,27.843],[87.251,27.843],[87.251,27.843]]],[[[87.263,27.851],[87.267,27.85],[87.266,27.849],[87.263,27.851]]],[[[85.578,26.861],[85.737,26.796],[85.735,26.654],[85.818,26.604],[85.819,26.538],[85.752,26.499],[85.806,26.472],[85.682,26.415],[85.71,26.363],[85.665,26.355],[85.723,26.345],[85.716,26.31],[85.624,26.319],[85.572,26.395],[85.499,26.382],[85.404,26.272],[85.381,26.372],[85.448,26.402],[85.423,26.45],[85.466,26.5],[85.369,26.538],[85.351,26.636],[85.231,26.669],[85.249,26.758],[85.336,26.741],[85.578,26.861]]]]},"properties":{"name":"Sitamarhi","state":"Bihar","lat":26.571,"lon":85.591,"monitored":""}},{"type":"Feature","geometry":{"type":"Polygon","coordinates":[[[84.755,26.213],[84.699,26.084],[84.408,26.034],[84.444,25.89],[84.351,25.959],[84.166,25.992],[84.002,26.19],[84.012,26.241],[84.159,26.246],[84.171,26.374],[84.348,26.3],[84.357,26.37],[84.45,26.371],[84.548,26.299],[84.648,26.306],[84.755,26.213]]]},"properties":{"name":"Siwan","state":"Bihar","lat":26.137,"lon":84.384,"monitored":""}},{"type":"Feature","geometry":{"type":"Polygon","coordinates":[[[87.036,26.557],[87.068,26.377],[87.032,26.32],[87.105,26.185],[87.053,26.109],[87.104,26.097],[87.086,26.055],[86.732,26.12],[86.672,26.026],[86.545,26.035],[86.509,25.999],[86.498,26.065],[86.42,26.078],[86.521,26.155],[86.406,26.166],[86.391,26.21],[86.501,26.226],[86.518,26.307],[86.687,26.373],[86.713,26.436],[86.845,26.44],[87.036,26.557]]]},"properties":{"name":"Supaul","state":"Bihar","lat":26.267,"lon":86.785,"monitored":""}},{"type":"Feature","geometry":{"type":"Polygon","coordinates":[[[85.061,25.973],[85.262,26.015],[85.285,25.943],[85.626,25.924],[85.622,25.77],[85.532,25.618],[85.531,25.506],[85.304,25.516],[85.187,25.625],[85.159,25.834],[85.061,25.973]]]},"properties":{"name":"Vaishali","state":"Bihar","lat":25.698,"lon":85.378,"monitored":""}},{"type":"Feature","geometry":{"type":"Polygon","coordinates":[[[76.82,30.686],[76.726,30.696],[76.691,30.76],[76.798,30.785],[76.82,30.686]]]},"properties":{"name":"Chandigarh","state":"Chandigarh","lat":30.728,"lon":76.759,"monitored":""}},{"type":"Feature","geometry":{"type":"Polygon","coordinates":[[[81.612,20.154],[81.841,20.159],[81.85,19.908],[82.06,19.783],[82.022,19.502],[82.092,19.51],[82.119,19.424],[82.183,19.418],[82.141,19.362],[82.183,19.32],[82.16,19.126],[82.212,19.091],[82.24,18.91],[82.173,18.895],[82.159,18.788],[82.079,18.712],[81.957,18.683],[81.947,18.629],[81.893,18.654],[81.741,18.595],[81.642,18.608],[81.758,18.664],[81.748,18.805],[81.642,18.796],[81.459,18.939],[81.463,18.999],[81.522,19.032],[81.487,19.131],[81.402,19.171],[81.331,19.137],[81.148,19.292],[81.134,19.251],[80.962,19.221],[80.957,19.305],[80.836,19.332],[80.788,19.427],[80.886,19.457],[80.879,19.519],[80.656,19.617],[80.711,19.776],[80.815,19.811],[80.772,19.834],[80.715,19.793],[80.715,19.828],[80.846,19.946],[81.036,19.938],[81.003,19.786],[81.081,19.722],[81.366,19.741],[81.396,19.872],[81.286,20.013],[81.382,20.042],[81.414,20.152],[81.578,20.191],[81.612,20.154]]]},"properties":{"name":"Bastar","state":"Chhattisgarh","lat":19.39,"lon":81.484,"monitored":""}},{"type":"Feature","geometry":{"type":"MultiPolygon","coordinates":[[[[82.999,22.255],[82.982,22.233],[82.979,22.239],[82.999,22.255]]],[[[82.135,23.085],[82.208,22.942],[82.132,22.852],[82.145,22.744],[82.171,22.665],[82.237,22.656],[82.228,22.592],[82.149,22.542],[82.177,22.411],[82.133,22.33],[82.261,22.334],[82.286,22.285],[82.349,22.324],[82.468,22.187],[82.329,22.102],[82.302,21.903],[82.378,21.757],[82.434,21.738],[82.395,21.711],[82.199,21.759],[82.178,21.842],[82.037,21.882],[81.935,21.814],[81.889,21.89],[81.815,21.882],[81.799,21.944],[81.661,21.961],[81.578,22.024],[81.578,21.984],[81.512,21.991],[81.494,22.029],[81.546,22.256],[81.515,22.314],[81.557,22.344],[81.482,22.419],[81.492,22.517],[81.616,22.539],[81.723,22.676],[81.749,22.646],[81.769,22.874],[81.94,22.957],[81.938,23.078],[82.067,23.117],[82.135,23.085]]]]},"properties":{"name":"Bilaspur","state":"Chhattisgarh","lat":22.415,"lon":81.831,"monitored":""}},{"type":"Feature","geometry":{"type":"Polygon","coordinates":[[[80.61,19.307],[80.749,19.287],[80.826,19.348],[80.953,19.31],[80.962,19.221],[81.134,19.251],[81.148,19.292],[81.331,19.137],[81.402,19.171],[81.487,19.131],[81.522,19.032],[81.463,18.999],[81.459,18.939],[81.547,18.905],[81.612,18.813],[81.704,18.83],[81.769,18.761],[81.754,18.658],[81.651,18.646],[81.643,18.605],[81.78,18.6],[81.885,18.65],[81.955,18.587],[81.762,18.411],[81.745,18.345],[81.528,18.259],[81.477,17.97],[81.437,17.876],[81.394,17.885],[81.384,17.803],[81.16,17.853],[81.032,17.79],[80.944,18.081],[80.974,18.168],[80.862,18.133],[80.83,18.234],[80.798,18.166],[80.735,18.172],[80.788,18.254],[80.633,18.519],[80.483,18.628],[80.339,18.588],[80.241,18.749],[80.348,18.816],[80.268,18.987],[80.383,19.239],[80.568,19.401],[80.61,19.307]]]},"properties":{"name":"Dantewada","state":"Chhattisgarh","lat":18.594,"lon":81.238,"monitored":""}},{"type":"Feature","geometry":{"type":"Polygon","coordinates":[[[81.607,21.024],[81.745,21.008],[81.831,20.937],[81.871,20.96],[81.92,20.746],[82.007,20.669],[82.077,20.326],[82.167,20.255],[82.129,20.143],[82.01,20.045],[81.941,20.102],[81.868,20.051],[81.77,20.229],[81.79,20.326],[81.73,20.479],[81.406,20.525],[81.439,20.587],[81.51,20.587],[81.468,20.592],[81.507,20.61],[81.476,20.771],[81.513,20.822],[81.469,20.868],[81.606,20.96],[81.607,21.024]]]},"properties":{"name":"Dhamtari","state":"Chhattisgarh","lat":20.556,"lon":81.726,"monitored":""}},{"type":"Feature","geometry":{"type":"Polygon","coordinates":[[[81.578,22.024],[81.799,21.944],[81.815,21.882],[81.889,21.89],[81.935,21.814],[81.842,21.757],[81.695,21.758],[81.716,21.693],[81.653,21.655],[81.693,21.61],[81.625,21.505],[81.632,21.403],[81.528,21.301],[81.618,21.16],[81.571,21.093],[81.617,20.987],[81.469,20.868],[81.513,20.822],[81.476,20.771],[81.507,20.61],[81.468,20.592],[81.51,20.587],[81.378,20.53],[81.314,20.552],[81.146,20.375],[80.993,20.456],[80.948,20.434],[80.982,20.608],[80.798,20.718],[80.877,20.802],[80.925,20.775],[80.973,20.811],[80.944,21.0],[81.087,20.994],[81.154,21.1],[81.199,21.101],[81.192,21.218],[81.145,21.212],[81.192,21.333],[81.151,21.496],[81.189,21.513],[81.134,21.549],[81.185,21.63],[81.169,21.703],[81.335,21.767],[81.319,21.826],[81.397,21.834],[81.464,22.015],[81.578,21.984],[81.578,22.024]]]},"properties":{"name":"Durg","state":"Chhattisgarh","lat":21.186,"lon":81.398,"monitored":""}},{"type":"Feature","geometry":{"type":"Polygon","coordinates":[[[82.607,22.255],[82.629,22.122],[82.72,22.037],[82.755,22.118],[82.857,22.169],[83.008,22.072],[83.043,22.001],[82.998,21.964],[83.195,21.915],[83.177,21.843],[83.312,21.678],[83.021,21.735],[82.859,21.686],[82.378,21.757],[82.302,21.903],[82.329,22.102],[82.42,22.136],[82.489,22.246],[82.538,22.207],[82.607,22.255]]]},"properties":{"name":"Janjgir-Champa","state":"Chhattisgarh","lat":21.982,"lon":82.667,"monitored":""}},{"type":"Feature","geometry":{"type":"Polygon","coordinates":[[[83.847,23.221],[83.924,23.146],[84.014,23.187],[84.129,23.082],[84.148,22.964],[84.19,23.024],[84.217,22.976],[84.371,22.975],[84.39,22.924],[84.225,22.735],[84.221,22.669],[84.005,22.57],[83.976,22.502],[84.042,22.464],[84.004,22.368],[83.798,22.289],[83.734,22.376],[83.578,22.454],[83.582,22.539],[83.487,22.492],[83.396,22.556],[83.387,22.622],[83.554,22.699],[83.676,22.634],[83.627,22.706],[83.641,22.821],[83.508,22.942],[83.544,23.029],[83.495,23.067],[83.619,23.216],[83.847,23.221]]]},"properties":{"name":"Jashpur","state":"Chhattisgarh","lat":22.778,"lon":83.949,"monitored":""}},{"type":"Feature","geometry":{"type":"Polygon","coordinates":[[[81.323,20.553],[81.73,20.479],[81.809,20.165],[81.679,20.126],[81.578,20.191],[81.414,20.152],[81.382,20.042],[81.286,20.013],[81.396,19.872],[81.366,19.741],[81.081,19.722],[81.003,19.786],[81.04,19.901],[80.995,19.946],[80.846,19.946],[80.715,19.828],[80.715,19.793],[80.815,19.816],[80.711,19.776],[80.716,19.702],[80.582,19.738],[80.518,19.829],[80.46,19.811],[80.478,19.772],[80.395,19.795],[80.498,19.869],[80.406,19.933],[80.52,19.931],[80.563,20.184],[80.65,20.222],[80.708,20.185],[80.723,20.265],[80.816,20.294],[80.806,20.351],[80.935,20.438],[80.993,20.456],[81.146,20.375],[81.323,20.553]]]},"properties":{"name":"Kanker","state":"Chhattisgarh","lat":20.139,"lon":80.983,"monitored":""}},{"type":"Feature","geometry":{"type":"Polygon","coordinates":[[[81.348,22.514],[81.397,22.441],[81.48,22.493],[81.485,22.411],[81.556,22.347],[81.515,22.314],[81.546,22.256],[81.502,22.016],[81.464,22.015],[81.397,21.834],[81.319,21.826],[81.331,21.764],[81.219,21.753],[81.213,21.704],[80.99,21.725],[80.919,21.825],[80.834,21.835],[80.818,21.957],[80.911,22.119],[80.999,22.062],[80.971,22.115],[81.016,22.133],[81.019,22.229],[81.114,22.294],[81.11,22.441],[81.348,22.514]]]},"properties":{"name":"Kawardha","state":"Chhattisgarh","lat":22.088,"lon":81.25,"monitored":""}},{"type":"Feature","geometry":{"type":"Polygon","coordinates":[[[82.365,22.997],[82.566,22.97],[82.566,22.831],[82.716,22.829],[83.007,22.64],[83.11,22.674],[83.104,22.363],[83.023,22.167],[82.929,22.119],[82.816,22.154],[82.723,22.085],[82.725,22.036],[82.629,22.122],[82.618,22.252],[82.455,22.212],[82.349,22.324],[82.286,22.285],[82.261,22.334],[82.133,22.33],[82.177,22.411],[82.149,22.542],[82.228,22.592],[82.237,22.656],[82.169,22.667],[82.132,22.852],[82.208,22.943],[82.365,22.997]],[[82.999,22.255],[83.0,22.232],[83.015,22.235],[82.999,22.255]]]},"properties":{"name":"Korba","state":"Chhattisgarh","lat":22.476,"lon":82.634,"monitored":""}},{"type":"Feature","geometry":{"type":"Polygon","coordinates":[[[81.679,23.908],[81.783,23.812],[81.916,23.873],[82.078,23.817],[82.204,23.853],[82.226,23.807],[82.464,23.811],[82.542,23.754],[82.643,23.388],[82.738,23.358],[82.752,23.308],[82.636,23.145],[82.574,23.126],[82.582,22.976],[82.365,22.997],[82.208,22.943],[82.116,23.104],[82.184,23.327],[82.098,23.398],[81.976,23.413],[81.914,23.534],[81.827,23.511],[81.736,23.567],[81.617,23.495],[81.57,23.589],[81.687,23.721],[81.597,23.889],[81.679,23.908]]]},"properties":{"name":"Koriya","state":"Chhattisgarh","lat":23.454,"lon":82.29,"monitored":""}},{"type":"Feature","geometry":{"type":"Polygon","coordinates":[[[82.89,21.527],[82.993,21.455],[83.041,21.477],[83.141,21.36],[83.176,21.397],[83.27,21.375],[83.275,21.286],[83.218,21.26],[83.19,21.136],[83.12,21.101],[82.956,21.175],[82.636,21.149],[82.622,21.037],[82.454,20.821],[81.984,21.082],[82.017,21.226],[82.234,21.431],[82.272,21.391],[82.239,21.311],[82.379,21.259],[82.468,21.323],[82.692,21.327],[82.683,21.479],[82.89,21.527]]]},"properties":{"name":"Mahasamund","state":"Chhattisgarh","lat":21.162,"lon":82.399,"monitored":""}},{"type":"Feature","geometry":{"type":"Polygon","coordinates":[[[83.218,22.785],[83.391,22.736],[83.396,22.556],[83.49,22.491],[83.582,22.539],[83.578,22.454],[83.798,22.294],[83.646,22.225],[83.557,22.1],[83.6,22.066],[83.532,22.034],[83.535,21.964],[83.6,21.911],[83.584,21.844],[83.467,21.783],[83.484,21.742],[83.42,21.675],[83.485,21.626],[83.381,21.613],[83.335,21.496],[83.388,21.339],[83.176,21.397],[83.141,21.36],[83.041,21.477],[82.927,21.492],[82.919,21.54],[82.977,21.633],[82.944,21.719],[83.312,21.678],[83.177,21.843],[83.211,21.9],[83.086,21.971],[82.998,21.964],[83.043,22.001],[83.001,22.026],[83.026,22.053],[82.932,22.127],[83.046,22.197],[83.029,22.243],[83.104,22.363],[83.113,22.722],[83.218,22.785]]]},"properties":{"name":"Raigarh","state":"Chhattisgarh","lat":22.059,"lon":83.302,"monitored":""}},{"type":"Feature","geometry":{"type":"Polygon","coordinates":[[[82.031,21.883],[82.178,21.842],[82.194,21.762],[82.325,21.711],[82.438,21.741],[82.859,21.686],[82.944,21.719],[82.974,21.655],[82.921,21.488],[82.869,21.548],[82.683,21.479],[82.692,21.327],[82.279,21.268],[82.234,21.431],[82.02,21.23],[81.991,21.13],[81.988,21.077],[82.153,21.015],[82.192,20.938],[82.341,20.868],[82.368,20.624],[82.324,20.554],[82.429,20.426],[82.391,20.06],[82.711,19.983],[82.703,19.831],[82.595,19.773],[82.591,19.866],[82.439,19.903],[82.339,19.83],[82.231,19.998],[82.178,19.978],[82.058,20.05],[82.015,20.02],[82.167,20.255],[82.077,20.326],[82.007,20.669],[81.92,20.746],[81.871,20.96],[81.652,20.996],[81.573,21.074],[81.618,21.16],[81.528,21.301],[81.632,21.403],[81.625,21.505],[81.693,21.61],[81.653,21.655],[81.716,21.693],[81.695,21.758],[81.847,21.759],[82.031,21.883]]]},"properties":{"name":"Raipur","state":"Chhattisgarh","lat":20.807,"lon":82.127,"monitored":""}},{"type":"Feature","geometry":{"type":"Polygon","coordinates":[[[80.719,21.712],[80.919,21.825],[80.99,21.725],[81.169,21.703],[81.185,21.63],[81.134,21.549],[81.189,21.513],[81.151,21.496],[81.192,21.333],[81.145,21.212],[81.192,21.218],[81.2,21.104],[81.087,20.994],[80.944,21.0],[80.973,20.811],[80.925,20.775],[80.877,20.802],[80.798,20.718],[80.982,20.608],[80.937,20.506],[80.965,20.47],[80.806,20.351],[80.816,20.294],[80.723,20.265],[80.708,20.185],[80.65,20.222],[80.563,20.184],[80.54,20.11],[80.427,20.13],[80.383,20.242],[80.617,20.326],[80.586,20.396],[80.622,20.604],[80.482,20.617],[80.58,20.684],[80.542,20.934],[80.459,20.928],[80.424,21.01],[80.439,21.121],[80.673,21.298],[80.73,21.472],[80.719,21.712]]]},"properties":{"name":"Raj Nandgaon","state":"Chhattisgarh","lat":20.964,"lon":80.696,"monitored":""}},{"type":"Feature","geometry":{"type":"Polygon","coordinates":[[[83.328,24.1],[83.507,24.028],[83.561,23.863],[83.695,23.821],[83.775,23.6],[83.935,23.563],[83.938,23.622],[83.993,23.633],[84.022,23.597],[83.966,23.381],[84.07,23.33],[84.034,23.168],[83.924,23.146],[83.784,23.245],[83.652,23.224],[83.548,23.173],[83.496,23.071],[83.544,23.029],[83.505,22.947],[83.641,22.821],[83.667,22.625],[83.554,22.699],[83.404,22.638],[83.391,22.736],[83.215,22.79],[83.007,22.64],[82.716,22.829],[82.551,22.848],[82.602,23.022],[82.574,23.126],[82.737,23.253],[82.751,23.331],[82.645,23.385],[82.64,23.489],[82.574,23.543],[82.59,23.687],[82.492,23.786],[82.799,23.962],[82.95,23.873],[83.127,23.89],[83.328,24.1]]]},"properties":{"name":"Surguja","state":"Chhattisgarh","lat":23.356,"lon":83.359,"monitored":""}},{"type":"Feature","geometry":{"type":"Polygon","coordinates":[[[72.922,20.274],[73.103,20.36],[73.113,20.305],[73.177,20.312],[73.064,20.203],[73.082,20.157],[73.146,20.207],[73.228,20.187],[73.199,20.062],[73.061,20.099],[73.053,20.068],[73.011,20.14],[72.985,20.113],[72.974,20.226],[72.922,20.274]]]},"properties":{"name":"Dadra and Nagar Haveli","state":"Dadra and Nagar Haveli","lat":20.216,"lon":73.027,"monitored":""}},{"type":"Feature","geometry":{"type":"Polygon","coordinates":[[[72.822,20.371],[72.83,20.44],[72.86,20.471],[72.837,20.422],[72.869,20.406],[72.876,20.381],[72.845,20.407],[72.822,20.371]]]},"properties":{"name":"Daman","state":"Daman and Diu","lat":20.415,"lon":72.839,"monitored":""}},{"type":"Feature","geometry":{"type":"MultiPolygon","coordinates":[[[[70.905,20.727],[70.998,20.714],[70.892,20.708],[70.905,20.727]]],[[[70.734,20.988],[70.846,20.971],[70.902,20.903],[70.817,20.851],[70.896,20.825],[70.838,20.69],[70.674,20.758],[70.734,20.988]]],[[[70.884,20.714],[70.889,20.709],[70.874,20.71],[70.884,20.714]]]]},"properties":{"name":"Junagadh","state":"Daman and Diu","lat":20.838,"lon":70.776,"monitored":""}},{"type":"Feature","geometry":{"type":"Polygon","coordinates":[[[77.217,28.835],[77.197,28.795],[77.323,28.716],[77.338,28.617],[77.294,28.58],[77.338,28.509],[77.243,28.485],[77.241,28.429],[77.166,28.408],[77.072,28.52],[76.879,28.509],[76.838,28.557],[76.878,28.638],[76.934,28.638],[76.942,28.821],[77.076,28.885],[77.217,28.835]]]},"properties":{"name":"Delhi","state":"Delhi","lat":28.677,"lon":77.132,"monitored":"Delhi"}},{"type":"Feature","geometry":{"type":"Polygon","coordinates":[[[73.88,15.779],[73.945,15.742],[74.002,15.609],[74.19,15.681],[74.255,15.654],[74.282,15.513],[74.08,15.409],[74.11,15.269],[74.022,15.302],[73.944,15.434],[73.862,15.428],[73.764,15.495],[73.755,15.617],[73.679,15.722],[73.88,15.779]]]},"properties":{"name":"North Goa","state":"Goa","lat":15.561,"lon":74.016,"monitored":""}},{"type":"Feature","geometry":{"type":"MultiPolygon","coordinates":[[[[73.89,15.426],[73.89,15.426],[73.89,15.426],[73.89,15.426]]],[[[73.877,15.397],[73.916,15.414],[73.944,15.434],[74.022,15.302],[74.103,15.268],[74.084,15.414],[74.273,15.465],[74.342,15.293],[74.258,15.258],[74.322,15.184],[74.278,15.096],[74.302,15.04],[74.212,14.921],[74.187,14.953],[74.175,14.909],[74.047,14.915],[74.05,14.988],[73.912,15.084],[73.948,15.146],[73.895,15.332],[73.783,15.41],[73.877,15.397]]],[[[73.862,15.407],[73.865,15.404],[73.863,15.403],[73.862,15.407]]],[[[73.793,15.377],[73.799,15.378],[73.796,15.372],[73.793,15.377]]],[[[73.762,15.355],[73.782,15.348],[73.761,15.352],[73.762,15.355]]]]},"properties":{"name":"South Goa","state":"Goa","lat":15.221,"lon":74.108,"monitored":""}},{"type":"Feature","geometry":{"type":"Polygon","coordinates":[[[72.043,23.503],[72.062,23.441],[72.196,23.411],[72.27,23.458],[72.306,23.412],[72.187,23.272],[72.172,23.102],[72.247,23.116],[72.303,23.039],[72.345,23.106],[72.454,23.043],[72.548,23.163],[72.607,23.088],[72.772,23.093],[72.85,22.98],[72.799,22.907],[72.616,22.884],[72.618,22.814],[72.532,22.797],[72.546,22.625],[72.435,22.571],[72.45,22.503],[72.352,22.384],[72.404,22.352],[72.265,22.208],[72.281,22.144],[72.217,22.012],[72.204,22.091],[72.184,22.04],[72.135,22.096],[72.178,22.014],[72.044,22.122],[71.867,22.093],[71.771,22.13],[71.747,22.179],[71.641,22.202],[71.622,22.299],[71.656,22.396],[71.746,22.358],[71.839,22.39],[71.844,22.353],[71.902,22.416],[71.945,22.378],[71.945,22.535],[72.095,22.435],[72.197,22.54],[72.076,22.592],[72.037,22.677],[72.1,22.674],[72.117,22.719],[71.994,22.853],[72.026,23.054],[71.96,23.037],[71.911,23.108],[71.92,23.178],[72.008,23.247],[71.938,23.267],[71.885,23.225],[71.884,23.381],[71.969,23.391],[71.979,23.464],[72.043,23.503]]]},"properties":{"name":"Ahmadabad","state":"Gujarat","lat":22.758,"lon":72.308,"monitored":""}},{"type":"Feature","geometry":{"type":"MultiPolygon","coordinates":[[[[71.322,22.038],[71.459,21.945],[71.473,21.89],[71.434,21.903],[71.432,21.874],[71.483,21.795],[71.614,21.718],[71.635,21.626],[71.572,21.621],[71.493,21.48],[71.627,21.435],[71.638,21.325],[71.662,21.385],[71.71,21.382],[71.693,21.33],[71.548,21.284],[71.536,21.216],[71.689,21.008],[71.251,20.814],[71.199,20.884],[71.241,20.953],[71.145,20.959],[71.143,21.072],[71.018,21.165],[70.873,21.162],[70.823,21.226],[70.823,21.323],[70.884,21.31],[70.888,21.369],[70.966,21.392],[70.942,21.457],[70.85,21.451],[70.825,21.49],[70.91,21.537],[70.811,21.66],[70.825,21.705],[70.787,21.703],[70.917,21.761],[71.045,21.733],[71.064,21.818],[71.125,21.849],[71.047,21.867],[71.213,21.964],[71.2,22.005],[71.308,21.956],[71.322,22.038]]],[[[71.674,20.993],[71.687,20.992],[71.674,20.985],[71.674,20.993]]],[[[71.645,20.977],[71.648,20.975],[71.644,20.975],[71.645,20.977]]],[[[71.507,20.903],[71.52,20.906],[71.53,20.903],[71.507,20.903]]],[[[71.386,20.865],[71.388,20.863],[71.387,20.863],[71.386,20.865]]],[[[71.251,20.814],[71.251,20.814],[71.251,20.814],[71.251,20.814]]]]},"properties":{"name":"Amreli","state":"Gujarat","lat":21.413,"lon":71.293,"monitored":""}},{"type":"Feature","geometry":{"type":"MultiPolygon","coordinates":[[[[73.063,22.728],[73.141,22.72],[73.237,22.634],[73.099,22.507],[73.07,22.314],[73.008,22.258],[72.933,22.305],[72.895,22.246],[72.844,22.282],[72.756,22.231],[72.635,22.285],[72.541,22.243],[72.554,22.278],[72.543,22.281],[72.486,22.197],[72.493,22.248],[72.471,22.239],[72.435,22.301],[72.389,22.31],[72.412,22.358],[72.352,22.384],[72.45,22.503],[72.438,22.573],[72.517,22.614],[72.587,22.501],[72.673,22.501],[72.698,22.625],[72.793,22.641],[72.921,22.59],[73.063,22.728]]],[[[72.468,22.205],[72.472,22.203],[72.468,22.202],[72.468,22.205]]],[[[72.411,22.299],[72.417,22.227],[72.4,22.199],[72.393,22.213],[72.377,22.229],[72.411,22.299]]],[[[72.388,22.21],[72.39,22.213],[72.392,22.21],[72.388,22.21]]]]},"properties":{"name":"Anand","state":"Gujarat","lat":22.443,"lon":72.745,"monitored":""}},{"type":"Feature","geometry":{"type":"Polygon","coordinates":[[[72.102,24.643],[72.354,24.618],[72.251,24.58],[72.442,24.504],[72.465,24.407],[72.508,24.41],[72.545,24.507],[72.697,24.457],[72.733,24.361],[72.965,24.351],[73.034,24.281],[72.922,24.037],[72.87,24.016],[72.797,24.093],[72.724,24.088],[72.647,24.066],[72.651,23.989],[72.585,23.934],[72.485,23.929],[72.238,24.063],[72.234,24.128],[72.194,24.102],[72.141,24.139],[72.108,24.111],[72.161,24.112],[72.146,24.042],[72.074,24.018],[72.038,24.053],[72.055,23.995],[72.009,23.965],[71.934,24.006],[71.981,23.89],[71.774,23.826],[71.688,23.966],[71.501,23.966],[71.487,24.019],[71.424,23.922],[71.298,23.986],[71.353,24.114],[71.286,24.157],[71.381,24.185],[71.299,24.256],[71.404,24.345],[71.34,24.39],[71.358,24.513],[71.269,24.507],[71.32,24.554],[71.322,24.64],[71.799,24.671],[71.858,24.604],[71.876,24.675],[71.944,24.627],[72.052,24.706],[72.102,24.643]]]},"properties":{"name":"Banas Kantha","state":"Gujarat","lat":24.268,"lon":72.171,"monitored":""}},{"type":"Feature","geometry":{"type":"MultiPolygon","coordinates":[[[[72.817,22.248],[72.937,22.182],[72.874,22.15],[72.921,22.045],[73.084,22.001],[73.008,21.913],[73.099,21.929],[73.071,21.881],[73.218,21.82],[73.275,21.93],[73.402,21.718],[73.496,21.704],[73.458,21.523],[73.129,21.482],[73.064,21.565],[73.062,21.481],[72.998,21.537],[72.915,21.428],[72.803,21.42],[72.749,21.469],[72.694,21.466],[72.645,21.434],[72.675,21.521],[72.733,21.537],[72.741,21.542],[72.742,21.55],[72.683,21.543],[72.626,21.492],[72.628,21.617],[72.701,21.652],[72.723,21.639],[72.787,21.645],[72.835,21.668],[72.508,21.69],[72.57,21.824],[72.517,21.858],[72.508,21.997],[72.582,22.201],[72.754,22.173],[72.817,22.248]]],[[[72.717,21.645],[72.746,21.659],[72.751,21.653],[72.717,21.645]]],[[[72.665,21.443],[72.673,21.44],[72.664,21.44],[72.665,21.443]]],[[[72.617,21.64],[72.618,21.638],[72.617,21.639],[72.617,21.64]]],[[[72.614,21.637],[72.616,21.636],[72.615,21.635],[72.614,21.637]]],[[[72.61,21.631],[72.611,21.63],[72.61,21.63],[72.61,21.631]]],[[[72.588,21.63],[72.596,21.63],[72.612,21.636],[72.602,21.627],[72.599,21.617],[72.588,21.63]]],[[[72.606,21.628],[72.607,21.619],[72.605,21.62],[72.606,21.628]]],[[[72.596,21.641],[72.603,21.64],[72.6,21.637],[72.596,21.641]]],[[[72.583,21.629],[72.584,21.626],[72.581,21.626],[72.583,21.629]]]]},"properties":{"name":"Bharuch","state":"Gujarat","lat":21.841,"lon":72.855,"monitored":""}},{"type":"Feature","geometry":{"type":"MultiPolygon","coordinates":[[[[72.372,22.318],[72.361,22.209],[72.392,22.168],[72.358,22.193],[72.357,22.148],[72.341,22.125],[72.316,22.147],[72.318,22.181],[72.294,22.202],[72.313,22.181],[72.31,22.145],[72.324,22.13],[72.275,21.93],[72.242,22.05],[72.298,22.063],[72.301,22.108],[72.265,22.105],[72.278,22.08],[72.233,22.054],[72.233,22.018],[72.206,22.026],[72.281,22.144],[72.265,22.208],[72.372,22.318]]],[[[72.363,22.214],[72.368,22.224],[72.377,22.204],[72.363,22.214]]],[[[72.345,21.602],[72.365,21.598],[72.359,21.58],[72.345,21.602]]],[[[72.348,21.929],[72.357,21.929],[72.36,21.925],[72.348,21.929]]],[[[71.624,22.318],[71.641,22.202],[71.863,22.093],[72.044,22.122],[72.178,22.014],[72.135,22.096],[72.184,22.04],[72.204,22.09],[72.199,22.027],[72.217,22.012],[72.196,22.023],[72.186,22.02],[72.182,22.035],[72.174,22.042],[72.172,22.041],[72.18,22.019],[72.2,22.004],[72.214,21.999],[72.231,22.008],[72.222,21.957],[72.147,21.983],[72.147,21.955],[72.253,21.897],[72.265,21.74],[72.247,21.791],[72.203,21.825],[72.197,21.827],[72.189,21.828],[72.185,21.827],[72.183,21.824],[72.306,21.632],[72.223,21.439],[72.109,21.283],[72.076,21.302],[72.114,21.197],[72.008,21.133],[72.024,21.18],[72.011,21.186],[71.977,21.121],[71.689,21.008],[71.536,21.216],[71.548,21.284],[71.693,21.33],[71.71,21.382],[71.662,21.385],[71.659,21.335],[71.638,21.325],[71.627,21.435],[71.493,21.48],[71.572,21.621],[71.635,21.626],[71.614,21.718],[71.483,21.795],[71.431,21.882],[71.476,21.927],[71.406,21.971],[71.52,22.052],[71.493,22.181],[71.441,22.205],[71.453,22.285],[71.543,22.34],[71.624,22.318]]],[[[72.268,21.737],[72.283,21.735],[72.288,21.707],[72.268,21.737]]],[[[72.212,22.005],[72.216,22.002],[72.21,22.003],[72.212,22.005]]],[[[72.102,21.271],[72.103,21.27],[72.099,21.265],[72.102,21.271]]],[[[71.707,20.999],[71.714,20.998],[71.706,20.997],[71.707,20.999]]],[[[71.698,20.999],[71.704,20.995],[71.695,20.997],[71.698,20.999]]]]},"properties":{"name":"Bhavnagar","state":"Gujarat","lat":21.675,"lon":71.951,"monitored":""}},{"type":"Feature","geometry":{"type":"Polygon","coordinates":[[[73.695,23.386],[73.832,23.447],[73.894,23.337],[73.962,23.381],[74.044,23.296],[74.107,23.294],[74.155,23.158],[74.246,23.188],[74.362,22.933],[74.463,22.913],[74.472,22.833],[74.381,22.639],[74.265,22.645],[74.153,22.517],[74.024,22.573],[73.889,22.504],[73.763,22.547],[73.731,22.454],[73.652,22.513],[73.596,22.486],[73.61,22.621],[73.695,22.666],[73.691,22.716],[73.747,22.705],[73.756,22.781],[73.856,22.79],[73.844,22.846],[73.934,22.98],[73.814,23.109],[73.636,23.034],[73.756,23.236],[73.702,23.27],[73.695,23.386]]]},"properties":{"name":"Dahod","state":"Gujarat","lat":22.957,"lon":74.135,"monitored":""}},{"type":"Feature","geometry":{"type":"Polygon","coordinates":[[[72.532,23.419],[72.733,23.386],[72.732,23.326],[72.744,23.322],[72.913,23.321],[72.891,23.29],[72.948,23.239],[73.006,23.297],[72.98,23.163],[73.037,23.137],[72.848,22.993],[72.772,23.093],[72.607,23.088],[72.548,23.163],[72.496,23.143],[72.476,23.059],[72.397,23.051],[72.345,23.106],[72.435,23.141],[72.393,23.161],[72.453,23.195],[72.423,23.284],[72.529,23.35],[72.532,23.419]]]},"properties":{"name":"Gandhinagar","state":"Gujarat","lat":23.217,"lon":72.718,"monitored":""}},{"type":"Feature","geometry":{"type":"MultiPolygon","coordinates":[[[[70.436,22.964],[70.551,22.955],[70.463,22.955],[70.678,22.825],[70.631,22.758],[70.66,22.698],[70.564,22.557],[70.618,22.523],[70.544,22.505],[70.603,22.479],[70.552,22.45],[70.519,22.482],[70.463,22.425],[70.521,22.42],[70.492,22.369],[70.546,22.334],[70.489,22.305],[70.629,22.187],[70.579,22.137],[70.586,22.023],[70.522,21.989],[70.54,22.041],[70.348,22.041],[70.227,21.954],[70.216,21.885],[70.165,21.933],[70.13,21.816],[70.052,21.783],[70.097,21.724],[70.072,21.69],[70.012,21.799],[69.892,21.771],[69.869,21.721],[69.838,21.813],[69.737,21.783],[69.669,21.826],[69.64,21.792],[69.635,21.853],[69.746,21.928],[69.739,21.964],[69.666,21.907],[69.589,21.93],[69.514,21.844],[69.424,21.863],[69.396,21.802],[68.954,22.244],[68.957,22.367],[69.067,22.48],[69.069,22.396],[69.194,22.424],[69.158,22.313],[69.233,22.258],[69.32,22.291],[69.334,22.33],[69.488,22.338],[69.524,22.386],[69.498,22.436],[69.591,22.361],[69.572,22.334],[69.576,22.319],[69.699,22.396],[69.698,22.443],[69.672,22.439],[69.672,22.451],[69.728,22.474],[69.798,22.4],[69.834,22.501],[69.87,22.447],[69.976,22.543],[70.163,22.552],[70.243,22.663],[70.253,22.693],[70.238,22.702],[70.255,22.707],[70.253,22.733],[70.385,22.909],[70.436,22.964]]],[[[70.242,22.69],[70.247,22.688],[70.243,22.687],[70.242,22.69]]],[[[70.243,22.712],[70.247,22.715],[70.245,22.712],[70.243,22.712]]],[[[70.239,22.682],[70.244,22.684],[70.243,22.682],[70.239,22.682]]],[[[70.235,22.682],[70.238,22.683],[70.238,22.682],[70.235,22.682]]],[[[70.217,22.642],[70.221,22.643],[70.22,22.64],[70.217,22.642]]],[[[70.189,22.6],[70.192,22.598],[70.189,22.598],[70.189,22.6]]],[[[70.18,22.582],[70.183,22.583],[70.183,22.581],[70.18,22.582]]],[[[70.042,22.57],[70.046,22.57],[70.042,22.567],[70.042,22.57]]],[[[70.038,22.567],[70.041,22.565],[70.039,22.564],[70.038,22.567]]],[[[69.965,22.578],[70.027,22.568],[69.958,22.55],[69.965,22.578]]],[[[70.017,22.558],[70.025,22.555],[70.013,22.554],[70.017,22.558]]],[[[70.016,22.552],[70.02,22.548],[70.012,22.55],[70.016,22.552]]],[[[70.001,22.552],[70.005,22.549],[69.996,22.549],[70.001,22.552]]],[[[69.953,22.595],[69.958,22.604],[69.964,22.599],[69.953,22.595]]],[[[69.958,22.543],[69.963,22.542],[69.954,22.536],[69.958,22.543]]],[[[69.955,22.536],[69.957,22.534],[69.952,22.533],[69.955,22.536]]],[[[69.942,22.55],[69.953,22.537],[69.939,22.538],[69.942,22.55]]],[[[69.943,22.53],[69.947,22.532],[69.948,22.53],[69.943,22.53]]],[[[69.919,22.553],[69.942,22.518],[69.897,22.512],[69.862,22.527],[69.919,22.553]]],[[[69.588,22.437],[69.657,22.428],[69.637,22.407],[69.588,22.437]]],[[[69.48,22.39],[69.489,22.393],[69.485,22.388],[69.48,22.39]]],[[[69.44,22.357],[69.458,22.352],[69.437,22.354],[69.44,22.357]]],[[[69.402,22.528],[69.407,22.527],[69.403,22.524],[69.402,22.528]]],[[[69.335,22.507],[69.351,22.527],[69.364,22.512],[69.335,22.507]]],[[[69.323,22.382],[69.34,22.381],[69.332,22.373],[69.323,22.382]]],[[[69.301,22.453],[69.325,22.47],[69.327,22.457],[69.301,22.453]]],[[[69.309,22.305],[69.312,22.304],[69.312,22.303],[69.309,22.305]]],[[[69.278,22.418],[69.281,22.416],[69.278,22.416],[69.278,22.418]]],[[[69.276,22.42],[69.278,22.418],[69.275,22.419],[69.276,22.42]]],[[[69.212,22.384],[69.215,22.384],[69.214,22.382],[69.212,22.384]]],[[[69.202,22.388],[69.201,22.385],[69.2,22.384],[69.2,22.387],[69.202,22.388]]],[[[69.193,22.371],[69.195,22.368],[69.19,22.369],[69.193,22.371]]],[[[69.183,22.367],[69.186,22.367],[69.185,22.364],[69.183,22.367]]],[[[69.093,22.462],[69.147,22.463],[69.085,22.421],[69.093,22.462]]],[[[69.141,22.455],[69.142,22.454],[69.143,22.453],[69.141,22.455]]],[[[69.085,22.488],[69.087,22.487],[69.084,22.485],[69.085,22.488]]]]},"properties":{"name":"Jamnagar","state":"Gujarat","lat":22.325,"lon":70.056,"monitored":""}},{"type":"Feature","geometry":{"type":"MultiPolygon","coordinates":[[[[70.159,21.654],[70.16,21.604],[70.283,21.606],[70.28,21.519],[70.464,21.667],[70.72,21.6],[70.811,21.66],[70.911,21.53],[70.825,21.49],[70.85,21.451],[70.942,21.457],[70.966,21.392],[70.888,21.369],[70.884,21.31],[70.823,21.323],[70.823,21.226],[70.873,21.162],[71.018,21.165],[71.143,21.072],[71.145,20.959],[71.241,20.953],[71.199,20.884],[71.255,20.818],[70.873,20.71],[70.92,20.743],[70.844,20.76],[70.896,20.825],[70.82,20.858],[70.903,20.897],[70.846,20.971],[70.734,20.988],[70.666,20.752],[70.258,20.973],[70.0,21.206],[70.051,21.267],[69.966,21.36],[70.073,21.442],[70.018,21.469],[69.99,21.583],[70.085,21.575],[70.058,21.64],[70.159,21.654]]],[[[70.84,20.728],[70.858,20.742],[70.87,20.719],[70.84,20.728]]]]},"properties":{"name":"Junagadh","state":"Gujarat","lat":21.186,"lon":70.438,"monitored":""}},{"type":"Feature","geometry":{"type":"MultiPolygon","coordinates":[[[[71.316,24.55],[71.269,24.507],[71.358,24.513],[71.34,24.39],[71.404,24.345],[71.299,24.256],[71.381,24.185],[71.286,24.157],[71.353,24.114],[71.297,23.994],[71.326,23.977],[71.306,23.922],[71.111,23.895],[71.046,23.643],[71.097,23.594],[71.151,23.624],[71.185,23.734],[71.24,23.652],[71.433,23.623],[71.433,23.563],[71.481,23.553],[71.459,23.468],[71.529,23.524],[71.519,23.472],[71.597,23.449],[71.595,23.359],[71.68,23.29],[71.637,23.201],[71.721,23.147],[71.33,23.183],[71.234,23.144],[71.151,23.204],[70.97,23.167],[70.959,23.126],[70.839,23.149],[70.871,23.122],[70.839,23.073],[70.831,23.156],[70.779,23.16],[70.577,23.029],[70.551,22.955],[70.437,22.964],[70.472,23.012],[70.492,23.066],[70.485,23.077],[70.437,23.062],[70.396,23.025],[70.348,22.93],[70.198,22.998],[70.22,22.957],[70.123,22.961],[70.129,22.992],[70.143,23.009],[70.153,23.023],[70.154,23.028],[70.153,23.03],[70.112,22.973],[70.127,22.947],[70.111,22.953],[70.101,22.942],[70.095,22.951],[70.091,22.953],[70.1,22.938],[70.139,22.941],[70.132,22.925],[69.798,22.851],[69.752,22.82],[69.747,22.794],[69.72,22.762],[69.716,22.741],[69.703,22.728],[69.634,22.795],[69.601,22.759],[69.191,22.841],[68.585,23.222],[68.631,23.213],[68.604,23.243],[68.672,23.27],[68.63,23.296],[68.725,23.296],[68.748,23.304],[68.758,23.33],[68.652,23.303],[68.637,23.347],[68.606,23.381],[68.602,23.359],[68.581,23.39],[68.558,23.387],[68.56,23.419],[68.536,23.421],[68.519,23.49],[68.492,23.501],[68.499,23.515],[68.484,23.548],[68.497,23.547],[68.487,23.578],[68.495,23.608],[68.489,23.635],[68.761,23.875],[68.604,23.85],[68.533,23.756],[68.537,23.815],[68.515,23.824],[68.663,23.917],[68.596,23.942],[68.559,23.924],[68.559,23.932],[68.537,23.947],[68.547,23.963],[68.749,23.962],[68.773,24.294],[68.826,24.308],[68.888,24.196],[68.947,24.277],[69.001,24.226],[69.093,24.269],[69.2,24.235],[69.601,24.278],[69.725,24.175],[70.001,24.166],[70.119,24.291],[70.575,24.42],[70.612,24.401],[70.574,24.252],[70.806,24.223],[70.96,24.346],[71.132,24.402],[71.008,24.442],[71.02,24.631],[71.107,24.681],[71.298,24.608],[71.316,24.55]]],[[[70.458,23.05],[70.452,23.027],[70.446,23.025],[70.458,23.05]]],[[[70.461,23.058],[70.468,23.059],[70.46,23.056],[70.461,23.058]]],[[[70.459,23.058],[70.457,23.05],[70.45,23.043],[70.457,23.055],[70.455,23.055],[70.452,23.053],[70.45,23.052],[70.45,23.053],[70.459,23.058]]],[[[70.436,22.984],[70.451,22.986],[70.433,22.979],[70.436,22.984]]],[[[70.453,23.053],[70.452,23.051],[70.45,23.05],[70.452,23.052],[70.453,23.053]]],[[[70.447,23.059],[70.449,23.058],[70.446,23.058],[70.447,23.059]]],[[[70.448,23.052],[70.434,23.014],[70.414,22.99],[70.415,23.019],[70.448,23.052]]],[[[70.429,23.047],[70.43,23.035],[70.415,23.023],[70.429,23.047]]],[[[69.631,22.761],[69.667,22.753],[69.667,22.751],[69.631,22.761]]],[[[69.635,22.778],[69.637,22.779],[69.638,22.776],[69.635,22.778]]],[[[68.703,23.85],[68.711,23.85],[68.71,23.849],[68.703,23.85]]],[[[68.7,23.309],[68.709,23.31],[68.708,23.307],[68.7,23.309]]],[[[68.695,23.852],[68.7,23.852],[68.695,23.849],[68.695,23.852]]],[[[68.657,23.269],[68.66,23.269],[68.66,23.268],[68.657,23.269]]],[[[68.634,23.314],[68.646,23.307],[68.633,23.308],[68.634,23.314]]],[[[68.64,23.316],[68.643,23.318],[68.643,23.315],[68.64,23.316]]],[[[68.628,23.349],[68.636,23.345],[68.634,23.342],[68.628,23.349]]],[[[68.63,23.313],[68.634,23.314],[68.631,23.312],[68.63,23.313]]],[[[68.631,23.32],[68.632,23.32],[68.632,23.319],[68.631,23.32]]],[[[68.626,23.312],[68.63,23.316],[68.628,23.312],[68.626,23.312]]],[[[68.628,23.287],[68.629,23.289],[68.629,23.285],[68.628,23.287]]],[[[68.625,23.324],[68.629,23.324],[68.629,23.322],[68.625,23.324]]],[[[68.568,23.372],[68.598,23.364],[68.594,23.362],[68.595,23.359],[68.618,23.354],[68.617,23.328],[68.568,23.372]]],[[[68.598,23.302],[68.609,23.317],[68.619,23.299],[68.598,23.302]]],[[[68.558,23.314],[68.612,23.297],[68.615,23.272],[68.541,23.266],[68.558,23.314]]],[[[68.603,23.226],[68.612,23.228],[68.613,23.221],[68.603,23.226]]],[[[68.593,23.803],[68.602,23.796],[68.595,23.797],[68.593,23.803]]],[[[68.596,23.361],[68.6,23.36],[68.596,23.36],[68.596,23.361]]],[[[68.595,23.26],[68.595,23.261],[68.598,23.26],[68.595,23.26]]],[[[68.593,23.812],[68.595,23.81],[68.594,23.81],[68.593,23.812]]],[[[68.535,23.946],[68.558,23.923],[68.589,23.917],[68.547,23.873],[68.533,23.876],[68.517,23.857],[68.486,23.89],[68.526,23.893],[68.535,23.946]]],[[[68.578,23.384],[68.586,23.38],[68.587,23.376],[68.578,23.384]]],[[[68.57,23.359],[68.575,23.359],[68.576,23.352],[68.57,23.359]]],[[[68.556,23.36],[68.551,23.402],[68.556,23.379],[68.567,23.376],[68.556,23.36]]],[[[68.561,23.343],[68.565,23.343],[68.561,23.342],[68.561,23.343]]],[[[68.557,23.409],[68.555,23.405],[68.551,23.404],[68.557,23.409]]],[[[68.554,23.342],[68.555,23.339],[68.553,23.34],[68.554,23.342]]],[[[68.553,23.402],[68.557,23.404],[68.557,23.403],[68.553,23.402]]],[[[68.545,23.34],[68.551,23.339],[68.545,23.339],[68.545,23.34]]],[[[68.55,23.415],[68.548,23.41],[68.542,23.405],[68.55,23.415]]],[[[68.54,23.339],[68.545,23.338],[68.542,23.337],[68.54,23.339]]],[[[68.535,23.381],[68.537,23.382],[68.543,23.38],[68.535,23.381]]],[[[68.539,23.377],[68.539,23.375],[68.538,23.375],[68.539,23.377]]],[[[68.502,23.324],[68.528,23.337],[68.538,23.318],[68.502,23.324]]],[[[68.53,23.383],[68.532,23.385],[68.537,23.377],[68.534,23.371],[68.53,23.383]]],[[[68.53,23.871],[68.535,23.865],[68.524,23.858],[68.53,23.871]]],[[[68.521,23.343],[68.532,23.342],[68.532,23.339],[68.521,23.343]]],[[[68.52,23.394],[68.527,23.399],[68.527,23.386],[68.52,23.394]]],[[[68.507,23.457],[68.525,23.443],[68.526,23.436],[68.523,23.443],[68.513,23.448],[68.521,23.442],[68.521,23.437],[68.503,23.429],[68.507,23.457]]],[[[68.515,23.95],[68.523,23.945],[68.515,23.949],[68.515,23.95]]],[[[68.497,23.831],[68.517,23.755],[68.465,23.775],[68.477,23.741],[68.437,23.739],[68.497,23.831]]],[[[68.482,23.993],[68.518,23.924],[68.443,23.848],[68.428,23.862],[68.44,23.867],[68.453,23.88],[68.463,23.932],[68.449,23.94],[68.442,23.936],[68.428,23.938],[68.482,23.993]]],[[[68.514,23.433],[68.516,23.43],[68.514,23.43],[68.514,23.433]]],[[[68.509,23.492],[68.512,23.492],[68.511,23.491],[68.509,23.492]]],[[[68.507,23.49],[68.507,23.492],[68.509,23.49],[68.507,23.49]]],[[[68.503,23.378],[68.503,23.381],[68.505,23.38],[68.505,23.377],[68.503,23.378]]],[[[68.504,23.384],[68.505,23.381],[68.504,23.381],[68.504,23.384]]],[[[68.496,23.448],[68.502,23.45],[68.497,23.444],[68.496,23.448]]],[[[68.495,23.474],[68.502,23.458],[68.5,23.455],[68.495,23.474]]],[[[68.5,23.431],[68.501,23.43],[68.5,23.43],[68.5,23.431]]],[[[68.499,23.442],[68.502,23.443],[68.501,23.439],[68.499,23.442]]],[[[68.499,23.436],[68.501,23.435],[68.497,23.435],[68.499,23.436]]],[[[68.487,23.486],[68.496,23.477],[68.482,23.478],[68.487,23.486]]],[[[68.473,23.48],[68.485,23.403],[68.475,23.46],[68.421,23.42],[68.473,23.48]]],[[[68.485,23.628],[68.491,23.604],[68.483,23.607],[68.479,23.607],[68.468,23.593],[68.485,23.628]]],[[[68.486,23.489],[68.49,23.494],[68.488,23.487],[68.486,23.489]]],[[[68.459,23.725],[68.485,23.732],[68.488,23.729],[68.459,23.725]]],[[[68.473,23.494],[68.487,23.486],[68.48,23.478],[68.473,23.494]]],[[[68.483,23.742],[68.485,23.738],[68.482,23.736],[68.483,23.742]]],[[[68.479,23.604],[68.487,23.603],[68.48,23.598],[68.479,23.604]]],[[[68.482,23.597],[68.481,23.561],[68.446,23.54],[68.43,23.508],[68.435,23.557],[68.453,23.561],[68.482,23.597]]],[[[68.482,23.548],[68.483,23.549],[68.483,23.547],[68.482,23.548]]],[[[68.473,23.721],[68.482,23.72],[68.473,23.715],[68.473,23.721]]],[[[68.457,23.543],[68.476,23.539],[68.453,23.529],[68.457,23.543]]],[[[68.472,23.531],[68.477,23.533],[68.475,23.53],[68.472,23.531]]],[[[68.471,23.356],[68.477,23.355],[68.476,23.353],[68.471,23.356]]],[[[68.469,23.525],[68.475,23.522],[68.472,23.521],[68.469,23.525]]],[[[68.47,23.405],[68.471,23.404],[68.476,23.403],[68.47,23.405]]],[[[68.459,23.487],[68.471,23.48],[68.46,23.48],[68.459,23.487]]],[[[68.463,23.519],[68.47,23.519],[68.464,23.515],[68.463,23.519]]],[[[68.462,23.402],[68.463,23.404],[68.469,23.403],[68.462,23.402]]],[[[68.444,23.578],[68.468,23.592],[68.451,23.573],[68.444,23.578]]],[[[68.435,23.616],[68.467,23.601],[68.44,23.587],[68.435,23.616]]],[[[68.462,23.406],[68.463,23.407],[68.465,23.405],[68.462,23.406]]],[[[68.458,23.412],[68.463,23.411],[68.458,23.411],[68.458,23.412]]],[[[68.449,23.938],[68.442,23.87],[68.422,23.895],[68.417,23.872],[68.393,23.88],[68.377,23.877],[68.35,23.846],[68.353,23.901],[68.449,23.938]]],[[[68.448,23.733],[68.45,23.73],[68.447,23.732],[68.448,23.733]]],[[[68.437,23.499],[68.439,23.5],[68.44,23.499],[68.437,23.499]]],[[[68.396,23.878],[68.427,23.81],[68.405,23.793],[68.39,23.832],[68.384,23.837],[68.38,23.838],[68.402,23.79],[68.355,23.811],[68.33,23.787],[68.396,23.878]]],[[[68.43,23.995],[68.413,23.927],[68.345,23.901],[68.338,23.819],[68.304,23.825],[68.289,23.817],[68.296,23.804],[68.266,23.793],[68.238,23.681],[68.193,23.731],[68.212,23.763],[68.214,23.755],[68.22,23.755],[68.234,23.775],[68.213,23.835],[68.235,23.836],[68.245,23.854],[68.26,23.825],[68.287,23.839],[68.249,23.854],[68.259,23.872],[68.305,23.866],[68.318,23.879],[68.259,23.875],[68.277,23.915],[68.43,23.995]]],[[[68.43,23.406],[68.432,23.406],[68.432,23.405],[68.43,23.406]]],[[[68.358,23.805],[68.398,23.785],[68.426,23.795],[68.39,23.654],[68.39,23.686],[68.315,23.583],[68.304,23.597],[68.295,23.579],[68.274,23.592],[68.307,23.631],[68.197,23.597],[68.205,23.648],[68.21,23.64],[68.26,23.64],[68.258,23.645],[68.28,23.649],[68.3,23.647],[68.312,23.65],[68.28,23.652],[68.259,23.646],[68.231,23.643],[68.334,23.711],[68.358,23.805]]],[[[68.413,23.404],[68.422,23.405],[68.423,23.401],[68.413,23.404]]],[[[68.409,23.406],[68.41,23.408],[68.41,23.406],[68.409,23.406]]],[[[68.401,23.455],[68.406,23.452],[68.401,23.454],[68.401,23.455]]],[[[68.401,23.423],[68.403,23.421],[68.402,23.42],[68.401,23.423]]],[[[68.398,23.419],[68.403,23.418],[68.402,23.416],[68.398,23.419]]],[[[68.398,23.427],[68.401,23.423],[68.398,23.422],[68.398,23.427]]],[[[68.342,23.789],[68.347,23.78],[68.34,23.777],[68.342,23.789]]],[[[68.308,23.824],[68.324,23.734],[68.286,23.755],[68.274,23.701],[68.268,23.772],[68.298,23.804],[68.29,23.817],[68.308,23.824]]],[[[68.246,23.589],[68.253,23.582],[68.245,23.587],[68.246,23.589]]],[[[68.248,23.88],[68.234,23.843],[68.216,23.848],[68.216,23.867],[68.248,23.88]]],[[[68.224,23.584],[68.227,23.585],[68.228,23.584],[68.224,23.584]]],[[[68.215,23.758],[68.224,23.764],[68.218,23.756],[68.215,23.758]]],[[[68.215,23.587],[68.218,23.587],[68.217,23.586],[68.215,23.587]]]]},"properties":{"name":"Kachchh","state":"Gujarat","lat":23.693,"lon":69.807,"monitored":""}},{"type":"Feature","geometry":{"type":"Polygon","coordinates":[[[73.481,23.287],[73.576,23.275],[73.578,23.198],[73.388,23.134],[73.457,22.969],[73.375,22.895],[73.368,22.796],[73.267,22.768],[73.269,22.658],[73.237,22.634],[73.141,22.72],[73.037,22.733],[72.921,22.59],[72.751,22.644],[72.654,22.54],[72.68,22.504],[72.582,22.506],[72.516,22.618],[72.558,22.664],[72.528,22.783],[72.618,22.814],[72.616,22.884],[72.799,22.907],[73.029,23.172],[73.143,23.206],[73.252,23.072],[73.334,23.083],[73.379,23.139],[73.349,23.202],[73.481,23.287]]]},"properties":{"name":"Kheda","state":"Gujarat","lat":22.901,"lon":73.066,"monitored":""}},{"type":"Feature","geometry":{"type":"Polygon","coordinates":[[[72.802,24.073],[72.87,24.016],[72.794,23.833],[72.847,23.606],[72.81,23.405],[72.648,23.371],[72.549,23.43],[72.529,23.35],[72.423,23.284],[72.453,23.195],[72.393,23.161],[72.426,23.13],[72.379,23.095],[72.352,23.124],[72.303,23.039],[72.247,23.116],[72.172,23.102],[72.187,23.272],[72.306,23.412],[72.27,23.458],[72.196,23.411],[72.062,23.441],[71.967,23.574],[72.054,23.612],[72.104,23.569],[72.185,23.683],[72.206,23.603],[72.308,23.633],[72.344,23.729],[72.52,23.781],[72.485,23.929],[72.651,23.989],[72.647,24.066],[72.802,24.073]]]},"properties":{"name":"Mahesana","state":"Gujarat","lat":23.514,"lon":72.42,"monitored":""}},{"type":"Feature","geometry":{"type":"Polygon","coordinates":[[[73.74,21.98],[73.799,21.931],[73.864,21.951],[73.949,21.87],[73.811,21.823],[73.898,21.667],[73.788,21.625],[73.861,21.496],[73.966,21.539],[73.991,21.478],[73.707,21.396],[73.683,21.474],[73.458,21.523],[73.511,21.678],[73.402,21.718],[73.307,21.89],[73.44,21.915],[73.467,21.979],[73.554,21.979],[73.617,21.896],[73.693,21.92],[73.66,21.966],[73.74,21.98]]]},"properties":{"name":"Narmada","state":"Gujarat","lat":21.698,"lon":73.669,"monitored":""}},{"type":"Feature","geometry":{"type":"MultiPolygon","coordinates":[[[[73.007,21.068],[73.135,20.897],[73.266,20.818],[73.311,20.817],[73.324,20.883],[73.393,20.825],[73.507,20.819],[73.416,20.626],[73.28,20.582],[73.084,20.6],[73.056,20.702],[72.874,20.734],[72.723,21.049],[72.819,21.024],[73.007,21.068]]],[[[72.847,20.754],[72.855,20.76],[72.858,20.753],[72.847,20.754]]]]},"properties":{"name":"Navsari","state":"Gujarat","lat":20.854,"lon":73.011,"monitored":""}},{"type":"Feature","geometry":{"type":"Polygon","coordinates":[[[73.71,23.444],[73.702,23.27],[73.756,23.236],[73.636,23.034],[73.814,23.109],[73.934,22.98],[73.844,22.846],[73.856,22.79],[73.756,22.781],[73.747,22.705],[73.691,22.716],[73.695,22.666],[73.643,22.664],[73.577,22.568],[73.596,22.486],[73.668,22.506],[73.776,22.388],[73.697,22.285],[73.64,22.301],[73.71,22.349],[73.649,22.386],[73.636,22.324],[73.472,22.358],[73.371,22.628],[73.422,22.66],[73.392,22.739],[73.433,22.775],[73.413,22.81],[73.386,22.757],[73.357,22.79],[73.378,22.9],[73.457,22.969],[73.388,23.134],[73.578,23.198],[73.576,23.275],[73.533,23.252],[73.531,23.287],[73.633,23.452],[73.71,23.444]]]},"properties":{"name":"Panch Mahals","state":"Gujarat","lat":22.873,"lon":73.618,"monitored":""}},{"type":"Feature","geometry":{"type":"Polygon","coordinates":[[[72.108,24.124],[72.234,24.128],[72.23,24.072],[72.361,24.023],[72.374,23.966],[72.478,23.959],[72.522,23.785],[72.344,23.729],[72.308,23.633],[72.206,23.603],[72.185,23.683],[72.104,23.569],[72.054,23.612],[71.967,23.574],[71.979,23.529],[71.816,23.4],[71.737,23.492],[71.519,23.472],[71.529,23.524],[71.459,23.468],[71.481,23.553],[71.433,23.563],[71.433,23.623],[71.24,23.652],[71.221,23.727],[71.158,23.725],[71.19,23.706],[71.151,23.624],[71.097,23.594],[71.05,23.631],[71.055,23.793],[71.111,23.895],[71.306,23.922],[71.326,23.977],[71.424,23.922],[71.492,24.019],[71.501,23.966],[71.697,23.962],[71.774,23.826],[71.861,23.844],[71.981,23.89],[71.935,24.007],[72.044,23.98],[72.023,24.038],[72.108,24.019],[72.172,24.077],[72.108,24.124]]]},"properties":{"name":"Patan","state":"Gujarat","lat":23.757,"lon":71.743,"monitored":""}},{"type":"Feature","geometry":{"type":"MultiPolygon","coordinates":[[[[69.731,21.917],[69.635,21.853],[69.64,21.792],[69.669,21.826],[69.737,21.783],[69.838,21.813],[69.869,21.721],[69.892,21.771],[70.012,21.799],[70.047,21.696],[70.103,21.726],[70.166,21.673],[70.058,21.64],[70.09,21.578],[69.99,21.583],[70.018,21.469],[70.073,21.442],[69.968,21.386],[70.001,21.285],[70.051,21.267],[69.999,21.207],[69.712,21.529],[69.764,21.579],[69.738,21.65],[69.676,21.639],[69.717,21.603],[69.697,21.593],[69.692,21.614],[69.633,21.643],[69.724,21.571],[69.706,21.538],[69.396,21.801],[69.424,21.863],[69.514,21.844],[69.589,21.93],[69.675,21.909],[69.718,21.968],[69.731,21.917]]],[[[69.725,21.609],[69.735,21.61],[69.74,21.593],[69.725,21.609]]],[[[69.718,21.558],[69.722,21.555],[69.72,21.554],[69.718,21.558]]]]},"properties":{"name":"Porbandar","state":"Gujarat","lat":21.588,"lon":69.923,"monitored":""}},{"type":"Feature","geometry":{"type":"Polygon","coordinates":[[[71.058,23.166],[71.077,23.09],[71.014,23.098],[70.96,23.023],[71.032,22.873],[70.989,22.828],[71.181,22.696],[71.077,22.533],[71.146,22.54],[71.179,22.485],[71.11,22.396],[71.05,22.434],[70.998,22.407],[71.049,22.389],[71.038,22.324],[71.173,22.177],[71.129,22.125],[71.226,22.182],[71.304,22.16],[71.225,22.238],[71.377,22.291],[71.403,22.219],[71.469,22.25],[71.441,22.205],[71.493,22.181],[71.52,22.052],[71.407,21.974],[71.315,22.038],[71.308,21.956],[71.2,22.005],[71.213,21.964],[71.047,21.867],[71.125,21.849],[71.064,21.818],[71.045,21.733],[70.917,21.761],[70.804,21.729],[70.814,21.663],[70.72,21.6],[70.464,21.667],[70.28,21.519],[70.283,21.606],[70.16,21.604],[70.166,21.673],[70.052,21.783],[70.13,21.816],[70.165,21.933],[70.216,21.885],[70.227,21.954],[70.348,22.041],[70.514,22.048],[70.548,22.034],[70.518,21.991],[70.562,22.003],[70.629,22.187],[70.489,22.305],[70.546,22.334],[70.492,22.369],[70.521,22.42],[70.463,22.425],[70.519,22.482],[70.552,22.45],[70.603,22.479],[70.544,22.505],[70.618,22.523],[70.564,22.557],[70.66,22.698],[70.631,22.758],[70.678,22.825],[70.463,22.955],[70.54,22.947],[70.577,23.029],[70.779,23.16],[70.831,23.156],[70.839,23.073],[70.871,23.122],[70.839,23.149],[70.889,23.115],[70.904,23.153],[70.959,23.126],[70.97,23.167],[71.058,23.166]]]},"properties":{"name":"Rajkot","state":"Gujarat","lat":22.351,"lon":70.781,"monitored":""}},{"type":"Feature","geometry":{"type":"Polygon","coordinates":[[[73.099,24.473],[73.085,24.394],[73.231,24.365],[73.145,24.308],[73.083,24.185],[73.224,24.098],[73.199,24.051],[73.246,24.011],[73.373,24.128],[73.425,23.931],[73.362,23.862],[73.363,23.787],[73.509,23.703],[73.513,23.617],[73.577,23.655],[73.661,23.623],[73.625,23.4],[73.531,23.287],[73.38,23.238],[73.349,23.202],[73.379,23.139],[73.279,23.059],[73.143,23.206],[72.98,23.163],[73.006,23.297],[72.948,23.239],[72.891,23.29],[72.913,23.321],[72.731,23.335],[72.734,23.395],[72.81,23.405],[72.847,23.602],[72.806,23.907],[73.032,24.268],[72.97,24.308],[72.981,24.451],[73.099,24.473]]]},"properties":{"name":"Sabar Kantha","state":"Gujarat","lat":23.745,"lon":73.132,"monitored":""}},{"type":"Feature","geometry":{"type":"MultiPolygon","coordinates":[[[[74.313,21.56],[74.308,21.48],[74.109,21.448],[74.067,21.482],[74.049,21.419],[73.953,21.402],[73.948,21.298],[73.832,21.267],[73.823,21.172],[73.636,21.133],[73.613,21.176],[73.588,21.168],[73.66,21.108],[73.753,21.114],[73.769,21.015],[73.915,20.965],[73.882,20.928],[73.721,21.008],[73.604,20.96],[73.556,21.009],[73.496,20.815],[73.324,20.883],[73.311,20.817],[73.266,20.818],[73.135,20.897],[73.019,21.067],[72.751,21.028],[72.77,21.067],[72.704,21.075],[72.721,21.143],[72.681,21.158],[72.667,21.155],[72.662,21.148],[72.653,21.078],[72.627,21.077],[72.618,21.223],[72.647,21.217],[72.652,21.22],[72.653,21.227],[72.588,21.291],[72.663,21.425],[72.749,21.469],[72.803,21.42],[72.915,21.428],[72.998,21.537],[73.055,21.476],[73.064,21.565],[73.129,21.482],[73.453,21.524],[73.683,21.474],[73.707,21.396],[73.977,21.462],[73.984,21.542],[74.313,21.56]]],[[[72.677,21.156],[72.71,21.141],[72.697,21.119],[72.689,21.09],[72.677,21.156]]],[[[72.698,21.117],[72.703,21.115],[72.7,21.112],[72.698,21.117]]],[[[72.679,21.097],[72.681,21.097],[72.681,21.095],[72.679,21.097]]],[[[72.669,21.105],[72.673,21.104],[72.676,21.097],[72.669,21.105]]],[[[72.648,21.068],[72.655,21.074],[72.657,21.065],[72.648,21.068]]],[[[72.635,21.418],[72.636,21.413],[72.632,21.412],[72.635,21.418]]],[[[72.617,21.405],[72.622,21.403],[72.613,21.396],[72.617,21.405]]],[[[72.594,21.381],[72.6,21.378],[72.588,21.367],[72.594,21.381]]],[[[72.587,21.34],[72.587,21.336],[72.586,21.336],[72.587,21.34]]],[[[72.58,21.364],[72.583,21.362],[72.579,21.36],[72.58,21.364]]]]},"properties":{"name":"Surat","state":"Gujarat","lat":21.197,"lon":73.222,"monitored":""}},{"type":"Feature","geometry":{"type":"Polygon","coordinates":[[[72.009,23.501],[71.969,23.391],[71.884,23.381],[71.885,23.225],[71.938,23.267],[72.008,23.247],[71.92,23.178],[71.911,23.108],[71.96,23.037],[72.026,23.054],[71.994,22.853],[72.117,22.719],[72.1,22.674],[72.037,22.677],[72.076,22.592],[72.196,22.548],[72.172,22.478],[72.065,22.44],[72.042,22.504],[71.95,22.537],[71.918,22.481],[71.968,22.487],[71.945,22.378],[71.902,22.416],[71.844,22.353],[71.839,22.39],[71.746,22.358],[71.656,22.396],[71.634,22.34],[71.536,22.336],[71.414,22.22],[71.38,22.29],[71.316,22.248],[71.247,22.272],[71.229,22.218],[71.294,22.211],[71.304,22.16],[71.226,22.182],[71.139,22.118],[71.173,22.177],[71.038,22.324],[71.049,22.389],[70.998,22.407],[71.05,22.434],[71.11,22.396],[71.177,22.477],[71.146,22.54],[71.077,22.533],[71.181,22.696],[71.002,22.787],[71.032,22.873],[70.961,23.026],[71.014,23.098],[71.077,23.09],[71.058,23.166],[71.151,23.204],[71.234,23.144],[71.33,23.183],[71.721,23.147],[71.637,23.201],[71.68,23.29],[71.543,23.478],[71.737,23.492],[71.808,23.397],[71.961,23.523],[72.009,23.501]]]},"properties":{"name":"Surendranagar","state":"Gujarat","lat":22.82,"lon":71.519,"monitored":""}},{"type":"Feature","geometry":{"type":"Polygon","coordinates":[[[73.896,20.933],[73.95,20.742],[73.823,20.694],[73.838,20.616],[73.666,20.563],[73.538,20.674],[73.498,20.653],[73.501,20.913],[73.556,21.009],[73.604,20.96],[73.757,21.005],[73.896,20.933]]]},"properties":{"name":"The Dangs","state":"Gujarat","lat":20.828,"lon":73.713,"monitored":""}},{"type":"Feature","geometry":{"type":"Polygon","coordinates":[[[73.413,22.81],[73.379,22.554],[73.426,22.548],[73.429,22.427],[73.491,22.347],[73.636,22.324],[73.649,22.386],[73.71,22.349],[73.64,22.301],[73.736,22.291],[73.776,22.383],[73.738,22.414],[73.747,22.536],[73.889,22.504],[74.024,22.573],[74.067,22.551],[74.037,22.492],[74.085,22.509],[74.123,22.421],[74.191,22.478],[74.294,22.394],[74.191,22.322],[74.072,22.36],[74.076,22.222],[74.123,22.213],[74.13,22.098],[74.181,22.087],[74.098,22.015],[74.146,21.954],[73.949,21.87],[73.864,21.951],[73.799,21.931],[73.74,21.98],[73.66,21.966],[73.693,21.92],[73.617,21.896],[73.554,21.979],[73.462,21.978],[73.44,21.915],[73.367,21.926],[73.355,21.875],[73.251,21.93],[73.256,21.842],[73.218,21.82],[73.071,21.881],[73.099,21.929],[73.006,21.915],[73.084,22.001],[72.921,22.045],[72.874,22.15],[72.937,22.182],[72.891,22.176],[72.874,22.224],[72.933,22.305],[72.986,22.248],[73.068,22.309],[73.099,22.507],[73.272,22.661],[73.267,22.768],[73.386,22.757],[73.413,22.81]]]},"properties":{"name":"Vadodara","state":"Gujarat","lat":22.316,"lon":73.365,"monitored":""}},{"type":"Feature","geometry":{"type":"Polygon","coordinates":[[[72.853,20.745],[73.056,20.702],[73.084,20.6],[73.28,20.582],[73.416,20.626],[73.481,20.584],[73.501,20.54],[73.391,20.39],[73.427,20.202],[73.311,20.207],[73.259,20.125],[73.201,20.13],[73.229,20.184],[73.18,20.209],[73.082,20.157],[73.07,20.221],[73.18,20.29],[73.113,20.305],[73.103,20.36],[73.044,20.291],[72.925,20.279],[72.969,20.211],[72.875,20.226],[72.835,20.145],[72.738,20.137],[72.776,20.333],[72.845,20.407],[72.876,20.381],[72.837,20.428],[72.898,20.574],[72.853,20.745]]]},"properties":{"name":"Valsad","state":"Gujarat","lat":20.484,"lon":73.16,"monitored":""}},{"type":"Feature","geometry":{"type":"Polygon","coordinates":[[[77.023,30.637],[77.311,30.454],[77.128,30.286],[77.142,30.221],[77.065,30.215],[77.099,30.18],[77.053,30.127],[76.842,30.252],[76.634,30.153],[76.59,30.254],[76.533,30.227],[76.715,30.333],[76.7,30.394],[76.758,30.439],[76.832,30.434],[76.898,30.363],[76.92,30.525],[77.023,30.637]]]},"properties":{"name":"Ambala","state":"Haryana","lat":30.378,"lon":77.064,"monitored":""}},{"type":"Feature","geometry":{"type":"Polygon","coordinates":[[[75.97,29.082],[76.061,29.03],[76.196,29.056],[76.23,28.916],[76.291,28.909],[76.285,28.813],[76.376,28.784],[76.371,28.708],[76.455,28.616],[76.404,28.556],[76.344,28.616],[76.282,28.439],[76.212,28.472],[76.108,28.455],[76.07,28.399],[76.013,28.395],[75.991,28.444],[75.898,28.434],[75.883,28.387],[75.77,28.408],[75.778,28.458],[75.556,28.615],[75.469,28.938],[75.593,28.996],[75.671,28.916],[75.823,28.917],[75.895,29.02],[75.971,28.999],[75.97,29.082]]]},"properties":{"name":"Bhiwani","state":"Haryana","lat":28.746,"lon":75.947,"monitored":""}},{"type":"Feature","geometry":{"type":"Polygon","coordinates":[[[77.364,28.493],[77.475,28.414],[77.467,28.27],[77.541,28.248],[77.489,28.212],[77.542,28.182],[77.469,28.086],[77.537,27.958],[77.412,27.859],[77.329,27.852],[77.066,27.992],[77.232,28.278],[77.145,28.322],[77.142,28.392],[77.241,28.429],[77.243,28.485],[77.364,28.493]]]},"properties":{"name":"Faridabad","state":"Haryana","lat":28.134,"lon":77.327,"monitored":""}},{"type":"Feature","geometry":{"type":"Polygon","coordinates":[[[75.71,29.812],[75.939,29.734],[75.949,29.569],[75.773,29.528],[75.704,29.434],[75.623,29.423],[75.583,29.339],[75.407,29.416],[75.388,29.322],[75.296,29.323],[75.272,29.254],[75.231,29.255],[75.217,29.327],[75.257,29.356],[75.212,29.394],[75.291,29.444],[75.281,29.61],[75.41,29.775],[75.444,29.808],[75.569,29.743],[75.687,29.752],[75.71,29.812]]]},"properties":{"name":"Fatehabad","state":"Haryana","lat":29.548,"lon":75.573,"monitored":""}},{"type":"Feature","geometry":{"type":"Polygon","coordinates":[[[77.0,28.542],[77.166,28.408],[77.145,28.322],[77.232,28.278],[77.066,27.992],[77.298,27.893],[77.327,27.838],[77.235,27.786],[77.151,27.816],[77.127,27.776],[77.038,27.82],[77.021,27.778],[77.079,27.738],[76.994,27.742],[76.97,27.657],[76.905,27.656],[76.962,28.144],[76.846,28.24],[76.673,28.268],[76.636,28.415],[76.7,28.496],[76.751,28.468],[77.0,28.542]]]},"properties":{"name":"Gurgaon","state":"Haryana","lat":28.068,"lon":77.031,"monitored":""}},{"type":"Feature","geometry":{"type":"Polygon","coordinates":[[[75.949,29.569],[75.926,29.507],[76.014,29.435],[76.192,29.407],[76.182,29.301],[76.22,29.224],[76.282,29.213],[76.308,29.121],[76.23,29.06],[76.223,28.991],[76.188,29.061],[76.061,29.03],[75.978,29.086],[75.971,28.999],[75.906,29.026],[75.843,28.931],[75.754,28.903],[75.593,28.996],[75.517,28.975],[75.381,29.07],[75.396,29.262],[75.345,29.226],[75.324,29.29],[75.255,29.295],[75.388,29.322],[75.407,29.416],[75.583,29.339],[75.623,29.423],[75.704,29.434],[75.773,29.528],[75.949,29.569]]]},"properties":{"name":"Hisar","state":"Haryana","lat":29.244,"lon":75.802,"monitored":""}},{"type":"Feature","geometry":{"type":"Polygon","coordinates":[[[76.893,28.867],[76.954,28.701],[76.926,28.629],[76.835,28.591],[76.879,28.509],[76.751,28.468],[76.7,28.496],[76.666,28.429],[76.606,28.434],[76.575,28.351],[76.496,28.383],[76.4,28.364],[76.411,28.33],[76.377,28.347],[76.388,28.401],[76.292,28.387],[76.278,28.489],[76.32,28.501],[76.344,28.616],[76.404,28.556],[76.455,28.616],[76.395,28.674],[76.409,28.729],[76.57,28.739],[76.637,28.843],[76.773,28.747],[76.786,28.818],[76.893,28.867]]]},"properties":{"name":"Jhajjar","state":"Haryana","lat":28.604,"lon":76.655,"monitored":""}},{"type":"Feature","geometry":{"type":"Polygon","coordinates":[[[76.202,29.845],[76.166,29.682],[76.257,29.542],[76.334,29.585],[76.535,29.462],[76.745,29.472],[76.723,29.397],[76.637,29.368],[76.671,29.275],[76.551,29.287],[76.541,29.214],[76.467,29.247],[76.504,29.17],[76.445,29.067],[76.292,29.091],[76.288,29.202],[76.182,29.301],[76.192,29.407],[76.02,29.432],[75.926,29.507],[75.939,29.734],[76.202,29.845]]]},"properties":{"name":"Jind","state":"Haryana","lat":29.447,"lon":76.369,"monitored":""}},{"type":"Feature","geometry":{"type":"Polygon","coordinates":[[[76.41,30.202],[76.412,30.048],[76.463,30.027],[76.459,29.916],[76.543,29.862],[76.647,29.961],[76.744,29.929],[76.666,29.868],[76.701,29.687],[76.523,29.618],[76.482,29.519],[76.334,29.585],[76.263,29.539],[76.166,29.682],[76.242,29.869],[76.166,29.929],[76.255,30.105],[76.19,30.137],[76.384,30.124],[76.41,30.202]]]},"properties":{"name":"Kaithal","state":"Haryana","lat":29.774,"lon":76.444,"monitored":""}},{"type":"Feature","geometry":{"type":"Polygon","coordinates":[[[77.122,29.97],[77.211,29.941],[77.086,29.601],[77.124,29.453],[76.498,29.489],[76.523,29.618],[76.701,29.687],[76.683,29.897],[76.783,29.949],[76.827,29.914],[77.122,29.97]]]},"properties":{"name":"Karnal","state":"Haryana","lat":29.792,"lon":76.924,"monitored":""}},{"type":"Feature","geometry":{"type":"Polygon","coordinates":[[[76.819,30.253],[77.045,30.127],[77.062,30.17],[77.142,30.158],[77.166,30.07],[77.27,30.048],[77.263,30.002],[77.211,29.941],[77.103,29.995],[77.082,29.954],[76.969,29.969],[76.827,29.914],[76.783,29.949],[76.679,29.921],[76.647,29.961],[76.543,29.862],[76.459,29.916],[76.463,30.027],[76.412,30.048],[76.452,30.101],[76.601,30.08],[76.628,30.155],[76.819,30.253]]]},"properties":{"name":"Kurukshetra","state":"Haryana","lat":30.059,"lon":76.82,"monitored":""}},{"type":"Feature","geometry":{"type":"Polygon","coordinates":[[[76.146,28.467],[76.322,28.369],[76.388,28.401],[76.339,28.231],[76.277,28.173],[76.356,28.128],[76.297,28.101],[76.346,28.046],[76.177,28.059],[76.214,28.032],[76.155,27.999],[76.166,27.915],[76.223,27.841],[76.173,27.807],[76.088,27.868],[75.963,27.865],[75.977,27.909],[75.924,27.933],[76.036,28.074],[75.985,28.051],[75.936,28.094],[76.028,28.173],[76.093,28.155],[75.894,28.431],[75.991,28.444],[76.019,28.394],[76.146,28.467]]]},"properties":{"name":"Mahendragarh","state":"Haryana","lat":28.142,"lon":76.162,"monitored":""}},{"type":"Feature","geometry":{"type":"Polygon","coordinates":[[[76.814,30.921],[76.996,30.817],[77.013,30.742],[77.152,30.691],[77.151,30.593],[77.077,30.578],[77.023,30.637],[76.944,30.531],[76.885,30.54],[76.911,30.606],[76.862,30.679],[76.819,30.661],[76.847,30.793],[76.763,30.893],[76.814,30.921]]]},"properties":{"name":"Panchkula","state":"Haryana","lat":30.716,"lon":76.957,"monitored":""}},{"type":"Feature","geometry":{"type":"Polygon","coordinates":[[[76.745,29.472],[77.138,29.447],[77.132,29.172],[76.998,29.225],[76.873,29.198],[76.775,29.278],[76.701,29.256],[76.632,29.299],[76.639,29.373],[76.723,29.397],[76.745,29.472]]]},"properties":{"name":"Panipat","state":"Haryana","lat":29.336,"lon":76.886,"monitored":""}},{"type":"Feature","geometry":{"type":"Polygon","coordinates":[[[76.606,28.434],[76.673,28.268],[76.823,28.249],[76.854,28.225],[76.651,28.097],[76.66,28.019],[76.538,27.971],[76.539,28.039],[76.454,28.05],[76.498,28.065],[76.449,28.093],[76.498,28.107],[76.471,28.155],[76.377,28.138],[76.299,28.203],[76.351,28.372],[76.411,28.33],[76.4,28.364],[76.496,28.383],[76.575,28.351],[76.606,28.434]]]},"properties":{"name":"Rewari","state":"Haryana","lat":28.179,"lon":76.555,"monitored":""}},{"type":"Feature","geometry":{"type":"Polygon","coordinates":[[[76.544,29.09],[76.809,28.933],[76.809,28.864],[76.893,28.867],[76.786,28.818],[76.773,28.747],[76.637,28.843],[76.57,28.739],[76.441,28.741],[76.397,28.686],[76.392,28.765],[76.285,28.813],[76.291,28.909],[76.211,28.958],[76.23,29.06],[76.544,29.09]]]},"properties":{"name":"Rohtak","state":"Haryana","lat":28.888,"lon":76.549,"monitored":""}},{"type":"Feature","geometry":{"type":"Polygon","coordinates":[[[74.696,29.972],[74.916,29.949],[74.99,29.856],[75.085,29.915],[75.09,29.807],[75.142,29.777],[75.201,29.83],[75.231,29.752],[75.158,29.663],[75.223,29.546],[75.292,29.55],[75.291,29.444],[75.212,29.394],[75.257,29.356],[75.217,29.327],[75.223,29.235],[74.953,29.282],[74.927,29.365],[74.841,29.404],[74.596,29.328],[74.531,29.425],[74.614,29.527],[74.567,29.563],[74.605,29.753],[74.472,29.744],[74.471,29.802],[74.554,29.866],[74.519,29.943],[74.647,29.905],[74.696,29.972]]]},"properties":{"name":"Sirsa","state":"Haryana","lat":29.613,"lon":74.881,"monitored":""}},{"type":"Feature","geometry":{"type":"Polygon","coordinates":[[[76.551,29.287],[76.766,29.282],[76.817,29.214],[76.998,29.225],[77.132,29.172],[77.122,29.106],[77.214,29.007],[77.221,28.904],[77.142,28.842],[77.076,28.885],[76.948,28.818],[76.882,28.873],[76.809,28.864],[76.817,28.926],[76.661,28.989],[76.629,29.063],[76.469,29.101],[76.504,29.17],[76.467,29.247],[76.541,29.214],[76.551,29.287]]]},"properties":{"name":"Sonepat","state":"Haryana","lat":29.035,"lon":76.915,"monitored":""}},{"type":"Feature","geometry":{"type":"Polygon","coordinates":[[[77.311,30.454],[77.401,30.419],[77.451,30.465],[77.435,30.404],[77.51,30.449],[77.59,30.377],[77.574,30.319],[77.409,30.103],[77.196,30.051],[77.17,30.134],[77.061,30.208],[77.142,30.221],[77.128,30.286],[77.311,30.454]]]},"properties":{"name":"Yamuna Nagar","state":"Haryana","lat":30.253,"lon":77.329,"monitored":""}},{"type":"Feature","geometry":{"type":"Polygon","coordinates":[[[76.715,31.588],[76.718,31.523],[76.772,31.505],[76.79,31.426],[76.866,31.415],[76.862,31.335],[76.914,31.306],[76.869,31.227],[76.581,31.216],[76.571,31.28],[76.431,31.283],[76.385,31.43],[76.458,31.427],[76.445,31.489],[76.6,31.422],[76.607,31.576],[76.715,31.588]]]},"properties":{"name":"Bilaspur","state":"Himachal Pradesh","lat":31.375,"lon":76.633,"monitored":""}},{"type":"Feature","geometry":{"type":"Polygon","coordinates":[[[76.556,33.207],[76.627,33.162],[76.73,33.179],[76.718,33.084],[76.774,32.962],[76.654,32.847],[76.496,32.804],[76.427,32.855],[76.359,32.798],[76.426,32.661],[76.577,32.644],[76.698,32.54],[76.867,32.522],[76.738,32.36],[76.755,32.223],[76.609,32.195],[76.409,32.266],[76.239,32.395],[76.151,32.355],[76.166,32.229],[76.016,32.271],[75.851,32.508],[75.924,32.644],[75.912,32.757],[75.795,32.87],[75.798,32.919],[75.987,32.901],[76.094,33.005],[76.237,33.033],[76.385,33.183],[76.556,33.207]]]},"properties":{"name":"Chamba","state":"Himachal Pradesh","lat":32.709,"lon":76.16,"monitored":""}},{"type":"Feature","geometry":{"type":"Polygon","coordinates":[[[76.612,31.819],[76.713,31.668],[76.715,31.588],[76.607,31.576],[76.6,31.422],[76.445,31.489],[76.286,31.79],[76.398,31.787],[76.577,31.899],[76.625,31.877],[76.612,31.819]]]},"properties":{"name":"Hamirpur","state":"Himachal Pradesh","lat":31.628,"lon":76.543,"monitored":""}},{"type":"Feature","geometry":{"type":"Polygon","coordinates":[[[76.879,32.449],[76.936,32.405],[77.064,32.415],[76.973,32.114],[76.827,32.044],[76.777,32.077],[76.723,32.032],[76.664,32.05],[76.663,31.876],[76.577,31.899],[76.398,31.787],[76.286,31.79],[76.275,31.689],[76.068,31.846],[75.944,31.858],[75.866,31.969],[75.579,32.082],[75.662,32.165],[75.623,32.235],[75.872,32.398],[75.959,32.391],[76.016,32.271],[76.107,32.23],[76.166,32.229],[76.151,32.355],[76.239,32.395],[76.409,32.266],[76.658,32.181],[76.755,32.223],[76.771,32.408],[76.879,32.449]]]},"properties":{"name":"Kangra","state":"Himachal Pradesh","lat":32.064,"lon":76.192,"monitored":""}},{"type":"Feature","geometry":{"type":"Polygon","coordinates":[[[78.648,32.094],[78.771,32.0],[78.693,31.787],[78.831,31.62],[78.721,31.541],[78.717,31.485],[78.795,31.453],[78.776,31.401],[78.997,31.115],[78.871,31.107],[78.795,31.205],[78.648,31.195],[78.595,31.236],[78.47,31.204],[78.369,31.288],[78.149,31.349],[78.088,31.424],[77.949,31.407],[77.826,31.511],[77.747,31.766],[78.017,31.765],[78.068,31.792],[78.074,31.863],[78.173,31.876],[78.186,31.937],[78.441,31.944],[78.404,31.994],[78.433,32.059],[78.648,32.094]]]},"properties":{"name":"Kinnaur","state":"Himachal Pradesh","lat":31.58,"lon":78.29,"monitored":""}},{"type":"Feature","geometry":{"type":"Polygon","coordinates":[[[77.058,32.399],[77.31,32.324],[77.354,32.226],[77.529,32.226],[77.728,32.095],[77.785,31.99],[77.768,31.919],[77.853,31.887],[77.838,31.763],[77.747,31.766],[77.633,31.664],[77.691,31.501],[77.613,31.45],[77.615,31.395],[77.511,31.355],[77.372,31.365],[77.287,31.561],[77.291,31.665],[77.202,31.724],[77.165,31.845],[77.044,31.838],[76.928,32.047],[76.93,32.115],[76.973,32.114],[76.979,32.189],[77.036,32.229],[77.014,32.309],[77.058,32.399]]]},"properties":{"name":"Kullu","state":"Himachal Pradesh","lat":31.866,"lon":77.44,"monitored":""}},{"type":"Feature","geometry":{"type":"Polygon","coordinates":[[[76.803,33.237],[76.803,33.156],[76.918,33.034],[77.136,32.98],[77.146,32.914],[77.328,32.82],[77.387,32.886],[77.455,32.862],[77.665,32.986],[77.712,32.972],[77.79,32.905],[77.761,32.865],[77.915,32.766],[77.903,32.693],[77.983,32.587],[78.371,32.762],[78.389,32.623],[78.297,32.578],[78.279,32.508],[78.31,32.476],[78.394,32.529],[78.519,32.418],[78.439,32.246],[78.593,32.219],[78.574,32.159],[78.643,32.078],[78.433,32.059],[78.404,31.994],[78.441,31.944],[78.186,31.937],[78.173,31.876],[78.074,31.863],[78.068,31.792],[77.883,31.757],[77.832,31.81],[77.853,31.887],[77.757,31.938],[77.785,31.99],[77.728,32.095],[77.529,32.226],[77.407,32.198],[77.18,32.404],[76.936,32.405],[76.839,32.472],[76.857,32.534],[76.698,32.54],[76.577,32.644],[76.426,32.661],[76.36,32.821],[76.427,32.855],[76.496,32.804],[76.668,32.855],[76.774,32.962],[76.718,33.098],[76.755,33.249],[76.803,33.237]]]},"properties":{"name":"Lahul and Spiti","state":"Himachal Pradesh","lat":32.492,"lon":77.57,"monitored":""}},{"type":"Feature","geometry":{"type":"Polygon","coordinates":[[[76.647,32.033],[76.924,32.065],[77.044,31.838],[77.165,31.845],[77.202,31.724],[77.291,31.665],[77.311,31.474],[77.376,31.387],[77.291,31.275],[77.069,31.252],[76.906,31.37],[76.861,31.358],[76.866,31.415],[76.79,31.426],[76.772,31.505],[76.718,31.523],[76.713,31.668],[76.606,31.793],[76.679,31.935],[76.647,32.033]]]},"properties":{"name":"Mandi","state":"Himachal Pradesh","lat":31.594,"lon":77.007,"monitored":""}},{"type":"Feature","geometry":{"type":"Polygon","coordinates":[[[77.756,31.708],[77.887,31.447],[77.949,31.407],[78.088,31.424],[78.298,31.288],[78.014,31.155],[77.887,31.155],[77.801,31.062],[77.817,30.954],[77.736,30.964],[77.801,30.913],[77.698,30.773],[77.644,30.811],[77.479,30.799],[77.397,30.931],[77.427,30.98],[77.36,31.026],[77.232,30.923],[77.172,31.013],[77.054,31.054],[77.059,31.091],[77.025,31.072],[77.033,31.12],[76.979,31.115],[77.02,31.163],[76.989,31.301],[77.147,31.235],[77.291,31.275],[77.349,31.36],[77.615,31.395],[77.613,31.45],[77.694,31.507],[77.633,31.664],[77.756,31.708]]]},"properties":{"name":"Shimla","state":"Himachal Pradesh","lat":31.255,"lon":77.723,"monitored":""}},{"type":"Feature","geometry":{"type":"Polygon","coordinates":[[[77.414,30.906],[77.479,30.799],[77.671,30.791],[77.779,30.664],[77.73,30.598],[77.806,30.561],[77.799,30.511],[77.581,30.43],[77.565,30.385],[77.51,30.449],[77.416,30.408],[77.451,30.465],[77.401,30.419],[77.122,30.548],[77.154,30.689],[77.005,30.752],[77.36,31.026],[77.427,30.98],[77.414,30.906]]]},"properties":{"name":"Sirmaur","state":"Himachal Pradesh","lat":30.721,"lon":77.405,"monitored":""}},{"type":"Feature","geometry":{"type":"Polygon","coordinates":[[[76.906,31.37],[77.0,31.282],[77.02,31.163],[76.979,31.115],[77.033,31.12],[77.025,31.072],[77.064,31.089],[77.054,31.054],[77.238,30.952],[77.015,30.752],[76.902,30.897],[76.77,30.906],[76.612,31.002],[76.599,31.054],[76.626,31.11],[76.59,31.183],[76.719,31.243],[76.869,31.227],[76.914,31.306],[76.861,31.358],[76.906,31.37]]]},"properties":{"name":"Solan","state":"Himachal Pradesh","lat":31.063,"lon":76.83,"monitored":""}},{"type":"Feature","geometry":{"type":"Polygon","coordinates":[[[76.04,31.856],[76.275,31.689],[76.299,31.724],[76.458,31.427],[76.363,31.441],[76.296,31.319],[76.173,31.307],[75.922,31.817],[75.971,31.815],[75.944,31.858],[76.04,31.856]]]},"properties":{"name":"Una","state":"Himachal Pradesh","lat":31.565,"lon":76.215,"monitored":""}},{"type":"Feature","geometry":{"type":"Polygon","coordinates":[[[75.743,34.192],[75.525,33.934],[75.662,33.62],[75.559,33.375],[75.291,33.528],[75.303,33.597],[75.243,33.586],[75.251,33.532],[75.185,33.465],[74.877,33.522],[74.728,33.504],[74.716,33.696],[74.876,33.64],[75.215,33.816],[75.252,34.149],[75.478,34.374],[75.743,34.192]]]},"properties":{"name":"Anantnag (Kashmir South)","state":"Jammu and Kashmir","lat":33.875,"lon":75.386,"monitored":""}},{"type":"Feature","geometry":{"type":"Polygon","coordinates":[[[74.997,34.042],[74.969,33.853],[74.724,33.686],[74.53,34.028],[74.886,34.153],[74.997,34.042]]]},"properties":{"name":"Bagdam","state":"Jammu and Kashmir","lat":33.941,"lon":74.781,"monitored":""}},{"type":"Feature","geometry":{"type":"Polygon","coordinates":[[[74.648,34.723],[75.019,34.641],[75.26,34.644],[75.351,34.562],[75.465,34.543],[75.478,34.374],[75.282,34.362],[75.074,34.466],[75.025,34.374],[74.796,34.34],[74.787,34.27],[74.873,34.129],[74.465,34.001],[74.281,34.005],[74.123,34.095],[73.948,34.105],[73.884,34.061],[73.982,34.239],[73.913,34.348],[74.095,34.305],[74.166,34.339],[74.402,34.317],[74.458,34.448],[74.522,34.474],[74.503,34.586],[74.648,34.723]]]},"properties":{"name":"Baramula (Kashmir North)","state":"Jammu and Kashmir","lat":34.368,"lon":74.703,"monitored":""}},{"type":"Feature","geometry":{"type":"Polygon","coordinates":[[[75.743,34.192],[75.938,33.981],[76.097,33.986],[76.228,33.864],[76.333,33.705],[76.307,33.562],[76.4,33.595],[76.534,33.535],[76.707,33.41],[76.806,33.236],[76.76,33.253],[76.73,33.179],[76.627,33.162],[76.582,33.207],[76.392,33.187],[76.237,33.033],[76.094,33.005],[75.94,32.884],[75.867,32.93],[75.798,32.902],[75.666,32.938],[75.233,33.13],[75.283,33.289],[75.181,33.38],[75.174,33.458],[75.251,33.532],[75.243,33.586],[75.303,33.597],[75.291,33.528],[75.559,33.375],[75.662,33.62],[75.525,33.934],[75.743,34.192]]]},"properties":{"name":"Doda","state":"Jammu and Kashmir","lat":33.548,"lon":76.068,"monitored":""}},{"type":"Feature","geometry":{"type":"Polygon","coordinates":[[[74.676,33.001],[74.775,32.97],[74.801,33.037],[74.94,33.053],[74.971,32.917],[75.033,32.931],[75.226,32.829],[75.239,32.702],[75.427,32.588],[75.229,32.507],[75.197,32.404],[75.037,32.492],[74.979,32.448],[74.698,32.485],[74.642,32.611],[74.697,32.84],[74.532,32.741],[74.414,32.904],[74.316,32.93],[74.449,33.0],[74.565,32.959],[74.676,33.001]]]},"properties":{"name":"Jammu","state":"Jammu and Kashmir","lat":32.721,"lon":74.953,"monitored":""}},{"type":"Feature","geometry":{"type":"Polygon","coordinates":[[[75.465,34.543],[75.749,34.516],[76.036,34.67],[76.158,34.643],[76.329,34.733],[76.367,34.347],[76.444,34.232],[76.685,34.136],[76.892,33.914],[77.311,33.779],[77.508,33.63],[77.561,33.529],[77.522,33.433],[77.364,33.274],[77.523,32.89],[77.387,32.886],[77.328,32.82],[77.146,32.914],[77.136,32.98],[76.918,33.034],[76.803,33.156],[76.828,33.246],[76.707,33.41],[76.421,33.592],[76.307,33.562],[76.333,33.705],[76.228,33.864],[76.097,33.986],[75.938,33.981],[75.738,34.203],[75.578,34.276],[75.478,34.374],[75.465,34.543]]]},"properties":{"name":"Kargil","state":"Jammu and Kashmir","lat":33.742,"lon":76.834,"monitored":""}},{"type":"Feature","geometry":{"type":"Polygon","coordinates":[[[75.905,32.615],[75.712,32.418],[75.529,32.349],[75.499,32.275],[75.472,32.34],[75.322,32.337],[75.197,32.404],[75.229,32.507],[75.427,32.588],[75.439,32.634],[75.622,32.679],[75.622,32.739],[75.758,32.778],[75.795,32.869],[75.912,32.757],[75.905,32.615]]]},"properties":{"name":"Kathua","state":"Jammu and Kashmir","lat":32.548,"lon":75.583,"monitored":""}},{"type":"Feature","geometry":{"type":"Polygon","coordinates":[[[73.79,34.427],[73.948,34.573],[73.96,34.697],[74.142,34.691],[74.376,34.803],[74.648,34.723],[74.503,34.586],[74.522,34.474],[74.458,34.448],[74.402,34.317],[73.773,34.35],[73.79,34.427]]]},"properties":{"name":"Kupwara (Muzaffarabad)","state":"Jammu and Kashmir","lat":34.524,"lon":74.204,"monitored":""}},{"type":"Feature","geometry":{"type":"Polygon","coordinates":[[[78.014,35.264],[78.124,35.135],[78.083,35.082],[78.248,34.695],[78.425,34.603],[78.569,34.612],[78.99,34.318],[78.942,34.205],[78.706,34.072],[78.77,34.02],[78.712,33.923],[78.784,33.77],[78.711,33.655],[78.823,33.483],[79.067,33.296],[79.075,33.229],[79.41,33.179],[79.352,32.979],[79.564,32.671],[79.545,32.607],[79.312,32.487],[79.258,32.523],[79.149,32.484],[79.096,32.368],[78.971,32.344],[78.818,32.439],[78.746,32.696],[78.31,32.476],[78.297,32.578],[78.389,32.623],[78.371,32.762],[77.983,32.587],[77.903,32.693],[77.915,32.766],[77.761,32.865],[77.79,32.905],[77.712,32.972],[77.665,32.986],[77.523,32.89],[77.364,33.274],[77.522,33.433],[77.561,33.529],[77.508,33.63],[77.311,33.779],[76.892,33.914],[76.685,34.136],[76.444,34.232],[76.367,34.347],[76.329,34.733],[76.474,34.794],[76.682,34.76],[76.749,34.927],[76.87,34.972],[76.997,34.939],[77.018,35.038],[77.157,35.055],[77.824,35.501],[77.903,35.428],[77.962,35.48],[78.104,35.484],[77.99,35.379],[78.014,35.264]]]},"properties":{"name":"Ladakh (Leh)","state":"Jammu and Kashmir","lat":33.971,"lon":77.79,"monitored":""}},{"type":"Feature","geometry":{"type":"Polygon","coordinates":[[[75.243,34.048],[75.215,33.816],[74.876,33.64],[74.724,33.686],[74.969,33.853],[74.997,34.042],[75.243,34.048]]]},"properties":{"name":"Pulwama","state":"Jammu and Kashmir","lat":33.834,"lon":75.079,"monitored":""}},{"type":"Feature","geometry":{"type":"Polygon","coordinates":[[[73.89,34.042],[73.923,34.097],[74.029,34.104],[74.205,34.078],[74.281,34.005],[74.53,34.028],[74.719,33.712],[74.728,33.504],[74.55,33.579],[74.452,33.566],[74.346,33.381],[74.24,33.511],[74.165,33.496],[74.096,33.57],[74.028,33.575],[73.966,33.74],[74.22,33.867],[74.263,33.974],[74.226,34.033],[74.124,34.055],[73.89,34.042]]]},"properties":{"name":"Punch","state":"Jammu and Kashmir","lat":33.804,"lon":74.379,"monitored":""}},{"type":"Feature","geometry":{"type":"Polygon","coordinates":[[[74.753,33.508],[74.805,33.399],[74.805,33.236],[74.685,33.214],[74.738,33.154],[74.676,33.001],[74.335,32.955],[74.338,33.026],[74.205,33.043],[74.112,33.164],[74.014,33.198],[74.02,33.259],[74.103,33.271],[74.171,33.347],[74.165,33.496],[74.24,33.511],[74.346,33.381],[74.452,33.566],[74.55,33.579],[74.753,33.508]]]},"properties":{"name":"Rajauri","state":"Jammu and Kashmir","lat":33.265,"lon":74.433,"monitored":""}},{"type":"Feature","geometry":{"type":"Polygon","coordinates":[[[75.478,34.374],[75.283,34.198],[75.243,34.048],[75.174,34.037],[74.997,34.042],[74.787,34.27],[74.807,34.35],[75.025,34.374],[75.074,34.466],[75.282,34.362],[75.478,34.374]]]},"properties":{"name":"Srinagar","state":"Jammu and Kashmir","lat":34.234,"lon":75.072,"monitored":""}},{"type":"Feature","geometry":{"type":"Polygon","coordinates":[[[74.753,33.508],[75.185,33.465],[75.171,33.396],[75.283,33.289],[75.233,33.13],[75.798,32.902],[75.779,32.797],[75.639,32.756],[75.622,32.679],[75.431,32.609],[75.239,32.702],[75.226,32.829],[75.033,32.931],[74.971,32.917],[74.94,33.053],[74.801,33.037],[74.775,32.97],[74.676,33.001],[74.738,33.154],[74.685,33.214],[74.805,33.236],[74.805,33.399],[74.753,33.508]]]},"properties":{"name":"Udhampur","state":"Jammu and Kashmir","lat":33.092,"lon":75.021,"monitored":""}},{"type":"Feature","geometry":{"type":"Polygon","coordinates":[[[85.675,23.965],[85.832,23.828],[85.887,23.953],[85.969,23.886],[86.121,23.904],[86.165,23.726],[86.296,23.737],[86.466,23.63],[86.381,23.584],[86.372,23.483],[86.3,23.42],[86.146,23.473],[86.145,23.568],[86.047,23.584],[86.011,23.552],[86.047,23.494],[85.878,23.476],[85.758,23.672],[85.649,23.589],[85.61,23.614],[85.649,23.795],[85.606,23.779],[85.577,23.834],[85.675,23.965]]]},"properties":{"name":"Bokaro","state":"Jharkhand","lat":23.699,"lon":85.992,"monitored":""}},{"type":"Feature","geometry":{"type":"Polygon","coordinates":[[[85.076,24.44],[85.096,24.336],[85.345,24.321],[85.293,24.21],[85.141,24.225],[85.165,24.11],[85.244,24.027],[85.181,23.949],[85.028,23.984],[85.057,23.732],[85.0,23.677],[84.896,23.774],[84.938,23.802],[84.916,23.95],[84.752,23.967],[84.736,24.048],[84.563,23.985],[84.573,24.141],[84.437,24.244],[84.522,24.376],[84.658,24.394],[84.795,24.529],[84.834,24.453],[84.88,24.463],[84.898,24.372],[85.076,24.44]]]},"properties":{"name":"Chatra","state":"Jharkhand","lat":24.079,"lon":84.882,"monitored":""}},{"type":"Feature","geometry":{"type":"Polygon","coordinates":[[[86.609,24.607],[86.668,24.561],[86.777,24.62],[86.8,24.565],[86.911,24.539],[86.88,24.427],[86.936,24.418],[86.957,24.316],[87.02,24.325],[87.066,24.252],[87.041,24.194],[86.974,24.219],[86.936,24.169],[86.954,24.048],[86.762,24.07],[86.69,24.115],[86.689,24.168],[86.668,24.133],[86.483,24.151],[86.511,24.237],[86.464,24.419],[86.609,24.607]]]},"properties":{"name":"Deoghar","state":"Jharkhand","lat":24.371,"lon":86.711,"monitored":""}},{"type":"Feature","geometry":{"type":"Polygon","coordinates":[[[86.316,24.036],[86.574,23.998],[86.764,23.874],[86.82,23.761],[86.792,23.687],[86.466,23.63],[86.296,23.737],[86.212,23.739],[86.175,23.721],[86.165,23.726],[86.131,23.935],[86.287,23.913],[86.316,24.036]]]},"properties":{"name":"Dhanbad","state":"Jharkhand","lat":23.818,"lon":86.471,"monitored":""}},{"type":"Feature","geometry":{"type":"Polygon","coordinates":[[[86.93,24.643],[87.309,24.596],[87.383,24.501],[87.559,24.52],[87.579,24.257],[87.642,24.25],[87.69,24.15],[87.569,24.156],[87.608,24.129],[87.576,24.085],[87.494,24.115],[87.509,24.035],[87.439,23.978],[87.136,24.041],[87.018,24.147],[86.958,24.114],[86.928,24.142],[86.969,24.216],[87.041,24.194],[87.066,24.252],[87.02,24.325],[86.957,24.316],[86.936,24.418],[86.88,24.427],[86.898,24.587],[86.93,24.643]]]},"properties":{"name":"Dumka","state":"Jharkhand","lat":24.286,"lon":87.31,"monitored":""}},{"type":"Feature","geometry":{"type":"Polygon","coordinates":[[[83.868,24.533],[83.811,24.292],[83.984,24.109],[83.859,24.07],[83.819,24.001],[83.967,23.857],[83.987,23.709],[84.062,23.692],[83.938,23.622],[83.935,23.563],[83.775,23.6],[83.695,23.821],[83.561,23.863],[83.507,24.028],[83.324,24.101],[83.402,24.266],[83.376,24.315],[83.451,24.365],[83.4,24.409],[83.395,24.504],[83.868,24.533]]]},"properties":{"name":"Garhwa","state":"Jharkhand","lat":24.049,"lon":83.651,"monitored":""}},{"type":"Feature","geometry":{"type":"Polygon","coordinates":[[[86.051,24.78],[86.039,24.741],[86.124,24.705],[86.133,24.604],[86.323,24.584],[86.279,24.462],[86.452,24.369],[86.511,24.237],[86.483,24.151],[86.57,24.139],[86.481,24.022],[86.331,24.051],[86.287,23.913],[86.192,23.947],[85.969,23.886],[85.885,24.033],[85.663,24.155],[85.794,24.231],[85.85,24.218],[85.825,24.446],[85.861,24.526],[85.758,24.626],[85.834,24.67],[85.815,24.729],[86.051,24.78]]]},"properties":{"name":"Giridih","state":"Jharkhand","lat":24.303,"lon":86.161,"monitored":""}},{"type":"Feature","geometry":{"type":"Polygon","coordinates":[[[87.472,25.195],[87.517,25.057],[87.449,24.893],[87.506,24.797],[87.432,24.755],[87.461,24.569],[87.387,24.544],[87.383,24.501],[87.309,24.596],[87.044,24.624],[87.079,24.822],[87.158,24.886],[87.147,25.024],[87.211,25.09],[87.291,25.089],[87.323,25.223],[87.472,25.195]]]},"properties":{"name":"Godda","state":"Jharkhand","lat":24.854,"lon":87.295,"monitored":""}},{"type":"Feature","geometry":{"type":"Polygon","coordinates":[[[84.312,23.578],[84.464,23.575],[84.468,23.484],[84.417,23.425],[84.48,23.355],[84.506,23.383],[84.629,23.306],[84.78,23.32],[84.782,23.279],[84.914,23.319],[84.893,23.259],[84.944,23.218],[84.863,23.092],[84.94,22.963],[85.008,22.945],[84.975,22.895],[85.001,22.801],[84.877,22.739],[84.841,22.767],[84.851,22.721],[84.813,22.743],[84.808,22.706],[84.726,22.799],[84.69,22.74],[84.58,22.711],[84.51,22.753],[84.549,22.785],[84.451,22.833],[84.409,22.761],[84.288,22.771],[84.377,22.876],[84.373,22.972],[84.217,22.976],[84.19,23.024],[84.148,22.964],[84.129,23.082],[84.029,23.154],[84.07,23.33],[84.237,23.348],[84.245,23.451],[84.32,23.494],[84.312,23.578]]]},"properties":{"name":"Gumla","state":"Jharkhand","lat":23.123,"lon":84.477,"monitored":""}},{"type":"Feature","geometry":{"type":"Polygon","coordinates":[[[85.442,24.539],[85.511,24.454],[85.523,24.339],[85.851,24.286],[85.85,24.218],[85.794,24.231],[85.663,24.155],[85.859,24.055],[85.923,23.954],[85.884,23.952],[85.832,23.828],[85.673,23.967],[85.577,23.834],[85.606,23.779],[85.649,23.795],[85.61,23.614],[85.649,23.589],[85.762,23.67],[85.833,23.502],[85.883,23.483],[85.854,23.422],[85.626,23.467],[85.516,23.575],[85.504,23.54],[85.262,23.579],[85.198,23.632],[85.219,23.699],[85.053,23.688],[85.028,23.984],[85.196,23.961],[85.24,24.064],[85.165,24.11],[85.133,24.21],[85.153,24.24],[85.293,24.21],[85.345,24.321],[85.096,24.336],[85.081,24.381],[85.283,24.527],[85.442,24.539]]]},"properties":{"name":"Hazaribag","state":"Jharkhand","lat":23.976,"lon":85.556,"monitored":""}},{"type":"Feature","geometry":{"type":"Polygon","coordinates":[[[86.946,24.044],[87.018,24.147],[87.131,24.044],[87.261,24.003],[87.295,23.899],[87.248,23.907],[87.246,23.828],[87.131,23.867],[87.166,23.82],[87.124,23.795],[86.895,23.88],[86.882,23.814],[86.871,23.844],[86.814,23.812],[86.574,23.998],[86.465,24.017],[86.564,24.138],[86.689,24.168],[86.695,24.11],[86.828,24.055],[86.946,24.044]]]},"properties":{"name":"Jamtara","state":"Jharkhand","lat":23.952,"lon":86.955,"monitored":""}},{"type":"Feature","geometry":{"type":"Polygon","coordinates":[[[85.905,24.761],[85.815,24.729],[85.834,24.67],[85.758,24.626],[85.861,24.526],[85.825,24.446],[85.863,24.294],[85.523,24.339],[85.511,24.454],[85.442,24.539],[85.518,24.525],[85.577,24.603],[85.665,24.582],[85.65,24.687],[85.737,24.823],[85.905,24.761]]]},"properties":{"name":"Koderma","state":"Jharkhand","lat":24.561,"lon":85.685,"monitored":""}},{"type":"Feature","geometry":{"type":"Polygon","coordinates":[[[84.578,23.986],[84.736,24.048],[84.752,23.967],[84.926,23.939],[84.938,23.802],[84.896,23.774],[84.959,23.706],[84.912,23.652],[84.928,23.549],[84.899,23.58],[84.847,23.532],[84.791,23.576],[84.778,23.544],[84.729,23.637],[84.674,23.603],[84.595,23.667],[84.559,23.614],[84.498,23.675],[84.312,23.578],[84.32,23.494],[84.245,23.451],[84.237,23.348],[83.975,23.365],[84.002,23.623],[84.062,23.692],[83.978,23.724],[84.133,23.943],[84.244,23.927],[84.236,23.885],[84.444,23.961],[84.489,23.893],[84.578,23.986]]]},"properties":{"name":"Latehar","state":"Jharkhand","lat":23.699,"lon":84.498,"monitored":""}},{"type":"Feature","geometry":{"type":"Polygon","coordinates":[[[84.392,23.603],[84.498,23.675],[84.559,23.614],[84.634,23.667],[84.674,23.603],[84.729,23.637],[84.778,23.544],[84.791,23.576],[84.847,23.532],[84.879,23.556],[84.938,23.499],[84.88,23.404],[84.891,23.319],[84.782,23.279],[84.78,23.32],[84.629,23.306],[84.513,23.381],[84.472,23.359],[84.417,23.425],[84.468,23.484],[84.464,23.575],[84.392,23.603]]]},"properties":{"name":"Lohardaga","state":"Jharkhand","lat":23.455,"lon":84.677,"monitored":""}},{"type":"Feature","geometry":{"type":"Polygon","coordinates":[[[87.794,24.714],[87.901,24.722],[87.873,24.611],[87.91,24.594],[87.848,24.551],[87.769,24.582],[87.823,24.494],[87.756,24.304],[87.657,24.235],[87.579,24.257],[87.559,24.52],[87.385,24.517],[87.464,24.573],[87.433,24.76],[87.548,24.827],[87.71,24.731],[87.742,24.765],[87.794,24.714]]]},"properties":{"name":"Pakur","state":"Jharkhand","lat":24.535,"lon":87.604,"monitored":""}},{"type":"Feature","geometry":{"type":"Polygon","coordinates":[[[83.868,24.533],[83.992,24.638],[84.11,24.481],[84.146,24.54],[84.179,24.51],[84.188,24.555],[84.297,24.563],[84.326,24.503],[84.293,24.451],[84.487,24.305],[84.437,24.244],[84.573,24.141],[84.564,23.933],[84.477,23.894],[84.461,23.954],[84.337,23.951],[84.236,23.885],[84.244,23.927],[84.133,23.943],[83.993,23.742],[83.962,23.866],[83.819,24.001],[83.859,24.07],[83.984,24.109],[83.811,24.292],[83.868,24.533]]]},"properties":{"name":"Palamu","state":"Jharkhand","lat":24.193,"lon":84.205,"monitored":""}},{"type":"Feature","geometry":{"type":"Polygon","coordinates":[[[85.336,22.883],[85.458,22.798],[85.643,22.847],[85.696,22.805],[85.677,22.726],[85.714,22.684],[85.86,22.708],[85.862,22.618],[85.904,22.6],[85.869,22.559],[86.009,22.424],[85.993,22.338],[86.043,22.306],[85.97,22.243],[86.027,22.185],[85.905,21.967],[85.761,21.99],[85.788,22.077],[85.831,22.077],[85.802,22.111],[85.682,22.049],[85.363,22.155],[85.231,22.0],[85.095,22.099],[84.981,22.082],[85.114,22.29],[85.06,22.535],[85.152,22.827],[85.336,22.883]]]},"properties":{"name":"Pashchim Singhbhum","state":"Jharkhand","lat":22.48,"lon":85.512,"monitored":""}},{"type":"Feature","geometry":{"type":"Polygon","coordinates":[[[86.413,22.786],[86.637,22.655],[86.652,22.576],[86.784,22.544],[86.798,22.484],[86.751,22.451],[86.844,22.396],[86.829,22.325],[86.886,22.252],[86.79,22.263],[86.8,22.214],[86.748,22.208],[86.5,22.341],[86.433,22.302],[86.28,22.446],[86.107,22.485],[86.062,22.549],[86.164,22.667],[86.14,22.803],[86.214,22.888],[86.192,22.966],[86.279,23.011],[86.54,22.987],[86.433,22.923],[86.463,22.897],[86.413,22.786]]]},"properties":{"name":"Purba Singhbhum","state":"Jharkhand","lat":22.615,"lon":86.382,"monitored":""}},{"type":"Feature","geometry":{"type":"Polygon","coordinates":[[[84.916,23.668],[85.062,23.71],[85.101,23.663],[85.219,23.699],[85.198,23.632],[85.262,23.579],[85.504,23.54],[85.516,23.575],[85.626,23.467],[85.861,23.428],[85.896,23.371],[85.832,23.195],[85.889,23.152],[85.793,23.057],[85.857,22.884],[85.698,22.941],[85.601,22.933],[85.498,22.798],[85.336,22.883],[85.156,22.83],[85.071,22.571],[85.052,22.732],[84.972,22.783],[85.008,22.945],[84.94,22.963],[84.863,23.092],[84.945,23.223],[84.893,23.259],[84.92,23.309],[84.878,23.374],[84.938,23.499],[84.879,23.556],[84.928,23.549],[84.916,23.668]]]},"properties":{"name":"Ranchi","state":"Jharkhand","lat":23.122,"lon":85.37,"monitored":""}},{"type":"Feature","geometry":{"type":"Polygon","coordinates":[[[87.788,25.22],[87.777,25.091],[87.877,25.028],[87.969,24.885],[87.83,24.783],[87.844,24.718],[87.748,24.765],[87.71,24.731],[87.548,24.827],[87.493,24.804],[87.449,24.893],[87.517,25.057],[87.471,25.105],[87.482,25.295],[87.54,25.282],[87.58,25.348],[87.788,25.22]]]},"properties":{"name":"Sahibganj","state":"Jharkhand","lat":25.043,"lon":87.683,"monitored":""}},{"type":"Feature","geometry":{"type":"Polygon","coordinates":[[[86.234,22.993],[86.183,22.945],[86.191,22.815],[86.14,22.803],[86.151,22.633],[85.961,22.479],[85.869,22.559],[85.904,22.6],[85.862,22.618],[85.848,22.72],[85.698,22.693],[85.696,22.805],[85.643,22.847],[85.511,22.806],[85.601,22.933],[85.857,22.884],[85.793,23.057],[85.882,23.152],[86.037,23.144],[86.234,22.993]]]},"properties":{"name":"Saraikela Kharsawan","state":"Jharkhand","lat":22.831,"lon":85.926,"monitored":""}},{"type":"Feature","geometry":{"type":"Polygon","coordinates":[[[84.972,22.783],[85.052,22.732],[85.074,22.505],[84.908,22.42],[84.527,22.42],[84.426,22.349],[84.289,22.337],[84.003,22.521],[84.08,22.637],[84.221,22.669],[84.254,22.763],[84.409,22.761],[84.445,22.832],[84.549,22.785],[84.51,22.753],[84.587,22.71],[84.69,22.74],[84.726,22.799],[84.808,22.706],[84.813,22.743],[84.851,22.721],[84.841,22.767],[84.877,22.739],[84.972,22.783]]]},"properties":{"name":"Simdega","state":"Jharkhand","lat":22.579,"lon":84.554,"monitored":""}},{"type":"Feature","geometry":{"type":"Polygon","coordinates":[[[75.43,16.765],[75.496,16.738],[75.493,16.696],[75.441,16.695],[75.494,16.591],[75.452,16.411],[75.538,16.462],[75.573,16.407],[75.645,16.438],[76.028,16.296],[76.066,16.205],[76.24,16.162],[76.254,16.095],[76.333,16.087],[76.258,16.079],[76.306,16.061],[76.327,15.927],[76.284,15.898],[76.202,15.938],[76.117,15.882],[76.059,15.901],[76.08,16.007],[75.994,16.001],[75.971,15.857],[75.852,15.932],[75.772,15.898],[75.829,15.896],[75.846,15.835],[75.746,15.81],[75.557,15.822],[75.441,15.891],[75.413,16.128],[75.278,16.116],[75.289,16.198],[75.13,16.286],[75.137,16.324],[75.047,16.315],[75.081,16.434],[74.997,16.468],[75.012,16.536],[75.074,16.566],[75.127,16.507],[75.173,16.599],[75.259,16.603],[75.291,16.71],[75.43,16.765]]]},"properties":{"name":"Bagalkot","state":"Karnataka","lat":16.291,"lon":75.58,"monitored":""}},{"type":"Feature","geometry":{"type":"Polygon","coordinates":[[[77.379,13.492],[77.547,13.409],[77.596,13.433],[77.594,13.388],[77.651,13.389],[77.691,13.327],[77.784,13.342],[77.841,13.211],[77.957,13.234],[77.948,13.115],[77.893,13.09],[77.931,13.059],[77.832,12.91],[77.859,12.858],[77.758,12.929],[77.775,13.028],[77.72,13.179],[77.59,13.181],[77.551,13.223],[77.471,13.213],[77.398,13.116],[77.422,13.06],[77.322,12.966],[77.34,12.859],[77.422,12.869],[77.415,12.817],[77.473,12.799],[77.497,12.727],[77.533,12.79],[77.559,12.75],[77.585,12.773],[77.552,12.704],[77.609,12.697],[77.57,12.558],[77.606,12.5],[77.575,12.468],[77.625,12.477],[77.606,12.36],[77.463,12.236],[77.331,12.274],[77.231,12.491],[77.132,12.454],[77.065,12.685],[77.074,12.748],[77.144,12.784],[77.104,12.883],[77.161,12.922],[77.068,13.029],[77.066,13.117],[77.201,13.18],[77.182,13.264],[77.224,13.303],[77.332,13.322],[77.379,13.492]]]},"properties":{"name":"Bangalore Rural","state":"Karnataka","lat":12.864,"lon":77.226,"monitored":""}},{"type":"Feature","geometry":{"type":"Polygon","coordinates":[[[77.471,13.213],[77.72,13.179],[77.775,13.028],[77.758,12.929],[77.822,12.877],[77.783,12.739],[77.695,12.651],[77.589,12.648],[77.609,12.697],[77.55,12.713],[77.585,12.773],[77.559,12.75],[77.55,12.791],[77.533,12.79],[77.536,12.744],[77.481,12.734],[77.422,12.869],[77.37,12.845],[77.329,12.901],[77.322,12.966],[77.422,13.06],[77.421,13.155],[77.471,13.213]]]},"properties":{"name":"Bangalore Urban","state":"Karnataka","lat":12.947,"lon":77.543,"monitored":"Bengaluru Urban"}},{"type":"Feature","geometry":{"type":"Polygon","coordinates":[[[75.288,16.955],[75.345,16.953],[75.337,16.866],[75.397,16.859],[75.366,16.712],[75.291,16.71],[75.259,16.603],[75.173,16.599],[75.127,16.507],[75.074,16.566],[75.012,16.536],[74.997,16.463],[75.081,16.434],[75.047,16.315],[75.137,16.324],[75.13,16.286],[75.289,16.198],[75.278,16.116],[75.413,16.128],[75.451,15.791],[75.418,15.781],[75.429,15.84],[75.306,15.808],[75.275,15.648],[75.11,15.669],[75.095,15.606],[75.053,15.679],[74.835,15.607],[74.793,15.47],[74.731,15.487],[74.747,15.409],[74.619,15.356],[74.549,15.415],[74.432,15.395],[74.417,15.473],[74.283,15.521],[74.245,15.666],[74.097,15.671],[74.227,15.786],[74.25,15.741],[74.365,15.774],[74.389,15.844],[74.345,15.852],[74.374,15.892],[74.412,15.853],[74.392,15.901],[74.47,16.041],[74.368,16.053],[74.435,16.111],[74.496,16.102],[74.503,16.231],[74.38,16.294],[74.331,16.273],[74.325,16.379],[74.369,16.394],[74.3,16.503],[74.253,16.495],[74.272,16.539],[74.314,16.502],[74.329,16.553],[74.39,16.528],[74.477,16.661],[74.551,16.633],[74.574,16.552],[74.69,16.604],[74.661,16.638],[74.698,16.715],[74.924,16.77],[74.912,16.856],[74.967,16.905],[74.938,16.941],[75.09,16.949],[75.216,16.84],[75.283,16.874],[75.288,16.955]]]},"properties":{"name":"Belgaum","state":"Karnataka","lat":16.163,"lon":74.892,"monitored":"Belagavi"}},{"type":"Feature","geometry":{"type":"Polygon","coordinates":[[[76.836,15.625],[77.064,15.823],[77.047,15.725],[77.125,15.659],[77.116,15.625],[77.029,15.634],[77.027,15.5],[76.97,15.491],[77.062,15.322],[77.11,15.327],[77.165,15.251],[77.123,15.233],[77.163,15.161],[77.079,15.0],[76.877,15.029],[76.797,15.091],[76.757,14.983],[76.73,15.028],[76.67,15.014],[76.715,14.959],[76.662,14.911],[76.737,14.809],[76.668,14.788],[76.6,14.619],[76.526,14.558],[76.422,14.576],[76.429,14.614],[76.321,14.688],[76.251,14.693],[76.229,14.644],[76.144,14.799],[76.189,14.843],[76.073,14.864],[76.047,14.924],[75.87,14.85],[75.82,14.896],[75.828,14.778],[75.772,14.789],[75.706,14.718],[75.724,14.765],[75.666,14.804],[75.739,14.884],[75.685,14.935],[75.904,15.051],[75.905,15.128],[76.092,15.159],[76.186,15.231],[76.247,15.187],[76.361,15.321],[76.488,15.338],[76.609,15.437],[76.793,15.495],[76.836,15.625]]]},"properties":{"name":"Bellary","state":"Karnataka","lat":15.209,"lon":76.701,"monitored":""}},{"type":"Feature","geometry":{"type":"Polygon","coordinates":[[[77.337,18.435],[77.41,18.389],[77.363,18.308],[77.465,18.26],[77.51,18.307],[77.603,18.278],[77.564,18.201],[77.597,18.084],[77.546,18.054],[77.653,17.969],[77.511,17.801],[77.562,17.747],[77.45,17.691],[77.44,17.581],[77.188,17.613],[77.132,17.678],[76.993,17.693],[76.938,17.606],[76.899,17.644],[76.697,17.644],[76.716,17.782],[76.788,17.826],[76.741,17.898],[76.803,17.868],[76.916,17.915],[76.954,18.185],[77.109,18.153],[77.096,18.195],[77.206,18.278],[77.24,18.409],[77.337,18.435]]]},"properties":{"name":"Bidar","state":"Karnataka","lat":18.012,"lon":77.265,"monitored":""}},{"type":"Feature","geometry":{"type":"Polygon","coordinates":[[[75.636,17.478],[75.811,17.37],[75.825,17.423],[75.862,17.386],[75.887,17.417],[75.931,17.324],[76.06,17.354],[76.09,17.254],[76.177,17.191],[76.255,17.145],[76.359,17.182],[76.389,17.065],[76.429,17.097],[76.4,16.932],[76.458,16.922],[76.433,16.879],[76.469,16.837],[76.374,16.856],[76.354,16.816],[76.413,16.81],[76.371,16.765],[76.457,16.719],[76.404,16.645],[76.436,16.432],[76.309,16.392],[76.301,16.28],[76.353,16.223],[76.28,16.147],[76.066,16.205],[76.028,16.296],[75.645,16.438],[75.573,16.407],[75.538,16.462],[75.437,16.427],[75.494,16.522],[75.441,16.695],[75.493,16.696],[75.496,16.738],[75.39,16.76],[75.345,16.953],[75.468,16.985],[75.492,16.943],[75.57,16.964],[75.576,17.008],[75.678,16.964],[75.644,17.036],[75.674,17.114],[75.628,17.17],[75.66,17.261],[75.579,17.383],[75.636,17.478]]]},"properties":{"name":"Bijapur","state":"Karnataka","lat":16.813,"lon":75.88,"monitored":""}},{"type":"Feature","geometry":{"type":"Polygon","coordinates":[[[77.157,12.301],[77.42,12.278],[77.492,12.187],[77.72,12.172],[77.768,12.106],[77.665,11.94],[77.484,11.932],[77.419,11.751],[77.242,11.802],[77.103,11.763],[77.109,11.713],[77.004,11.803],[76.9,11.783],[76.837,11.574],[76.56,11.61],[76.504,11.698],[76.41,11.665],[76.403,11.803],[76.454,11.783],[76.483,11.851],[76.547,11.849],[76.571,11.977],[76.774,11.974],[76.805,12.022],[76.896,11.988],[76.931,12.019],[76.849,12.053],[76.849,12.177],[76.938,12.09],[76.985,12.168],[77.033,12.121],[77.123,12.197],[77.157,12.301]]]},"properties":{"name":"Chamrajnagar","state":"Karnataka","lat":11.936,"lon":77.069,"monitored":""}},{"type":"Feature","geometry":{"type":"Polygon","coordinates":[[[76.096,13.858],[76.148,13.724],[76.217,13.706],[76.358,13.524],[76.233,13.501],[76.04,13.369],[76.035,13.241],[75.816,13.251],[75.741,13.201],[75.738,13.026],[75.644,13.027],[75.555,12.91],[75.486,13.088],[75.407,13.106],[75.37,13.178],[75.253,13.124],[75.106,13.291],[75.081,13.34],[75.147,13.393],[75.138,13.47],[75.224,13.524],[75.22,13.598],[75.344,13.578],[75.413,13.636],[75.384,13.707],[75.491,13.764],[75.54,13.725],[75.608,13.756],[75.634,13.697],[75.669,13.759],[75.948,13.81],[76.032,13.891],[76.096,13.858]]]},"properties":{"name":"Chikmagalur","state":"Karnataka","lat":13.432,"lon":75.637,"monitored":""}},{"type":"Feature","geometry":{"type":"Polygon","coordinates":[[[76.717,15.03],[76.733,14.982],[76.864,14.964],[76.849,14.804],[76.78,14.779],[76.761,14.596],[76.87,14.468],[76.973,14.478],[76.879,14.346],[77.02,14.173],[76.891,14.159],[76.946,14.085],[76.833,14.009],[76.81,13.91],[76.718,13.889],[76.764,13.793],[76.693,13.763],[76.682,13.682],[76.616,13.727],[76.451,13.584],[76.337,13.57],[76.029,13.892],[76.07,13.975],[76.023,14.109],[76.078,14.239],[76.129,14.25],[76.108,14.311],[76.154,14.315],[76.135,14.421],[76.202,14.452],[76.33,14.402],[76.457,14.446],[76.457,14.496],[76.6,14.619],[76.668,14.788],[76.737,14.812],[76.658,14.937],[76.705,14.928],[76.669,15.012],[76.717,15.03]]]},"properties":{"name":"Chitradurga","state":"Karnataka","lat":14.28,"lon":76.526,"monitored":""}},{"type":"Feature","geometry":{"type":"Polygon","coordinates":[[[75.351,13.179],[75.511,13.064],[75.561,12.863],[75.621,12.852],[75.657,12.745],[75.631,12.687],[75.67,12.695],[75.668,12.545],[75.489,12.455],[75.434,12.523],[75.337,12.458],[75.271,12.554],[75.328,12.585],[75.277,12.612],[75.223,12.563],[75.151,12.676],[75.086,12.698],[75.048,12.66],[75.05,12.715],[74.985,12.73],[75.005,12.785],[74.867,12.754],[74.802,12.931],[74.797,13.112],[74.864,13.122],[74.897,13.026],[75.014,12.98],[75.202,13.177],[75.295,13.121],[75.351,13.179]]]},"properties":{"name":"Dakshin Kannad","state":"Karnataka","lat":12.819,"lon":75.238,"monitored":""}},{"type":"Feature","geometry":{"type":"Polygon","coordinates":[[[76.063,14.907],[76.073,14.864],[76.189,14.843],[76.144,14.799],[76.229,14.644],[76.251,14.693],[76.321,14.688],[76.53,14.53],[76.381,14.415],[76.276,14.401],[76.183,14.453],[76.135,14.421],[76.154,14.315],[76.108,14.311],[76.129,14.25],[76.078,14.239],[76.023,14.109],[76.07,13.975],[76.028,13.864],[75.939,13.807],[75.669,13.759],[75.626,13.699],[75.591,13.791],[75.712,13.911],[75.672,14.006],[75.733,14.06],[75.586,14.053],[75.401,14.12],[75.485,14.17],[75.453,14.2],[75.526,14.198],[75.53,14.273],[75.632,14.309],[75.636,14.46],[75.797,14.506],[75.811,14.647],[75.739,14.686],[75.772,14.789],[75.835,14.794],[75.82,14.896],[75.87,14.85],[76.063,14.907]]]},"properties":{"name":"Davanagere","state":"Karnataka","lat":14.291,"lon":75.848,"monitored":""}},{"type":"Feature","geometry":{"type":"Polygon","coordinates":[[[75.498,15.678],[75.557,15.644],[75.533,15.535],[75.478,15.518],[75.494,15.369],[75.447,15.382],[75.452,15.299],[75.406,15.269],[75.45,15.212],[75.403,15.195],[75.418,15.053],[75.341,15.065],[75.34,15.156],[75.26,15.093],[75.145,15.097],[75.141,15.156],[75.084,15.07],[74.896,15.042],[74.895,15.095],[74.832,15.13],[74.902,15.296],[74.735,15.427],[74.731,15.487],[74.781,15.457],[74.817,15.501],[74.835,15.607],[75.053,15.679],[75.095,15.606],[75.11,15.669],[75.24,15.677],[75.253,15.644],[75.298,15.689],[75.363,15.643],[75.498,15.678]]]},"properties":{"name":"Dharwad","state":"Karnataka","lat":15.334,"lon":75.152,"monitored":""}},{"type":"Feature","geometry":{"type":"Polygon","coordinates":[[[75.462,15.879],[75.557,15.822],[75.746,15.81],[75.808,15.847],[76.041,15.761],[75.982,15.687],[76.011,15.66],[75.897,15.747],[75.871,15.712],[75.899,15.604],[75.811,15.472],[75.903,15.399],[75.889,15.284],[75.95,15.133],[75.743,14.94],[75.635,14.991],[75.601,14.951],[75.536,15.027],[75.42,15.057],[75.403,15.195],[75.45,15.212],[75.406,15.269],[75.452,15.299],[75.447,15.382],[75.494,15.369],[75.478,15.518],[75.533,15.535],[75.557,15.644],[75.505,15.645],[75.491,15.699],[75.339,15.645],[75.276,15.721],[75.316,15.729],[75.306,15.808],[75.367,15.802],[75.379,15.84],[75.429,15.84],[75.44,15.777],[75.462,15.879]]]},"properties":{"name":"Gadag","state":"Karnataka","lat":15.436,"lon":75.672,"monitored":""}},{"type":"Feature","geometry":{"type":"Polygon","coordinates":[[[76.614,17.768],[76.702,17.64],[76.768,17.664],[76.938,17.606],[76.989,17.692],[77.114,17.683],[77.188,17.613],[77.274,17.624],[77.502,17.541],[77.59,17.563],[77.686,17.506],[77.684,17.473],[77.653,17.503],[77.611,17.444],[77.51,17.427],[77.528,17.372],[77.452,17.37],[77.455,17.276],[77.36,17.162],[77.463,17.104],[77.499,17.007],[77.423,16.715],[77.465,16.678],[77.417,16.663],[77.469,16.647],[77.464,16.584],[77.391,16.565],[77.412,16.514],[77.239,16.473],[77.264,16.398],[77.056,16.514],[77.011,16.498],[76.98,16.557],[76.967,16.502],[76.867,16.483],[76.845,16.43],[76.757,16.423],[76.328,16.188],[76.309,16.392],[76.436,16.432],[76.404,16.645],[76.457,16.719],[76.371,16.765],[76.413,16.81],[76.354,16.816],[76.374,16.856],[76.469,16.837],[76.433,16.879],[76.458,16.922],[76.4,16.932],[76.429,17.097],[76.389,17.065],[76.359,17.182],[76.244,17.147],[76.067,17.314],[76.121,17.366],[76.176,17.297],[76.172,17.349],[76.244,17.375],[76.382,17.312],[76.408,17.369],[76.334,17.432],[76.375,17.494],[76.332,17.595],[76.489,17.661],[76.524,17.759],[76.573,17.76],[76.573,17.702],[76.614,17.768]]]},"properties":{"name":"Gulbarga","state":"Karnataka","lat":16.97,"lon":76.948,"monitored":"Kalaburagi"}},{"type":"Feature","geometry":{"type":"Polygon","coordinates":[[[76.233,13.501],[76.422,13.518],[76.383,13.364],[76.342,13.354],[76.352,13.244],[76.47,13.141],[76.464,13.084],[76.611,13.057],[76.629,12.978],[76.571,12.841],[76.496,12.815],[76.493,12.762],[76.404,12.86],[76.326,12.8],[76.36,12.701],[76.326,12.606],[76.217,12.636],[76.111,12.506],[76.043,12.569],[75.962,12.553],[75.933,12.728],[75.971,12.799],[75.92,12.822],[75.862,12.815],[75.881,12.668],[75.631,12.687],[75.621,12.852],[75.561,12.863],[75.555,12.91],[75.644,13.027],[75.738,13.026],[75.741,13.201],[75.816,13.251],[76.035,13.241],[76.04,13.369],[76.233,13.501]]]},"properties":{"name":"Hassan","state":"Karnataka","lat":13.002,"lon":76.124,"monitored":""}},{"type":"Feature","geometry":{"type":"Polygon","coordinates":[[[75.34,15.156],[75.37,15.044],[75.513,15.04],[75.601,14.951],[75.635,14.991],[75.691,14.97],[75.697,14.888],[75.739,14.884],[75.665,14.799],[75.811,14.647],[75.797,14.506],[75.636,14.46],[75.633,14.313],[75.579,14.272],[75.35,14.384],[75.382,14.428],[75.271,14.509],[75.267,14.576],[75.187,14.582],[75.208,14.632],[75.053,14.645],[75.02,14.708],[75.06,14.808],[75.097,14.806],[75.083,15.107],[75.149,15.156],[75.145,15.097],[75.26,15.093],[75.34,15.156]]]},"properties":{"name":"Haveri","state":"Karnataka","lat":14.754,"lon":75.373,"monitored":""}},{"type":"Feature","geometry":{"type":"Polygon","coordinates":[[[75.862,12.815],[75.971,12.799],[75.937,12.6],[75.962,12.553],[76.016,12.561],[75.908,12.387],[76.018,12.246],[76.128,12.186],[76.183,12.046],[75.998,11.924],[75.866,11.946],[75.8,12.071],[75.717,12.062],[75.577,12.151],[75.483,12.286],[75.419,12.286],[75.421,12.367],[75.366,12.407],[75.434,12.523],[75.489,12.455],[75.668,12.545],[75.67,12.695],[75.881,12.668],[75.846,12.744],[75.862,12.815]]]},"properties":{"name":"Kodagu","state":"Karnataka","lat":12.377,"lon":75.662,"monitored":""}},{"type":"Feature","geometry":{"type":"Polygon","coordinates":[[[77.978,13.938],[77.945,13.82],[78.041,13.887],[78.114,13.841],[78.081,13.635],[78.156,13.649],[78.183,13.556],[78.391,13.578],[78.367,13.32],[78.521,13.256],[78.556,13.299],[78.577,13.262],[78.541,13.187],[78.569,13.156],[78.452,13.032],[78.458,12.963],[78.423,12.969],[78.421,12.924],[78.456,12.893],[78.454,12.853],[78.345,12.928],[78.303,12.847],[78.241,12.847],[78.221,12.753],[78.121,12.77],[78.047,12.842],[77.981,12.796],[77.946,12.849],[77.91,12.82],[77.924,12.878],[77.847,12.867],[77.957,13.234],[77.801,13.232],[77.819,13.317],[77.707,13.357],[77.691,13.327],[77.651,13.389],[77.594,13.388],[77.596,13.433],[77.43,13.456],[77.358,13.585],[77.395,13.665],[77.522,13.688],[77.52,13.744],[77.621,13.727],[77.67,13.777],[77.709,13.733],[77.713,13.791],[77.828,13.861],[77.818,13.935],[77.912,13.897],[77.978,13.938]]]},"properties":{"name":"Kolar","state":"Karnataka","lat":13.342,"lon":78.059,"monitored":""}},{"type":"Feature","geometry":{"type":"Polygon","coordinates":[[[76.081,16.005],[76.059,15.901],[76.117,15.882],[76.202,15.938],[76.349,15.859],[76.356,15.902],[76.415,15.89],[76.442,15.732],[76.69,15.641],[76.687,15.59],[76.81,15.51],[76.609,15.437],[76.488,15.338],[76.361,15.321],[76.247,15.187],[76.186,15.231],[76.092,15.159],[75.95,15.133],[75.889,15.284],[75.903,15.399],[75.81,15.484],[75.899,15.604],[75.885,15.734],[75.945,15.674],[75.972,15.66],[76.011,15.66],[75.982,15.687],[76.041,15.761],[75.846,15.835],[75.774,15.911],[75.877,15.929],[75.965,15.855],[75.977,15.984],[76.081,16.005]]]},"properties":{"name":"Koppal","state":"Karnataka","lat":15.55,"lon":76.304,"monitored":""}},{"type":"Feature","geometry":{"type":"Polygon","coordinates":[[[76.678,13.036],[76.821,12.993],[76.918,12.797],[77.073,12.738],[77.118,12.472],[77.231,12.491],[77.313,12.299],[77.157,12.301],[77.161,12.251],[77.098,12.212],[76.991,12.236],[76.969,12.345],[76.916,12.317],[76.912,12.434],[76.75,12.294],[76.679,12.383],[76.558,12.345],[76.561,12.418],[76.386,12.546],[76.326,12.8],[76.407,12.86],[76.493,12.762],[76.678,13.036]]]},"properties":{"name":"Mandya","state":"Karnataka","lat":12.642,"lon":76.726,"monitored":""}},{"type":"Feature","geometry":{"type":"Polygon","coordinates":[[[76.339,12.65],[76.446,12.477],[76.561,12.418],[76.562,12.342],[76.679,12.383],[76.75,12.294],[76.912,12.434],[76.916,12.317],[76.969,12.345],[76.991,12.236],[77.126,12.219],[77.033,12.121],[76.985,12.168],[76.938,12.09],[76.849,12.177],[76.849,12.053],[76.93,12.007],[76.571,11.977],[76.547,11.849],[76.483,11.851],[76.454,11.783],[76.405,11.804],[76.404,11.75],[76.335,11.731],[76.184,11.864],[76.108,11.851],[76.108,11.971],[76.18,12.028],[76.172,12.094],[75.907,12.396],[76.021,12.568],[76.111,12.506],[76.217,12.636],[76.317,12.603],[76.339,12.65]]]},"properties":{"name":"Mysore","state":"Karnataka","lat":12.198,"lon":76.593,"monitored":"Mysuru"}},{"type":"Feature","geometry":{"type":"Polygon","coordinates":[[[77.011,16.498],[77.056,16.514],[77.264,16.398],[77.519,16.37],[77.592,16.338],[77.592,16.29],[77.488,16.25],[77.509,15.921],[77.249,15.958],[77.09,15.918],[76.811,15.542],[76.687,15.59],[76.69,15.641],[76.596,15.695],[76.442,15.732],[76.426,15.884],[76.289,15.888],[76.327,15.927],[76.306,16.061],[76.258,16.079],[76.333,16.087],[76.254,16.095],[76.24,16.162],[76.28,16.147],[76.477,16.287],[76.836,16.425],[76.867,16.483],[76.967,16.502],[76.973,16.555],[77.011,16.498]]]},"properties":{"name":"Raichur","state":"Karnataka","lat":16.01,"lon":76.909,"monitored":""}},{"type":"Feature","geometry":{"type":"Polygon","coordinates":[[[75.053,14.645],[75.208,14.632],[75.187,14.582],[75.267,14.576],[75.271,14.509],[75.382,14.428],[75.35,14.384],[75.477,14.313],[75.5,14.339],[75.534,14.281],[75.526,14.198],[75.453,14.2],[75.485,14.17],[75.4,14.11],[75.734,14.057],[75.676,14.019],[75.712,13.911],[75.61,13.839],[75.605,13.756],[75.54,13.725],[75.491,13.764],[75.384,13.707],[75.407,13.622],[75.277,13.56],[75.223,13.6],[75.224,13.524],[75.118,13.455],[74.917,13.854],[74.696,13.933],[74.63,14.162],[74.752,14.148],[74.734,14.264],[74.86,14.21],[74.932,14.235],[74.92,14.31],[74.981,14.32],[74.884,14.434],[74.924,14.458],[74.909,14.526],[74.981,14.549],[74.994,14.472],[75.065,14.538],[75.027,14.561],[75.053,14.645]]]},"properties":{"name":"Shimoga","state":"Karnataka","lat":14.038,"lon":75.186,"monitored":""}},{"type":"Feature","geometry":{"type":"MultiPolygon","coordinates":[[[[77.16,14.336],[77.281,14.331],[77.28,14.276],[77.359,14.269],[77.384,14.192],[77.416,14.212],[77.386,14.325],[77.496,14.272],[77.5,14.151],[77.41,14.17],[77.348,14.124],[77.395,14.103],[77.326,14.023],[77.431,13.969],[77.397,13.881],[77.348,13.897],[77.313,14.025],[77.154,13.991],[77.121,14.042],[77.024,14.053],[76.997,14.225],[77.105,14.213],[77.16,14.336]]],[[[76.972,14.052],[76.931,14.023],[77.041,13.897],[76.968,13.814],[76.994,13.742],[77.167,13.755],[77.124,13.849],[77.177,13.917],[77.179,13.86],[77.234,13.895],[77.25,13.839],[77.425,13.835],[77.463,13.744],[77.45,13.676],[77.357,13.614],[77.386,13.518],[77.332,13.322],[77.224,13.303],[77.182,13.264],[77.201,13.18],[77.066,13.117],[77.068,13.029],[77.161,12.922],[77.104,12.883],[77.141,12.775],[77.069,12.738],[76.918,12.797],[76.857,12.9],[76.883,12.924],[76.803,13.005],[76.668,13.047],[76.607,12.999],[76.599,13.066],[76.464,13.084],[76.47,13.141],[76.367,13.192],[76.344,13.296],[76.422,13.518],[76.35,13.572],[76.451,13.584],[76.616,13.727],[76.682,13.682],[76.693,13.763],[76.764,13.793],[76.721,13.893],[76.81,13.91],[76.833,14.009],[76.946,14.085],[76.972,14.052]]]]},"properties":{"name":"Tumkur","state":"Karnataka","lat":13.42,"lon":76.873,"monitored":""}},{"type":"Feature","geometry":{"type":"MultiPolygon","coordinates":[[[[74.671,13.981],[74.72,13.903],[74.917,13.854],[75.06,13.604],[75.06,13.519],[75.154,13.451],[75.081,13.34],[75.199,13.168],[75.014,12.98],[74.897,13.026],[74.864,13.122],[74.797,13.112],[74.796,13.094],[74.781,13.1],[74.772,13.086],[74.69,13.348],[74.713,13.331],[74.722,13.284],[74.725,13.278],[74.729,13.277],[74.736,13.29],[74.711,13.342],[74.695,13.348],[74.607,13.867],[74.615,13.851],[74.627,13.848],[74.633,13.849],[74.584,13.923],[74.671,13.981]]],[[[74.781,13.099],[74.781,13.1],[74.783,13.1],[74.781,13.099]]],[[[74.781,13.099],[74.781,13.099],[74.781,13.099],[74.781,13.099]]],[[[74.725,13.28],[74.728,13.279],[74.727,13.278],[74.725,13.28]]],[[[74.725,13.285],[74.728,13.287],[74.728,13.286],[74.725,13.285]]],[[[74.699,13.282],[74.701,13.279],[74.699,13.279],[74.699,13.282]]],[[[74.69,13.331],[74.692,13.332],[74.692,13.331],[74.69,13.331]]],[[[74.686,13.337],[74.69,13.335],[74.688,13.335],[74.686,13.337]]],[[[74.682,13.343],[74.687,13.342],[74.687,13.341],[74.682,13.343]]],[[[74.67,13.198],[74.676,13.195],[74.676,13.192],[74.67,13.198]]],[[[74.67,13.38],[74.675,13.381],[74.675,13.376],[74.67,13.38]]]]},"properties":{"name":"Udupi","state":"Karnataka","lat":13.485,"lon":74.889,"monitored":""}},{"type":"Feature","geometry":{"type":"MultiPolygon","coordinates":[[[[74.328,15.515],[74.417,15.473],[74.432,15.395],[74.549,15.415],[74.619,15.356],[74.704,15.407],[74.825,15.381],[74.912,15.248],[74.832,15.13],[74.915,15.035],[75.084,15.07],[75.108,14.929],[75.073,14.915],[75.097,14.806],[75.06,14.808],[75.021,14.712],[75.053,14.645],[75.027,14.561],[75.065,14.538],[74.994,14.472],[74.981,14.549],[74.909,14.526],[74.924,14.458],[74.881,14.446],[74.98,14.317],[74.92,14.31],[74.94,14.246],[74.885,14.214],[74.734,14.264],[74.75,14.147],[74.63,14.162],[74.671,13.981],[74.586,13.923],[74.502,14.023],[74.354,14.503],[74.393,14.529],[74.378,14.572],[74.31,14.521],[74.25,14.74],[74.205,14.718],[74.093,14.803],[74.13,14.84],[74.104,14.904],[74.175,14.909],[74.18,14.953],[74.212,14.921],[74.302,15.04],[74.278,15.096],[74.322,15.184],[74.258,15.258],[74.342,15.293],[74.256,15.49],[74.328,15.515]]],[[[74.478,14.009],[74.483,14.007],[74.48,14.005],[74.478,14.009]]],[[[74.402,14.315],[74.405,14.313],[74.399,14.313],[74.402,14.315]]],[[[74.367,14.541],[74.373,14.552],[74.378,14.545],[74.367,14.541]]],[[[74.323,14.015],[74.33,14.018],[74.328,14.011],[74.323,14.015]]],[[[74.253,14.706],[74.255,14.704],[74.252,14.704],[74.253,14.706]]],[[[74.238,14.711],[74.24,14.709],[74.238,14.709],[74.238,14.711]]],[[[74.153,14.74],[74.158,14.739],[74.157,14.738],[74.153,14.74]]],[[[74.11,14.754],[74.113,14.758],[74.12,14.753],[74.11,14.754]]],[[[74.097,14.843],[74.102,14.845],[74.101,14.842],[74.097,14.843]]],[[[74.095,14.878],[74.097,14.877],[74.094,14.876],[74.095,14.878]]],[[[74.093,14.838],[74.095,14.837],[74.093,14.836],[74.093,14.838]]],[[[74.086,14.795],[74.089,14.795],[74.089,14.794],[74.086,14.795]]],[[[74.063,14.821],[74.066,14.82],[74.063,14.819],[74.063,14.821]]],[[[74.057,14.82],[74.062,14.82],[74.057,14.819],[74.057,14.82]]],[[[74.055,14.817],[74.056,14.816],[74.054,14.816],[74.055,14.817]]]]},"properties":{"name":"Uttar Kannand","state":"Karnataka","lat":14.729,"lon":74.64,"monitored":""}},{"type":"Feature","geometry":{"type":"MultiPolygon","coordinates":[[[[76.297,9.89],[76.348,9.712],[76.321,9.871],[76.349,9.828],[76.371,9.82],[76.361,9.7],[76.399,9.676],[76.355,9.53],[76.494,9.492],[76.509,9.356],[76.463,9.322],[76.559,9.346],[76.679,9.287],[76.626,9.223],[76.658,9.144],[76.555,9.101],[76.472,9.115],[76.49,9.17],[76.471,9.142],[76.423,9.246],[76.468,9.143],[76.461,9.14],[76.339,9.412],[76.271,9.82],[76.303,9.847],[76.297,9.89]]],[[[76.435,9.528],[76.452,9.546],[76.46,9.53],[76.435,9.528]]],[[[76.406,9.542],[76.434,9.528],[76.406,9.528],[76.406,9.542]]],[[[76.382,9.543],[76.426,9.55],[76.383,9.535],[76.382,9.543]]],[[[76.382,9.534],[76.405,9.528],[76.383,9.528],[76.382,9.534]]],[[[76.382,9.618],[76.388,9.619],[76.385,9.613],[76.382,9.618]]],[[[76.372,9.823],[76.373,9.825],[76.373,9.822],[76.372,9.823]]],[[[76.349,9.838],[76.366,9.855],[76.372,9.831],[76.349,9.838]]],[[[76.367,9.826],[76.37,9.826],[76.37,9.824],[76.367,9.826]]],[[[76.323,9.809],[76.329,9.818],[76.325,9.807],[76.323,9.809]]],[[[76.288,9.847],[76.29,9.846],[76.288,9.844],[76.288,9.847]]]]},"properties":{"name":"Alappuzha","state":"Kerala","lat":9.511,"lon":76.374,"monitored":""}},{"type":"Feature","geometry":{"type":"MultiPolygon","coordinates":[[[[76.407,10.289],[76.677,10.259],[76.631,10.154],[76.827,10.016],[76.698,9.98],[76.686,9.902],[76.623,9.908],[76.62,9.848],[76.546,9.796],[76.498,9.844],[76.402,9.816],[76.354,9.911],[76.319,9.889],[76.322,9.892],[76.317,9.894],[76.318,9.902],[76.313,9.909],[76.314,9.913],[76.304,9.934],[76.312,9.948],[76.3,9.937],[76.305,9.929],[76.303,9.926],[76.267,10.032],[76.26,10.034],[76.257,10.023],[76.268,9.983],[76.25,10.03],[76.265,10.079],[76.206,10.147],[76.21,10.091],[76.23,10.06],[76.22,10.068],[76.239,10.03],[76.23,10.017],[76.237,10.016],[76.237,9.997],[76.24,9.995],[76.242,9.978],[76.245,9.972],[76.224,9.977],[76.166,10.178],[76.202,10.139],[76.177,10.183],[76.211,10.2],[76.304,10.174],[76.407,10.289]]],[[[76.384,9.822],[76.391,9.822],[76.392,9.821],[76.384,9.822]]],[[[76.377,9.839],[76.379,9.837],[76.376,9.837],[76.377,9.839]]],[[[76.373,9.841],[76.375,9.838],[76.373,9.84],[76.373,9.841]]],[[[76.304,9.903],[76.311,9.908],[76.317,9.903],[76.315,9.897],[76.317,9.887],[76.304,9.903]]],[[[76.249,9.97],[76.267,9.933],[76.296,9.915],[76.257,9.916],[76.297,9.855],[76.271,9.823],[76.249,9.97]]],[[[76.267,9.939],[76.275,9.966],[76.294,9.926],[76.267,9.939]]],[[[76.269,9.973],[76.271,9.971],[76.269,9.972],[76.269,9.973]]],[[[76.267,10.002],[76.27,10.0],[76.269,9.997],[76.267,10.002]]],[[[76.258,10.024],[76.267,10.023],[76.263,10.018],[76.258,10.024]]],[[[76.26,10.029],[76.259,10.025],[76.258,10.025],[76.26,10.029]]],[[[76.247,9.977],[76.259,9.99],[76.25,9.976],[76.247,9.977]]],[[[76.25,10.014],[76.254,10.012],[76.252,10.012],[76.25,10.014]]],[[[76.24,10.092],[76.247,10.097],[76.248,10.091],[76.24,10.092]]],[[[76.243,9.98],[76.244,9.978],[76.243,9.978],[76.243,9.98]]]]},"properties":{"name":"Ernakulam","state":"Kerala","lat":10.047,"lon":76.519,"monitored":""}},{"type":"Feature","geometry":{"type":"Polygon","coordinates":[[[76.971,10.209],[77.222,10.34],[77.28,10.207],[77.26,10.119],[77.188,10.096],[77.261,9.964],[77.204,9.894],[77.234,9.789],[77.152,9.606],[77.255,9.565],[77.341,9.595],[77.396,9.497],[77.268,9.262],[77.211,9.287],[77.209,9.424],[77.126,9.481],[77.035,9.448],[77.052,9.408],[76.925,9.422],[76.97,9.477],[76.875,9.529],[76.88,9.618],[76.923,9.612],[76.874,9.709],[76.77,9.797],[76.618,9.842],[76.698,9.98],[76.827,10.016],[76.631,10.154],[76.677,10.259],[76.829,10.276],[76.971,10.209]]]},"properties":{"name":"Idukki","state":"Kerala","lat":9.819,"lon":76.96,"monitored":""}},{"type":"Feature","geometry":{"type":"MultiPolygon","coordinates":[[[[75.467,12.295],[75.662,12.091],[75.8,12.071],[75.827,11.978],[75.925,11.933],[75.921,11.834],[75.803,11.849],[75.566,11.669],[75.472,11.763],[75.5,11.798],[75.46,11.765],[75.299,11.943],[75.357,11.928],[75.372,11.94],[75.385,11.917],[75.399,11.915],[75.375,11.957],[75.318,11.946],[75.318,11.952],[75.31,11.97],[75.265,12.007],[75.333,12.01],[75.299,12.016],[75.316,12.046],[75.328,12.036],[75.339,12.048],[75.316,12.048],[75.311,12.044],[75.311,12.037],[75.307,12.034],[75.309,12.103],[75.4,12.141],[75.223,12.105],[75.231,12.025],[75.202,12.005],[75.179,12.081],[75.189,12.09],[75.195,12.07],[75.202,12.07],[75.208,12.073],[75.214,12.067],[75.22,12.069],[75.189,12.091],[75.173,12.086],[75.197,12.117],[75.172,12.187],[75.467,12.295]]],[[[75.365,11.939],[75.368,11.94],[75.364,11.936],[75.365,11.939]]],[[[75.367,11.943],[75.366,11.941],[75.364,11.938],[75.367,11.943]]],[[[75.3,11.962],[75.302,11.961],[75.302,11.96],[75.3,11.962]]],[[[75.295,12.023],[75.3,12.022],[75.296,12.022],[75.295,12.023]]],[[[75.295,11.968],[75.298,11.967],[75.298,11.965],[75.295,11.968]]],[[[75.292,12.014],[75.295,12.013],[75.288,12.014],[75.292,12.014]]],[[[75.289,11.975],[75.288,11.985],[75.296,11.969],[75.289,11.975]]],[[[75.192,12.115],[75.195,12.114],[75.192,12.114],[75.192,12.115]]]]},"properties":{"name":"Kannur","state":"Kerala","lat":11.992,"lon":75.553,"monitored":""}},{"type":"Feature","geometry":{"type":"MultiPolygon","coordinates":[[[[74.996,12.788],[74.985,12.73],[75.05,12.715],[75.048,12.66],[75.086,12.698],[75.151,12.676],[75.223,12.563],[75.301,12.599],[75.328,12.577],[75.272,12.54],[75.337,12.458],[75.397,12.498],[75.424,12.466],[75.367,12.452],[75.366,12.407],[75.43,12.3],[75.172,12.187],[75.189,12.096],[74.867,12.753],[74.996,12.788]]],[[[75.164,12.089],[75.165,12.102],[75.182,12.05],[75.164,12.089]]],[[[75.16,12.112],[75.171,12.11],[75.169,12.096],[75.16,12.112]]],[[[75.15,12.14],[75.162,12.134],[75.158,12.121],[75.15,12.14]]],[[[75.123,12.192],[75.127,12.195],[75.157,12.11],[75.123,12.192]]],[[[75.134,12.182],[75.152,12.16],[75.15,12.147],[75.134,12.182]]],[[[75.132,12.189],[75.134,12.189],[75.134,12.187],[75.132,12.189]]],[[[75.129,12.197],[75.132,12.196],[75.129,12.195],[75.129,12.197]]]]},"properties":{"name":"Kasaragod","state":"Kerala","lat":12.429,"lon":75.196,"monitored":""}},{"type":"Feature","geometry":{"type":"Polygon","coordinates":[[[76.915,9.164],[77.191,9.062],[77.132,9.012],[77.243,8.859],[77.198,8.758],[77.027,8.836],[77.012,8.766],[76.918,8.753],[76.769,8.852],[76.776,8.801],[76.677,8.776],[76.546,8.902],[76.472,9.115],[76.641,9.142],[76.645,9.086],[76.744,9.066],[76.769,9.106],[76.938,9.111],[76.915,9.164]]]},"properties":{"name":"Kollam","state":"Kerala","lat":8.957,"lon":76.85,"monitored":""}},{"type":"Feature","geometry":{"type":"MultiPolygon","coordinates":[[[[76.636,9.834],[76.77,9.797],[76.878,9.702],[76.923,9.612],[76.88,9.618],[76.875,9.529],[76.972,9.469],[76.924,9.414],[76.649,9.473],[76.496,9.395],[76.464,9.528],[76.502,9.531],[76.418,9.56],[76.368,9.791],[76.45,9.841],[76.536,9.793],[76.636,9.834]]],[[[76.466,9.53],[76.479,9.537],[76.479,9.53],[76.466,9.53]]],[[[76.453,9.534],[76.465,9.542],[76.464,9.53],[76.453,9.534]]],[[[76.382,9.715],[76.381,9.717],[76.382,9.717],[76.382,9.715]]],[[[76.37,9.757],[76.373,9.752],[76.373,9.751],[76.37,9.757]]]]},"properties":{"name":"Kottayam","state":"Kerala","lat":9.66,"lon":76.648,"monitored":""}},{"type":"Feature","geometry":{"type":"MultiPolygon","coordinates":[[[[75.788,11.783],[75.79,11.736],[75.91,11.682],[75.902,11.597],[76.035,11.495],[76.071,11.514],[76.137,11.42],[76.094,11.39],[76.109,11.311],[75.896,11.237],[75.826,11.125],[75.829,11.181],[75.802,11.163],[75.683,11.448],[75.617,11.477],[75.53,11.702],[75.569,11.669],[75.69,11.792],[75.788,11.783]]],[[[75.83,11.13],[75.836,11.128],[75.832,11.127],[75.83,11.13]]],[[[75.81,11.162],[75.811,11.16],[75.81,11.159],[75.81,11.162]]]]},"properties":{"name":"Kozhikode","state":"Kerala","lat":11.463,"lon":75.879,"monitored":""}},{"type":"Feature","geometry":{"type":"Polygon","coordinates":[[[76.241,11.475],[76.41,11.434],[76.538,11.352],[76.54,11.292],[76.402,11.198],[76.404,11.107],[76.278,11.03],[76.362,10.989],[76.321,10.971],[76.324,10.899],[76.121,10.889],[76.019,10.815],[76.06,10.715],[75.957,10.684],[75.825,11.123],[75.896,11.237],[76.109,11.311],[76.099,11.402],[76.195,11.5],[76.233,11.519],[76.241,11.475]]]},"properties":{"name":"Malappuram","state":"Kerala","lat":11.069,"lon":76.091,"monitored":""}},{"type":"Feature","geometry":{"type":"Polygon","coordinates":[[[76.721,11.212],[76.691,11.145],[76.739,11.121],[76.737,11.048],[76.792,11.042],[76.707,11.031],[76.649,10.924],[76.818,10.862],[76.898,10.771],[76.873,10.629],[76.805,10.626],[76.823,10.329],[76.619,10.368],[76.424,10.525],[76.394,10.587],[76.461,10.744],[76.183,10.777],[76.162,10.706],[76.116,10.703],[76.04,10.736],[76.019,10.815],[76.155,10.907],[76.324,10.899],[76.321,10.971],[76.362,10.989],[76.278,11.03],[76.404,11.107],[76.402,11.198],[76.721,11.212]]]},"properties":{"name":"Palakkad","state":"Kerala","lat":10.757,"lon":76.621,"monitored":""}},{"type":"Feature","geometry":{"type":"Polygon","coordinates":[[[77.129,9.472],[77.209,9.424],[77.211,9.287],[77.268,9.262],[77.189,9.061],[76.915,9.164],[76.933,9.109],[76.645,9.086],[76.671,9.165],[76.626,9.223],[76.679,9.287],[76.559,9.346],[76.463,9.322],[76.502,9.401],[76.64,9.473],[77.007,9.398],[77.129,9.472]]]},"properties":{"name":"Pattanamtitta","state":"Kerala","lat":9.275,"lon":76.954,"monitored":""}},{"type":"Feature","geometry":{"type":"Polygon","coordinates":[[[76.785,8.843],[76.918,8.753],[77.012,8.766],[77.027,8.836],[77.183,8.761],[77.162,8.715],[77.265,8.537],[77.186,8.493],[77.21,8.438],[77.135,8.379],[77.16,8.313],[77.091,8.297],[76.975,8.385],[76.7,8.738],[76.678,8.783],[76.776,8.801],[76.785,8.843]]]},"properties":{"name":"Thiruvananthapuram","state":"Kerala","lat":8.626,"lon":77.0,"monitored":""}},{"type":"Feature","geometry":{"type":"MultiPolygon","coordinates":[[[[76.2,10.772],[76.461,10.744],[76.394,10.587],[76.424,10.525],[76.619,10.368],[76.827,10.33],[76.892,10.243],[76.407,10.289],[76.304,10.174],[76.163,10.182],[76.099,10.381],[76.034,10.526],[76.053,10.532],[76.052,10.543],[76.063,10.536],[76.068,10.545],[76.05,10.547],[76.047,10.568],[76.043,10.575],[76.042,10.575],[76.048,10.535],[76.032,10.537],[76.031,10.527],[76.04,10.511],[76.036,10.51],[75.957,10.684],[76.154,10.698],[76.2,10.772]]],[[[76.05,10.535],[76.052,10.534],[76.049,10.534],[76.05,10.535]]],[[[76.05,10.539],[76.051,10.537],[76.049,10.536],[76.05,10.539]]]]},"properties":{"name":"Thrissur","state":"Kerala","lat":10.445,"lon":76.297,"monitored":""}},{"type":"Feature","geometry":{"type":"Polygon","coordinates":[[[76.108,11.971],[76.108,11.851],[76.184,11.864],[76.335,11.731],[76.408,11.753],[76.436,11.638],[76.298,11.564],[76.26,11.587],[76.135,11.443],[75.902,11.597],[75.91,11.682],[75.79,11.736],[75.772,11.792],[75.803,11.849],[75.921,11.834],[75.925,11.933],[76.108,11.971]]]},"properties":{"name":"Wayanad","state":"Kerala","lat":11.706,"lon":76.138,"monitored":""}},{"type":"Feature","geometry":{"type":"MultiPolygon","coordinates":[[[[73.662,10.808],[73.677,10.818],[73.703,10.815],[73.662,10.808]]],[[[73.658,10.153],[73.665,10.142],[73.662,10.13],[73.658,10.153]]],[[[73.642,10.057],[73.652,10.096],[73.648,10.079],[73.648,10.061],[73.642,10.057]]],[[[73.63,10.069],[73.634,10.069],[73.63,10.068],[73.63,10.069]]],[[[73.628,10.075],[73.628,10.072],[73.625,10.073],[73.628,10.075]]],[[[73.081,8.328],[73.049,8.267],[73.019,8.272],[73.056,8.283],[73.081,8.328]]],[[[73.01,8.277],[73.013,8.279],[73.012,8.277],[73.01,8.277]]],[[[72.997,11.495],[73.009,11.487],[73.008,11.468],[73.002,11.492],[72.997,11.495]]],[[[73.001,11.485],[73.002,11.486],[73.002,11.485],[73.001,11.485]]],[[[72.778,11.241],[72.778,11.217],[72.761,11.18],[72.778,11.241]]],[[[72.716,11.125],[72.733,11.128],[72.72,11.111],[72.716,11.125]]],[[[72.705,11.681],[72.717,11.702],[72.717,11.692],[72.705,11.681]]],[[[72.623,10.547],[72.649,10.562],[72.615,10.541],[72.623,10.547]]],[[[72.332,10.958],[72.334,10.956],[72.332,10.955],[72.332,10.958]]],[[[72.326,10.127],[72.331,10.131],[72.332,10.125],[72.326,10.127]]],[[[72.315,10.948],[72.318,10.944],[72.313,10.943],[72.315,10.948]]],[[[72.286,10.945],[72.291,10.936],[72.284,10.935],[72.286,10.945]]],[[[72.284,10.043],[72.287,10.041],[72.282,10.038],[72.284,10.043]]],[[[72.173,10.82],[72.194,10.871],[72.207,10.877],[72.204,10.869],[72.173,10.82]]],[[[72.171,10.818],[72.172,10.818],[72.171,10.817],[72.171,10.818]]],[[[72.185,11.597],[72.189,11.599],[72.189,11.596],[72.185,11.597]]],[[[72.166,10.814],[72.169,10.812],[72.165,10.812],[72.166,10.814]]],[[[72.104,11.211],[72.106,11.21],[72.104,11.208],[72.104,11.211]]],[[[72.1,11.215],[72.104,11.213],[72.1,11.214],[72.1,11.215]]]]},"properties":{"name":"Kavaratti","state":"Lakshadweep","lat":10.812,"lon":73.675,"monitored":""}},{"type":"Feature","geometry":{"type":"Polygon","coordinates":[[[82.116,23.104],[81.938,23.078],[81.94,22.957],[81.786,22.877],[81.641,23.014],[81.552,23.019],[81.61,23.064],[81.531,23.119],[81.584,23.228],[81.643,23.195],[81.781,23.26],[81.876,23.24],[81.813,23.308],[81.869,23.298],[82.016,23.424],[82.02,23.384],[82.098,23.398],[82.188,23.322],[82.116,23.104]]]},"properties":{"name":"Anuppur","state":"Madhya Pradesh","lat":23.157,"lon":81.841,"monitored":""}},{"type":"Feature","geometry":{"type":"Polygon","coordinates":[[[77.82,25.005],[78.011,24.958],[77.968,24.85],[78.192,24.84],[78.268,24.667],[78.259,24.558],[78.217,24.532],[78.257,24.444],[78.087,24.324],[78.088,24.262],[78.025,24.293],[77.937,24.236],[77.886,24.32],[77.615,24.336],[77.73,24.434],[77.629,24.432],[77.586,24.379],[77.47,24.453],[77.477,24.637],[77.547,24.727],[77.515,24.836],[77.581,24.894],[77.547,24.935],[77.582,24.968],[77.7,24.857],[77.82,25.005]]]},"properties":{"name":"Ashoknagar","state":"Madhya Pradesh","lat":24.598,"lon":77.869,"monitored":""}},{"type":"Feature","geometry":{"type":"Polygon","coordinates":[[[80.79,22.396],[80.922,22.331],[80.909,22.279],[80.993,22.289],[81.04,22.241],[81.016,22.133],[80.972,22.121],[80.999,22.062],[80.911,22.119],[80.818,21.957],[80.832,21.805],[80.811,21.747],[80.743,21.758],[80.719,21.712],[80.73,21.472],[80.657,21.331],[80.485,21.398],[80.403,21.376],[80.369,21.523],[80.2,21.635],[79.916,21.524],[79.733,21.603],[79.576,21.543],[79.506,21.59],[79.589,21.644],[79.595,21.709],[79.668,21.696],[79.686,21.8],[79.763,21.808],[79.776,21.863],[79.865,21.9],[79.886,21.93],[79.832,21.94],[79.918,21.972],[79.923,22.063],[80.063,22.077],[80.028,22.183],[80.09,22.246],[80.094,22.342],[80.229,22.302],[80.319,22.346],[80.411,22.246],[80.5,22.276],[80.699,22.205],[80.699,22.273],[80.781,22.313],[80.79,22.396]]]},"properties":{"name":"Balaghat","state":"Madhya Pradesh","lat":21.882,"lon":80.323,"monitored":""}},{"type":"Feature","geometry":{"type":"Polygon","coordinates":[[[75.323,22.128],[75.458,22.065],[75.338,21.914],[75.287,21.918],[75.283,21.744],[75.212,21.712],[75.298,21.637],[75.441,21.678],[75.506,21.617],[75.467,21.519],[75.609,21.462],[75.629,21.395],[75.22,21.411],[75.115,21.46],[75.054,21.567],[74.899,21.631],[74.709,21.628],[74.512,21.725],[74.527,21.909],[74.436,22.031],[75.323,22.128]]]},"properties":{"name":"Barwani","state":"Madhya Pradesh","lat":21.826,"lon":74.903,"monitored":""}},{"type":"Feature","geometry":{"type":"Polygon","coordinates":[[[78.272,22.402],[78.273,22.094],[78.34,22.113],[78.397,22.007],[78.385,21.929],[78.465,21.963],[78.542,21.869],[78.465,21.817],[78.494,21.794],[78.457,21.725],[78.323,21.577],[78.181,21.559],[78.169,21.499],[77.939,21.387],[77.799,21.412],[77.734,21.365],[77.691,21.397],[77.584,21.364],[77.487,21.378],[77.419,21.521],[77.458,21.557],[77.607,21.543],[77.478,21.77],[77.28,21.761],[77.207,21.694],[77.058,21.719],[77.098,21.789],[77.195,21.791],[77.163,21.867],[77.273,21.967],[77.495,22.036],[77.499,22.079],[77.451,22.088],[77.463,22.17],[77.413,22.178],[77.353,22.252],[77.44,22.222],[77.54,22.358],[77.646,22.309],[77.853,22.359],[77.871,22.283],[77.936,22.337],[78.272,22.402]]]},"properties":{"name":"Betul","state":"Madhya Pradesh","lat":21.899,"lon":77.857,"monitored":""}},{"type":"Feature","geometry":{"type":"Polygon","coordinates":[[[78.718,26.782],[78.948,26.697],[78.938,26.663],[78.993,26.685],[78.98,26.574],[79.061,26.503],[79.048,26.456],[79.127,26.445],[79.077,26.366],[79.127,26.316],[78.977,26.195],[79.001,26.155],[78.943,26.139],[79.003,26.082],[78.861,25.91],[78.766,26.022],[78.837,26.115],[78.795,26.172],[78.829,26.205],[78.784,26.231],[78.814,26.29],[78.621,26.162],[78.608,26.224],[78.539,26.197],[78.411,26.337],[78.256,26.343],[78.282,26.444],[78.204,26.526],[78.293,26.597],[78.33,26.551],[78.373,26.609],[78.411,26.595],[78.454,26.677],[78.521,26.681],[78.535,26.772],[78.718,26.782]]]},"properties":{"name":"Bhind","state":"Madhya Pradesh","lat":26.355,"lon":78.674,"monitored":""}},{"type":"Feature","geometry":{"type":"Polygon","coordinates":[[[77.223,23.9],[77.37,23.888],[77.453,23.769],[77.569,23.773],[77.645,23.722],[77.505,23.58],[77.488,23.431],[77.554,23.428],[77.554,23.382],[77.625,23.352],[77.564,23.148],[77.493,23.107],[77.285,23.105],[77.186,23.238],[77.22,23.294],[77.183,23.361],[77.223,23.332],[77.241,23.413],[77.294,23.436],[77.294,23.586],[77.165,23.693],[77.223,23.9]]]},"properties":{"name":"Bhopal","state":"Madhya Pradesh","lat":23.508,"lon":77.395,"monitored":""}},{"type":"Feature","geometry":{"type":"Polygon","coordinates":[[[76.78,21.562],[76.784,21.466],[76.625,21.335],[76.661,21.282],[76.623,21.193],[76.487,21.196],[76.453,21.115],[76.376,21.077],[76.169,21.086],[76.114,21.165],[76.173,21.188],[76.107,21.36],[75.992,21.376],[76.009,21.479],[75.948,21.483],[75.954,21.547],[76.128,21.596],[76.177,21.543],[76.29,21.596],[76.78,21.562]]]},"properties":{"name":"Burhanpur","state":"Madhya Pradesh","lat":21.348,"lon":76.376,"monitored":""}},{"type":"Feature","geometry":{"type":"Polygon","coordinates":[[[80.295,25.408],[80.304,25.289],[80.399,25.243],[80.424,25.174],[80.142,24.941],[80.027,24.926],[80.078,24.813],[79.952,24.661],[79.89,24.697],[79.839,24.617],[79.895,24.577],[79.876,24.378],[79.839,24.355],[79.744,24.419],[79.62,24.38],[79.564,24.45],[79.555,24.392],[79.433,24.416],[79.388,24.39],[79.381,24.217],[79.297,24.187],[79.321,24.149],[79.133,24.103],[79.069,24.133],[79.061,24.267],[79.133,24.257],[79.178,24.321],[79.134,24.373],[79.144,24.409],[79.191,24.338],[79.246,24.374],[79.167,24.435],[78.999,24.375],[79.011,24.54],[79.06,24.627],[79.186,24.617],[79.29,24.679],[79.342,24.905],[79.33,25.126],[79.274,25.248],[79.333,25.201],[79.345,25.264],[79.262,25.268],[79.268,25.319],[79.345,25.334],[79.358,25.264],[79.367,25.294],[79.49,25.27],[79.384,25.17],[79.399,25.113],[79.468,25.134],[79.49,25.083],[79.566,25.178],[79.598,25.131],[79.746,25.144],[79.849,25.097],[79.847,25.24],[79.997,25.269],[80.021,25.343],[80.123,25.338],[80.194,25.416],[80.295,25.408]]]},"properties":{"name":"Chhatarpur","state":"Madhya Pradesh","lat":24.755,"lon":79.669,"monitored":""}},{"type":"Feature","geometry":{"type":"Polygon","coordinates":[[[79.234,22.792],[79.293,22.62],[79.368,22.598],[79.315,22.541],[79.339,22.488],[79.194,22.45],[79.329,22.445],[79.279,22.377],[79.348,22.351],[79.281,22.316],[79.358,22.265],[79.36,22.223],[79.32,22.226],[79.403,22.042],[79.272,21.836],[79.28,21.779],[79.224,21.756],[79.227,21.658],[78.913,21.592],[78.932,21.487],[78.43,21.502],[78.423,21.602],[78.339,21.608],[78.454,21.72],[78.537,21.91],[78.462,21.964],[78.385,21.929],[78.397,22.007],[78.34,22.113],[78.273,22.094],[78.27,22.408],[78.456,22.383],[78.556,22.426],[78.509,22.483],[78.543,22.535],[78.495,22.599],[78.518,22.667],[78.606,22.653],[78.674,22.702],[78.755,22.624],[78.843,22.687],[78.988,22.621],[79.039,22.762],[79.234,22.792]]]},"properties":{"name":"Chhindwara","state":"Madhya Pradesh","lat":22.168,"lon":78.809,"monitored":""}},{"type":"Feature","geometry":{"type":"Polygon","coordinates":[[[79.613,24.394],[79.747,24.419],[79.851,24.305],[79.807,24.287],[79.835,24.22],[79.731,24.065],[79.85,23.995],[79.864,23.821],[79.821,23.7],[79.93,23.681],[79.947,23.623],[79.666,23.338],[79.324,23.15],[79.3,23.235],[79.165,23.252],[79.23,23.342],[79.176,23.434],[79.323,23.526],[79.295,23.641],[79.345,23.66],[79.215,23.788],[79.243,23.829],[79.05,23.925],[79.181,24.016],[79.153,24.125],[79.316,24.147],[79.297,24.187],[79.372,24.202],[79.39,24.392],[79.555,24.392],[79.564,24.45],[79.613,24.394]]]},"properties":{"name":"Damoh","state":"Madhya Pradesh","lat":23.804,"lon":79.542,"monitored":""}},{"type":"Feature","geometry":{"type":"Polygon","coordinates":[[[78.785,26.236],[78.837,26.115],[78.793,26.091],[78.821,26.075],[78.775,25.97],[78.887,25.899],[78.862,25.799],[78.811,25.83],[78.747,25.749],[78.805,25.625],[78.449,25.553],[78.46,25.59],[78.391,25.576],[78.369,25.666],[78.301,25.71],[78.209,25.705],[78.639,26.068],[78.6,26.105],[78.644,26.13],[78.625,26.169],[78.686,26.171],[78.69,26.22],[78.814,26.29],[78.785,26.236]]]},"properties":{"name":"Datia","state":"Madhya Pradesh","lat":25.935,"lon":78.656,"monitored":""}},{"type":"Feature","geometry":{"type":"Polygon","coordinates":[[[75.964,23.307],[76.075,23.053],[76.106,23.084],[76.049,23.183],[76.138,23.196],[76.048,23.207],[76.071,23.241],[76.357,23.234],[76.506,23.183],[76.536,23.132],[76.493,23.11],[76.514,23.076],[76.447,23.091],[76.449,22.932],[76.564,22.764],[76.875,22.896],[76.919,22.832],[76.926,22.88],[76.996,22.876],[77.027,22.694],[77.12,22.563],[76.787,22.432],[76.742,22.3],[76.679,22.309],[76.603,22.411],[76.509,22.418],[76.447,22.35],[76.252,22.296],[76.205,22.357],[76.237,22.396],[76.104,22.474],[76.105,22.563],[76.063,22.588],[76.244,22.647],[76.102,22.705],[75.9,22.999],[75.99,23.082],[75.931,23.148],[75.931,23.299],[75.964,23.307]]]},"properties":{"name":"Dewas","state":"Madhya Pradesh","lat":22.798,"lon":76.29,"monitored":""}},{"type":"Feature","geometry":{"type":"Polygon","coordinates":[[[75.306,23.113],[75.35,23.072],[75.304,23.046],[75.332,22.842],[75.441,22.872],[75.437,22.776],[75.515,22.71],[75.496,22.648],[75.713,22.639],[75.558,22.517],[75.559,22.378],[75.492,22.331],[75.534,22.268],[75.511,22.164],[74.59,22.023],[74.506,22.046],[74.517,22.102],[74.475,22.112],[74.542,22.119],[74.516,22.221],[74.65,22.275],[74.635,22.365],[74.749,22.437],[74.71,22.48],[74.784,22.581],[74.766,22.75],[74.897,22.75],[74.987,22.868],[75.01,23.114],[75.306,23.113]]]},"properties":{"name":"Dhar","state":"Madhya Pradesh","lat":22.549,"lon":75.18,"monitored":""}},{"type":"Feature","geometry":{"type":"Polygon","coordinates":[[[81.118,23.218],[81.256,23.071],[81.192,22.914],[81.399,22.851],[81.469,22.76],[81.685,22.779],[81.732,22.689],[81.616,22.539],[81.519,22.54],[81.397,22.441],[81.323,22.524],[81.224,22.452],[81.171,22.488],[81.105,22.433],[81.114,22.294],[81.04,22.241],[80.993,22.289],[80.909,22.279],[80.863,22.437],[80.968,22.521],[80.929,22.585],[80.999,22.637],[80.918,22.682],[80.934,22.746],[80.863,22.759],[80.865,22.85],[80.725,22.814],[80.726,22.859],[80.566,22.87],[80.579,22.962],[80.518,23.081],[80.574,23.14],[80.473,23.2],[80.576,23.287],[80.567,23.354],[80.694,23.373],[80.753,23.344],[80.71,23.282],[80.755,23.222],[80.801,23.255],[80.855,23.224],[80.935,23.291],[81.026,23.209],[81.118,23.218]]]},"properties":{"name":"Dindori","state":"Madhya Pradesh","lat":22.797,"lon":81.152,"monitored":""}},{"type":"Feature","geometry":{"type":"Polygon","coordinates":[[[76.479,22.408],[76.603,22.411],[76.684,22.305],[76.78,22.351],[76.892,22.302],[76.826,22.164],[76.871,22.123],[76.84,22.062],[76.878,21.994],[77.151,21.987],[77.219,21.917],[77.16,21.859],[77.195,21.791],[77.098,21.789],[77.059,21.709],[76.762,21.556],[76.418,21.6],[76.177,21.543],[76.128,21.596],[76.079,21.575],[76.074,21.664],[76.174,21.689],[76.102,21.741],[76.103,21.85],[76.17,21.888],[76.161,22.036],[76.234,22.078],[76.183,22.125],[76.106,22.057],[76.163,22.207],[76.023,22.217],[76.166,22.263],[76.212,22.333],[76.321,22.302],[76.447,22.35],[76.479,22.408]]]},"properties":{"name":"East Nimar","state":"Madhya Pradesh","lat":21.952,"lon":76.676,"monitored":""}},{"type":"Feature","geometry":{"type":"Polygon","coordinates":[[[77.276,25.112],[77.367,24.929],[77.416,24.95],[77.475,24.879],[77.557,24.876],[77.515,24.836],[77.549,24.741],[77.477,24.637],[77.471,24.437],[77.586,24.379],[77.629,24.432],[77.73,24.434],[77.549,24.253],[77.487,24.281],[77.429,24.246],[77.404,24.332],[77.35,24.348],[77.34,24.187],[77.255,24.061],[77.307,24.016],[77.315,23.89],[77.182,23.902],[77.178,24.087],[76.965,24.056],[76.887,24.109],[76.944,24.206],[76.84,24.339],[76.815,24.534],[76.913,24.544],[76.965,24.461],[77.05,24.527],[77.06,24.638],[76.963,24.76],[76.847,24.75],[76.801,24.825],[76.949,24.873],[76.867,24.965],[76.882,25.034],[77.276,25.112]]]},"properties":{"name":"Guna","state":"Madhya Pradesh","lat":24.494,"lon":77.24,"monitored":""}},{"type":"Feature","geometry":{"type":"Polygon","coordinates":[[[78.221,26.31],[78.411,26.337],[78.539,26.197],[78.608,26.224],[78.644,26.13],[78.6,26.105],[78.639,26.068],[78.478,25.967],[78.383,25.841],[78.047,25.716],[77.993,25.771],[77.872,25.744],[77.856,25.814],[77.67,25.922],[77.665,25.985],[77.769,26.06],[77.737,26.169],[77.808,26.261],[77.856,26.22],[77.986,26.25],[77.997,26.33],[78.221,26.31]]]},"properties":{"name":"Gwalior","state":"Madhya Pradesh","lat":26.022,"lon":78.142,"monitored":""}},{"type":"Feature","geometry":{"type":"Polygon","coordinates":[[[77.149,22.586],[77.262,22.545],[77.359,22.221],[77.463,22.17],[77.451,22.088],[77.499,22.079],[77.495,22.036],[77.394,22.028],[77.216,21.908],[77.134,21.996],[76.884,21.988],[76.84,22.062],[76.866,22.138],[76.826,22.164],[76.892,22.302],[76.78,22.351],[76.787,22.432],[77.067,22.515],[77.149,22.586]]]},"properties":{"name":"Harda","state":"Madhya Pradesh","lat":22.262,"lon":77.11,"monitored":""}},{"type":"Feature","geometry":{"type":"Polygon","coordinates":[[[78.441,22.981],[78.566,22.959],[78.585,22.819],[78.627,22.763],[78.692,22.767],[78.688,22.711],[78.609,22.655],[78.495,22.64],[78.556,22.426],[78.456,22.383],[78.316,22.427],[78.181,22.4],[77.871,22.283],[77.853,22.359],[77.646,22.309],[77.543,22.359],[77.44,22.222],[77.352,22.252],[77.262,22.545],[77.203,22.569],[77.244,22.603],[77.321,22.566],[77.568,22.673],[77.615,22.745],[77.73,22.758],[77.84,22.865],[77.866,22.823],[77.921,22.849],[77.916,22.763],[77.961,22.82],[78.111,22.795],[78.193,22.895],[78.275,22.872],[78.441,22.981]]]},"properties":{"name":"Hoshangabad","state":"Madhya Pradesh","lat":22.586,"lon":77.938,"monitored":""}},{"type":"Feature","geometry":{"type":"Polygon","coordinates":[[[75.608,23.093],[75.642,23.009],[75.873,23.042],[76.102,22.705],[76.225,22.678],[76.233,22.623],[76.082,22.606],[76.105,22.562],[76.03,22.532],[76.058,22.459],[76.009,22.423],[75.602,22.344],[75.546,22.397],[75.557,22.513],[75.678,22.584],[75.714,22.622],[75.706,22.665],[75.694,22.63],[75.496,22.648],[75.509,22.734],[75.423,22.831],[75.476,23.007],[75.608,23.093]]]},"properties":{"name":"Indore","state":"Madhya Pradesh","lat":22.719,"lon":75.799,"monitored":""}},{"type":"Feature","geometry":{"type":"Polygon","coordinates":[[[79.809,23.463],[79.867,23.366],[79.93,23.404],[79.97,23.349],[80.162,23.303],[80.286,23.363],[80.361,23.309],[80.537,23.392],[80.577,23.29],[80.473,23.2],[80.573,23.133],[80.518,23.08],[80.401,23.175],[80.303,23.099],[80.27,23.149],[80.181,23.131],[80.18,23.025],[80.096,23.08],[79.989,23.028],[79.957,22.855],[79.761,22.846],[79.742,22.92],[79.617,22.957],[79.607,23.107],[79.513,23.144],[79.45,23.097],[79.345,23.108],[79.347,23.14],[79.809,23.463]]]},"properties":{"name":"Jabalpur","state":"Madhya Pradesh","lat":23.162,"lon":79.881,"monitored":""}},{"type":"Feature","geometry":{"type":"Polygon","coordinates":[[[74.793,23.236],[74.782,23.15],[74.927,23.162],[75.01,23.114],[74.987,22.868],[74.897,22.75],[74.766,22.75],[74.784,22.581],[74.71,22.48],[74.749,22.437],[74.635,22.365],[74.65,22.275],[74.516,22.221],[74.542,22.119],[74.475,22.112],[74.517,22.102],[74.506,22.046],[74.189,21.928],[74.1,22.002],[74.181,22.087],[74.13,22.098],[74.123,22.213],[74.076,22.222],[74.059,22.305],[74.1,22.373],[74.191,22.322],[74.294,22.394],[74.191,22.478],[74.123,22.421],[74.085,22.509],[74.037,22.492],[74.042,22.537],[74.153,22.517],[74.265,22.645],[74.384,22.644],[74.479,22.859],[74.451,22.924],[74.362,22.933],[74.323,23.063],[74.391,23.112],[74.512,23.089],[74.793,23.236]]]},"properties":{"name":"Jhabua","state":"Madhya Pradesh","lat":22.612,"lon":74.509,"monitored":""}},{"type":"Feature","geometry":{"type":"Polygon","coordinates":[[[80.729,24.11],[80.707,24.073],[80.795,24.067],[80.751,24.032],[80.78,23.973],[80.863,24.083],[80.951,24.069],[80.828,23.956],[80.887,23.863],[80.897,23.685],[80.814,23.672],[80.703,23.763],[80.544,23.546],[80.537,23.392],[80.361,23.309],[80.286,23.363],[80.162,23.303],[79.97,23.349],[79.93,23.404],[79.867,23.366],[79.804,23.444],[79.805,23.502],[79.949,23.659],[79.821,23.7],[79.823,23.77],[79.859,23.832],[79.935,23.832],[80.009,23.981],[80.143,23.944],[80.199,23.999],[80.322,23.915],[80.355,23.974],[80.512,24.02],[80.528,24.072],[80.541,24.036],[80.623,24.081],[80.644,24.052],[80.638,24.095],[80.729,24.11]]]},"properties":{"name":"Katni","state":"Madhya Pradesh","lat":23.732,"lon":80.251,"monitored":""}},{"type":"Feature","geometry":{"type":"MultiPolygon","coordinates":[[[[80.393,23.174],[80.552,23.032],[80.568,22.869],[80.726,22.859],[80.725,22.814],[80.865,22.85],[80.863,22.759],[80.934,22.746],[80.918,22.682],[80.999,22.637],[80.929,22.585],[80.968,22.521],[80.863,22.437],[80.896,22.365],[80.79,22.396],[80.699,22.205],[80.5,22.276],[80.411,22.246],[80.319,22.346],[80.229,22.302],[80.083,22.344],[80.025,22.544],[79.947,22.559],[80.106,22.629],[80.192,22.608],[80.233,22.718],[80.284,22.727],[80.262,22.796],[80.065,22.759],[79.975,22.833],[79.946,22.947],[80.005,22.975],[79.989,23.028],[80.096,23.08],[80.18,23.025],[80.175,23.125],[80.239,23.15],[80.303,23.099],[80.393,23.174]]],[[[80.885,22.35],[80.874,22.335],[80.875,22.346],[80.885,22.35]]]]},"properties":{"name":"Mandla","state":"Madhya Pradesh","lat":22.7,"lon":80.574,"monitored":""}},{"type":"Feature","geometry":{"type":"Polygon","coordinates":[[[75.786,24.766],[75.839,24.73],[75.835,24.598],[75.925,24.538],[75.899,24.442],[75.829,24.423],[75.791,24.475],[75.727,24.405],[75.827,24.246],[75.743,24.14],[75.836,24.111],[75.834,24.075],[75.7,23.969],[75.669,24.034],[75.584,23.992],[75.514,24.049],[75.343,23.809],[75.234,23.865],[74.94,23.766],[74.906,23.874],[74.993,24.03],[74.88,24.216],[74.959,24.355],[75.022,24.395],[75.041,24.345],[75.113,24.383],[75.213,24.332],[75.423,24.352],[75.59,24.541],[75.572,24.635],[75.61,24.654],[75.549,24.716],[75.634,24.691],[75.786,24.766]]]},"properties":{"name":"Mandsaur","state":"Madhya Pradesh","lat":24.289,"lon":75.361,"monitored":""}},{"type":"Feature","geometry":{"type":"Polygon","coordinates":[[[78.365,26.869],[78.535,26.772],[78.521,26.681],[78.454,26.677],[78.33,26.551],[78.293,26.597],[78.207,26.534],[78.287,26.42],[78.251,26.319],[77.997,26.33],[77.986,26.25],[77.856,26.22],[77.808,26.261],[77.737,26.169],[77.769,26.06],[77.665,25.985],[77.67,25.922],[77.542,25.908],[77.531,25.946],[77.641,25.97],[77.608,26.035],[77.656,26.105],[77.573,26.018],[77.394,26.158],[77.227,26.085],[77.13,26.18],[77.124,26.238],[77.203,26.237],[77.335,26.357],[77.437,26.368],[77.428,26.407],[77.813,26.555],[77.895,26.662],[78.086,26.683],[78.106,26.801],[78.365,26.869]]]},"properties":{"name":"Morena","state":"Madhya Pradesh","lat":26.388,"lon":77.854,"monitored":""}},{"type":"Feature","geometry":{"type":"Polygon","coordinates":[[[78.802,23.239],[79.141,23.174],[79.236,23.253],[79.302,23.233],[79.324,23.15],[79.366,23.167],[79.345,23.108],[79.566,23.134],[79.609,23.105],[79.585,23.024],[79.634,22.975],[79.578,22.944],[79.619,22.876],[79.538,22.82],[79.508,22.722],[79.407,22.724],[79.319,22.618],[79.223,22.818],[79.011,22.742],[78.991,22.622],[78.843,22.687],[78.736,22.627],[78.678,22.666],[78.689,22.773],[78.631,22.761],[78.585,22.819],[78.566,22.959],[78.437,22.988],[78.724,23.05],[78.795,23.101],[78.802,23.239]]]},"properties":{"name":"Narsinghpur","state":"Madhya Pradesh","lat":22.91,"lon":79.085,"monitored":""}},{"type":"Feature","geometry":{"type":"Polygon","coordinates":[[[75.182,25.048],[75.354,25.037],[75.314,24.9],[75.276,24.977],[75.261,24.89],[75.424,24.893],[75.306,24.813],[75.208,24.91],[75.252,24.832],[75.187,24.76],[75.452,24.693],[75.549,24.716],[75.61,24.654],[75.572,24.635],[75.581,24.519],[75.414,24.349],[75.213,24.332],[75.113,24.383],[75.041,24.345],[75.022,24.395],[74.904,24.246],[74.755,24.279],[74.858,24.456],[74.712,24.511],[74.817,24.672],[74.775,24.688],[74.799,24.796],[74.893,24.655],[75.02,24.753],[75.007,24.796],[74.849,24.793],[74.833,24.967],[75.043,24.859],[75.119,24.889],[75.119,24.975],[75.182,25.048]]]},"properties":{"name":"Neemuch","state":"Madhya Pradesh","lat":24.644,"lon":75.195,"monitored":""}},{"type":"Feature","geometry":{"type":"Polygon","coordinates":[[[80.441,25.082],[80.542,25.034],[80.466,24.976],[80.476,24.857],[80.516,24.92],[80.627,24.877],[80.468,24.76],[80.405,24.778],[80.361,24.695],[80.414,24.613],[80.465,24.615],[80.417,24.445],[80.571,24.303],[80.615,24.187],[80.625,24.201],[80.67,24.196],[80.504,24.08],[80.439,24.095],[80.322,23.915],[80.199,23.999],[80.143,23.944],[80.046,23.996],[79.935,23.832],[79.859,23.832],[79.838,24.025],[79.731,24.065],[79.835,24.22],[79.807,24.287],[79.851,24.302],[79.797,24.321],[79.79,24.377],[79.876,24.378],[79.895,24.577],[79.839,24.617],[79.89,24.697],[79.952,24.661],[80.078,24.813],[80.047,24.942],[80.142,24.941],[80.267,25.03],[80.382,25.01],[80.366,25.058],[80.441,25.082]]]},"properties":{"name":"Panna","state":"Madhya Pradesh","lat":24.511,"lon":80.162,"monitored":""}},{"type":"Feature","geometry":{"type":"Polygon","coordinates":[[[78.429,23.744],[78.463,23.647],[78.508,23.661],[78.498,23.536],[78.732,23.58],[78.594,23.427],[78.803,23.237],[78.791,23.095],[78.458,23.007],[78.275,22.872],[78.193,22.895],[78.105,22.793],[78.024,22.806],[78.029,22.911],[77.944,22.905],[77.96,22.965],[77.695,22.887],[77.688,22.838],[77.429,22.912],[77.357,23.06],[77.564,23.148],[77.624,23.338],[77.554,23.428],[77.488,23.431],[77.512,23.518],[77.621,23.468],[77.624,23.55],[77.73,23.539],[77.811,23.463],[77.91,23.456],[78.017,23.349],[78.052,23.388],[77.989,23.419],[77.996,23.47],[78.081,23.454],[78.143,23.479],[78.129,23.52],[78.216,23.533],[78.285,23.703],[78.405,23.642],[78.407,23.735],[78.34,23.683],[78.363,23.73],[78.429,23.744]]]},"properties":{"name":"Raisen","state":"Madhya Pradesh","lat":23.288,"lon":78.178,"monitored":""}},{"type":"Feature","geometry":{"type":"Polygon","coordinates":[[[76.693,24.274],[76.695,24.176],[76.801,24.12],[76.877,24.138],[76.965,24.056],[77.178,24.087],[77.16,23.953],[77.223,23.9],[77.218,23.825],[77.136,23.651],[77.146,23.578],[77.048,23.485],[76.971,23.509],[76.935,23.476],[76.892,23.526],[76.794,23.46],[76.6,23.565],[76.502,23.568],[76.504,23.515],[76.436,23.55],[76.462,23.598],[76.381,23.813],[76.253,23.985],[76.268,24.053],[76.213,24.059],[76.245,24.152],[76.216,24.217],[76.327,24.254],[76.414,24.207],[76.47,24.231],[76.531,24.163],[76.58,24.181],[76.588,24.25],[76.693,24.274]]]},"properties":{"name":"Rajgarh","state":"Madhya Pradesh","lat":23.862,"lon":76.782,"monitored":""}},{"type":"Feature","geometry":{"type":"Polygon","coordinates":[[[75.477,23.915],[75.583,23.8],[75.674,23.784],[75.686,23.718],[75.618,23.664],[75.523,23.672],[75.504,23.531],[75.397,23.605],[75.332,23.597],[75.335,23.632],[75.236,23.518],[75.186,23.527],[75.134,23.408],[75.201,23.33],[75.326,23.296],[75.226,23.214],[75.235,23.091],[74.992,23.112],[74.927,23.162],[74.804,23.138],[74.768,23.179],[74.792,23.241],[74.7,23.22],[74.701,23.272],[74.519,23.322],[74.613,23.461],[74.94,23.63],[74.908,23.683],[74.97,23.797],[75.234,23.865],[75.335,23.807],[75.372,23.873],[75.477,23.915]]]},"properties":{"name":"Ratlam","state":"Madhya Pradesh","lat":23.49,"lon":74.919,"monitored":""}},{"type":"Feature","geometry":{"type":"Polygon","coordinates":[[[81.586,25.187],[81.632,25.103],[81.604,25.061],[81.898,25.01],[81.896,24.893],[81.959,24.831],[82.005,24.851],[82.112,24.792],[82.196,24.825],[82.173,24.74],[82.244,24.776],[82.23,24.67],[82.296,24.67],[82.299,24.601],[82.171,24.622],[81.92,24.572],[81.264,24.325],[81.283,24.399],[81.217,24.494],[81.132,24.515],[81.175,24.702],[81.039,24.801],[81.161,24.959],[81.213,24.935],[81.269,25.168],[81.315,25.116],[81.33,25.172],[81.43,25.134],[81.401,25.108],[81.484,25.075],[81.51,25.187],[81.586,25.187]]]},"properties":{"name":"Rewa","state":"Madhya Pradesh","lat":24.758,"lon":81.638,"monitored":""}},{"type":"Feature","geometry":{"type":"Polygon","coordinates":[[[78.382,24.274],[78.505,24.394],[78.669,24.245],[78.76,24.258],[78.802,24.182],[78.879,24.223],[78.987,24.423],[79.042,24.372],[79.161,24.434],[79.236,24.417],[79.209,24.335],[79.144,24.409],[79.167,24.283],[79.04,24.225],[79.181,24.016],[79.077,23.977],[79.052,23.919],[79.243,23.829],[79.215,23.788],[79.345,23.66],[79.295,23.641],[79.323,23.526],[79.176,23.434],[79.23,23.342],[79.208,23.263],[79.166,23.258],[79.176,23.196],[79.109,23.173],[79.101,23.209],[78.757,23.248],[78.719,23.35],[78.648,23.342],[78.594,23.427],[78.729,23.535],[78.727,23.584],[78.498,23.536],[78.508,23.661],[78.463,23.647],[78.428,23.748],[78.363,23.73],[78.34,23.683],[78.423,23.723],[78.393,23.636],[78.232,23.718],[78.293,23.832],[78.257,23.863],[78.272,24.033],[78.206,24.072],[78.17,24.013],[78.07,24.048],[78.113,24.054],[78.091,24.16],[78.137,24.207],[78.053,24.235],[78.09,24.235],[78.087,24.324],[78.261,24.454],[78.361,24.386],[78.326,24.33],[78.382,24.274]]]},"properties":{"name":"Sagar","state":"Madhya Pradesh","lat":23.809,"lon":78.755,"monitored":""}},{"type":"Feature","geometry":{"type":"Polygon","coordinates":[[[80.836,25.193],[80.906,25.164],[80.827,25.039],[80.85,25.003],[80.79,24.967],[80.835,24.935],[80.942,24.971],[80.955,24.926],[81.081,24.95],[81.117,24.887],[81.039,24.801],[81.175,24.702],[81.132,24.515],[81.217,24.494],[81.283,24.399],[81.264,24.325],[81.383,24.268],[81.366,24.217],[81.194,24.112],[81.139,24.139],[80.966,24.069],[80.863,24.083],[80.788,23.972],[80.751,24.032],[80.793,24.07],[80.692,24.089],[80.731,24.138],[80.634,24.091],[80.644,24.052],[80.623,24.081],[80.541,24.036],[80.528,24.072],[80.486,24.002],[80.35,23.97],[80.38,24.045],[80.436,24.038],[80.439,24.095],[80.504,24.08],[80.67,24.196],[80.615,24.187],[80.571,24.303],[80.417,24.445],[80.465,24.615],[80.414,24.613],[80.361,24.695],[80.405,24.778],[80.468,24.76],[80.626,24.869],[80.516,24.92],[80.476,24.857],[80.466,24.976],[80.543,25.009],[80.474,25.102],[80.607,25.072],[80.588,25.109],[80.6,25.155],[80.674,25.054],[80.776,25.062],[80.7,25.137],[80.828,25.11],[80.836,25.193]]]},"properties":{"name":"Satna","state":"Madhya Pradesh","lat":24.564,"lon":80.797,"monitored":""}},{"type":"Feature","geometry":{"type":"Polygon","coordinates":[[[77.171,23.684],[77.294,23.586],[77.294,23.436],[77.241,23.413],[77.223,23.332],[77.183,23.361],[77.22,23.294],[77.186,23.238],[77.283,23.106],[77.379,23.093],[77.361,23.005],[77.429,22.912],[77.688,22.838],[77.695,22.887],[77.96,22.965],[77.944,22.905],[78.029,22.911],[78.024,22.806],[77.955,22.817],[77.916,22.763],[77.921,22.849],[77.866,22.823],[77.84,22.865],[77.735,22.761],[77.615,22.745],[77.568,22.673],[77.321,22.566],[77.258,22.612],[77.119,22.562],[77.027,22.694],[77.024,22.779],[76.981,22.883],[76.922,22.877],[76.919,22.832],[76.875,22.896],[76.567,22.764],[76.527,22.8],[76.449,22.932],[76.447,23.091],[76.587,23.113],[76.644,23.202],[76.879,23.121],[76.891,23.21],[76.99,23.289],[76.993,23.403],[77.146,23.578],[77.171,23.684]]]},"properties":{"name":"Sehore","state":"Madhya Pradesh","lat":23.161,"lon":77.063,"monitored":""}},{"type":"Feature","geometry":{"type":"Polygon","coordinates":[[[79.578,22.944],[79.742,22.92],[79.761,22.846],[79.948,22.859],[80.06,22.76],[80.262,22.796],[80.284,22.727],[80.233,22.718],[80.192,22.608],[80.106,22.629],[79.947,22.559],[80.025,22.544],[80.087,22.425],[80.092,22.25],[80.028,22.183],[80.063,22.077],[79.923,22.063],[79.918,21.972],[79.832,21.94],[79.886,21.93],[79.865,21.9],[79.776,21.863],[79.763,21.808],[79.686,21.8],[79.668,21.696],[79.595,21.709],[79.589,21.644],[79.506,21.59],[79.489,21.674],[79.219,21.72],[79.403,22.042],[79.32,22.226],[79.36,22.223],[79.358,22.265],[79.281,22.316],[79.348,22.351],[79.279,22.377],[79.329,22.445],[79.194,22.45],[79.339,22.488],[79.315,22.541],[79.368,22.601],[79.319,22.618],[79.407,22.724],[79.508,22.722],[79.538,22.82],[79.619,22.876],[79.578,22.944]]]},"properties":{"name":"Seoni","state":"Madhya Pradesh","lat":22.291,"lon":79.705,"monitored":""}},{"type":"Feature","geometry":{"type":"Polygon","coordinates":[[[81.463,24.264],[81.502,24.088],[81.552,24.079],[81.476,24.037],[81.687,23.721],[81.577,23.555],[81.628,23.49],[81.736,23.567],[81.827,23.511],[81.914,23.534],[81.975,23.432],[81.869,23.298],[81.813,23.308],[81.876,23.24],[81.781,23.26],[81.643,23.195],[81.584,23.228],[81.531,23.119],[81.61,23.064],[81.552,23.019],[81.641,23.014],[81.786,22.877],[81.749,22.646],[81.685,22.779],[81.469,22.76],[81.399,22.851],[81.192,22.914],[81.256,23.071],[81.087,23.211],[81.098,23.255],[81.036,23.273],[80.998,23.375],[81.009,23.444],[81.169,23.504],[81.241,23.721],[81.175,23.808],[81.262,23.841],[81.163,23.884],[81.12,23.972],[81.062,23.968],[80.995,24.088],[81.139,24.139],[81.194,24.112],[81.353,24.201],[81.383,24.268],[81.463,24.264]]]},"properties":{"name":"Shahdol","state":"Madhya Pradesh","lat":23.467,"lon":81.512,"monitored":""}},{"type":"Feature","geometry":{"type":"Polygon","coordinates":[[[76.185,24.332],[76.213,24.059],[76.268,24.053],[76.253,23.985],[76.3,23.966],[76.462,23.598],[76.436,23.55],[76.504,23.515],[76.502,23.568],[76.6,23.565],[76.794,23.46],[76.892,23.526],[76.935,23.476],[76.971,23.509],[77.048,23.485],[76.99,23.289],[76.906,23.234],[76.861,23.109],[76.676,23.2],[76.629,23.2],[76.587,23.113],[76.376,23.23],[76.135,23.231],[76.128,23.282],[76.172,23.269],[76.248,23.356],[76.192,23.471],[76.248,23.514],[76.154,23.509],[76.159,23.579],[75.877,23.562],[75.81,23.662],[75.843,23.733],[75.821,23.701],[75.689,23.751],[75.729,23.858],[75.702,23.904],[75.777,23.854],[75.932,23.902],[75.981,23.943],[75.96,24.025],[76.135,24.095],[76.121,24.196],[76.185,24.332]]]},"properties":{"name":"Shajapur","state":"Madhya Pradesh","lat":23.717,"lon":76.123,"monitored":""}},{"type":"Feature","geometry":{"type":"Polygon","coordinates":[[[77.109,26.225],[77.227,26.085],[77.394,26.158],[77.573,26.018],[77.656,26.105],[77.608,26.035],[77.641,25.97],[77.531,25.946],[77.542,25.908],[77.649,25.916],[77.631,25.873],[77.551,25.819],[77.401,25.888],[77.437,25.783],[77.322,25.797],[77.27,25.725],[77.316,25.674],[77.247,25.665],[77.294,25.547],[77.172,25.515],[77.096,25.389],[77.01,25.387],[77.075,25.35],[77.024,25.301],[76.934,25.276],[76.893,25.322],[76.77,25.312],[76.603,25.389],[76.478,25.695],[76.535,25.809],[76.646,25.909],[76.806,25.953],[76.888,26.093],[77.109,26.225]]]},"properties":{"name":"Sheopur","state":"Madhya Pradesh","lat":25.754,"lon":76.899,"monitored":""}},{"type":"Feature","geometry":{"type":"Polygon","coordinates":[[[77.649,25.916],[77.856,25.814],[77.872,25.744],[77.991,25.771],[78.035,25.719],[78.152,25.724],[78.274,25.786],[78.209,25.705],[78.301,25.71],[78.369,25.666],[78.391,25.576],[78.46,25.59],[78.41,25.538],[78.421,25.478],[78.348,25.455],[78.294,25.368],[78.443,25.129],[78.328,25.089],[78.328,25.0],[78.162,24.845],[77.968,24.85],[78.011,24.958],[77.879,25.011],[77.82,25.005],[77.73,24.863],[77.667,24.87],[77.582,24.968],[77.537,24.916],[77.581,24.894],[77.475,24.879],[77.456,24.932],[77.364,24.932],[77.303,25.076],[77.399,25.113],[77.418,25.193],[77.35,25.272],[77.354,25.424],[77.283,25.424],[77.205,25.311],[77.007,25.358],[77.142,25.424],[77.172,25.515],[77.288,25.539],[77.247,25.665],[77.316,25.674],[77.27,25.725],[77.322,25.797],[77.437,25.783],[77.401,25.888],[77.551,25.819],[77.649,25.916]]]},"properties":{"name":"Shivpuri","state":"Madhya Pradesh","lat":25.396,"lon":77.832,"monitored":""}},{"type":"Feature","geometry":{"type":"Polygon","coordinates":[[[82.402,24.684],[82.529,24.652],[82.666,24.7],[82.796,24.6],[82.801,24.553],[82.713,24.556],[82.707,24.385],[82.761,24.373],[82.764,24.292],[82.72,24.139],[82.657,24.135],[82.766,24.078],[82.742,24.021],[82.808,23.963],[82.657,23.908],[82.653,23.858],[82.527,23.824],[82.54,23.791],[82.226,23.807],[82.204,23.853],[82.045,23.821],[81.916,23.873],[81.783,23.812],[81.662,23.926],[81.541,23.912],[81.474,24.04],[81.552,24.079],[81.502,24.088],[81.461,24.272],[81.344,24.257],[81.298,24.325],[81.92,24.572],[82.171,24.622],[82.409,24.598],[82.402,24.684]]]},"properties":{"name":"Sidhi","state":"Madhya Pradesh","lat":24.198,"lon":82.107,"monitored":""}},{"type":"Feature","geometry":{"type":"Polygon","coordinates":[[[78.828,25.51],[78.942,25.551],[78.903,25.447],[78.96,25.439],[78.979,25.376],[78.875,25.388],[78.783,25.303],[78.842,25.229],[78.877,25.344],[78.956,25.348],[78.97,25.285],[78.876,25.256],[78.874,25.163],[78.948,25.22],[78.996,25.196],[79.005,25.277],[79.056,25.226],[79.022,25.143],[79.084,25.193],[79.129,25.111],[79.314,25.151],[79.337,25.081],[79.296,24.689],[79.186,24.617],[79.06,24.627],[78.972,24.445],[78.903,24.478],[78.966,24.497],[78.873,24.647],[78.749,24.605],[78.781,24.815],[78.622,24.965],[78.642,25.061],[78.564,25.265],[78.427,25.289],[78.525,25.307],[78.525,25.363],[78.576,25.352],[78.561,25.396],[78.653,25.444],[78.701,25.429],[78.658,25.388],[78.764,25.358],[78.743,25.413],[78.813,25.43],[78.755,25.434],[78.732,25.501],[78.834,25.432],[78.828,25.51]]]},"properties":{"name":"Tikamgarh","state":"Madhya Pradesh","lat":25.013,"lon":78.981,"monitored":""}},{"type":"Feature","geometry":{"type":"Polygon","coordinates":[[[75.731,23.756],[75.821,23.701],[75.843,23.733],[75.81,23.662],[75.85,23.574],[76.159,23.579],[76.154,23.509],[76.229,23.53],[76.196,23.425],[76.248,23.356],[76.047,23.214],[76.138,23.198],[76.049,23.183],[76.101,23.056],[76.051,23.082],[75.947,23.323],[75.932,23.138],[75.99,23.082],[75.963,23.029],[75.642,23.009],[75.625,23.091],[75.567,23.089],[75.476,23.007],[75.438,22.873],[75.341,22.835],[75.303,23.019],[75.35,23.072],[75.242,23.139],[75.226,23.214],[75.282,23.223],[75.263,23.272],[75.326,23.299],[75.201,23.33],[75.134,23.411],[75.191,23.533],[75.273,23.545],[75.315,23.627],[75.504,23.531],[75.523,23.672],[75.618,23.664],[75.731,23.756]]]},"properties":{"name":"Ujjain","state":"Madhya Pradesh","lat":23.285,"lon":75.619,"monitored":""}},{"type":"Feature","geometry":{"type":"Polygon","coordinates":[[[81.004,24.095],[81.062,23.968],[81.12,23.972],[81.163,23.884],[81.259,23.848],[81.175,23.808],[81.24,23.727],[81.235,23.652],[81.142,23.464],[81.009,23.444],[80.998,23.375],[81.093,23.204],[80.935,23.291],[80.855,23.224],[80.801,23.255],[80.755,23.222],[80.71,23.282],[80.75,23.346],[80.533,23.359],[80.544,23.546],[80.703,23.763],[80.814,23.672],[80.895,23.682],[80.906,23.789],[80.828,23.956],[81.004,24.095]]]},"properties":{"name":"Umaria","state":"Madhya Pradesh","lat":23.599,"lon":80.896,"monitored":""}},{"type":"Feature","geometry":{"type":"Polygon","coordinates":[[[77.429,24.246],[77.487,24.281],[77.549,24.253],[77.644,24.32],[77.886,24.32],[77.937,24.236],[78.03,24.294],[78.09,24.248],[78.053,24.233],[78.137,24.207],[78.091,24.16],[78.113,24.054],[78.07,24.048],[78.17,24.013],[78.206,24.072],[78.272,24.033],[78.257,23.863],[78.293,23.832],[78.232,23.718],[78.287,23.678],[78.271,23.615],[78.216,23.533],[78.127,23.519],[78.143,23.479],[77.996,23.47],[77.989,23.419],[78.052,23.388],[78.017,23.349],[77.91,23.456],[77.811,23.463],[77.73,23.539],[77.624,23.55],[77.621,23.468],[77.52,23.507],[77.505,23.58],[77.645,23.722],[77.434,23.784],[77.37,23.888],[77.314,23.898],[77.307,24.016],[77.255,24.061],[77.34,24.187],[77.319,24.298],[77.353,24.352],[77.429,24.246]]]},"properties":{"name":"Vidisha","state":"Madhya Pradesh","lat":23.848,"lon":77.835,"monitored":""}},{"type":"Feature","geometry":{"type":"Polygon","coordinates":[[[76.091,22.531],[76.104,22.474],[76.237,22.396],[76.182,22.275],[76.023,22.217],[76.163,22.207],[76.106,22.057],[76.159,22.066],[76.165,22.12],[76.227,22.103],[76.146,21.982],[76.17,21.888],[76.103,21.85],[76.102,21.741],[76.174,21.689],[76.074,21.664],[76.079,21.575],[75.954,21.547],[75.948,21.483],[76.012,21.47],[75.992,21.376],[75.627,21.382],[75.609,21.462],[75.467,21.519],[75.506,21.617],[75.441,21.678],[75.298,21.637],[75.212,21.712],[75.283,21.744],[75.287,21.918],[75.338,21.914],[75.458,22.065],[75.32,22.136],[75.511,22.164],[75.506,22.372],[75.652,22.336],[75.827,22.408],[75.908,22.39],[76.056,22.456],[76.03,22.532],[76.091,22.531]]]},"properties":{"name":"West Nimar","state":"Madhya Pradesh","lat":21.95,"lon":75.76,"monitored":""}},{"type":"Feature","geometry":{"type":"Polygon","coordinates":[[[74.258,19.965],[74.678,19.948],[74.665,19.84],[74.611,19.85],[74.596,19.78],[74.717,19.783],[74.734,19.7],[74.811,19.704],[74.785,19.653],[75.191,19.597],[75.333,19.48],[75.358,19.501],[75.345,19.406],[75.446,19.428],[75.537,19.375],[75.544,19.309],[75.408,19.199],[75.451,19.17],[75.436,19.117],[75.489,19.104],[75.373,19.083],[75.413,19.134],[75.341,19.154],[75.367,19.077],[75.286,19.084],[75.344,18.99],[75.276,18.993],[75.225,19.111],[75.184,19.013],[75.075,19.058],[75.113,19.124],[74.946,19.13],[74.92,19.04],[74.957,18.969],[74.818,18.977],[75.218,18.554],[75.138,18.526],[75.082,18.42],[75.02,18.436],[74.856,18.33],[74.784,18.408],[74.739,18.398],[74.71,18.504],[74.649,18.45],[74.559,18.499],[74.587,18.548],[74.48,18.641],[74.517,18.667],[74.483,18.722],[74.406,18.741],[74.403,18.83],[74.328,18.843],[74.182,19.036],[74.323,19.208],[74.042,19.25],[74.007,19.358],[73.763,19.397],[73.684,19.463],[73.717,19.496],[73.635,19.543],[73.629,19.587],[73.786,19.632],[73.875,19.75],[73.923,19.682],[74.128,19.644],[74.174,19.729],[74.384,19.807],[74.258,19.965]]]},"properties":{"name":"Ahmednagar","state":"Maharashtra","lat":19.144,"lon":74.807,"monitored":""}},{"type":"Feature","geometry":{"type":"Polygon","coordinates":[[[77.021,21.248],[77.162,21.239],[77.156,21.148],[77.194,21.141],[77.147,21.075],[77.132,20.865],[77.435,20.846],[77.476,20.881],[77.616,20.77],[77.515,20.73],[77.54,20.677],[77.431,20.663],[77.464,20.611],[77.338,20.578],[77.333,20.528],[77.395,20.527],[77.378,20.484],[77.326,20.5],[77.346,20.466],[77.293,20.421],[77.184,20.45],[77.139,20.384],[77.022,20.452],[76.881,20.283],[76.809,20.281],[76.698,20.355],[76.726,20.403],[76.692,20.46],[76.761,20.542],[76.715,20.653],[76.744,20.801],[76.663,20.928],[76.784,20.91],[76.806,20.959],[76.764,21.041],[76.773,21.191],[76.997,21.206],[77.021,21.248]]]},"properties":{"name":"Akola","state":"Maharashtra","lat":20.75,"lon":77.15,"monitored":""}},{"type":"Feature","geometry":{"type":"Polygon","coordinates":[[[77.475,21.766],[77.607,21.543],[77.42,21.539],[77.487,21.378],[77.939,21.387],[78.169,21.499],[78.181,21.559],[78.423,21.602],[78.444,21.406],[78.247,21.33],[78.071,21.355],[78.052,21.255],[78.141,21.139],[78.142,20.953],[78.313,20.824],[78.292,20.698],[78.108,20.641],[78.035,20.667],[77.92,20.559],[77.889,20.624],[77.768,20.541],[77.627,20.568],[77.633,20.756],[77.548,20.855],[77.132,20.865],[77.147,21.075],[77.193,21.124],[77.162,21.239],[76.791,21.187],[76.722,21.291],[76.661,21.282],[76.626,21.33],[76.784,21.466],[76.795,21.598],[76.901,21.601],[77.072,21.723],[77.207,21.694],[77.28,21.761],[77.475,21.766]]]},"properties":{"name":"Amravati","state":"Maharashtra","lat":21.163,"lon":77.653,"monitored":""}},{"type":"Feature","geometry":{"type":"Polygon","coordinates":[[[75.707,20.663],[75.704,20.619],[75.79,20.567],[75.846,20.569],[75.87,20.625],[75.888,20.528],[75.852,20.492],[75.895,20.449],[75.766,20.452],[75.738,20.416],[75.774,20.338],[75.687,20.311],[75.68,20.192],[75.591,20.103],[75.595,20.024],[75.669,19.941],[75.635,19.656],[75.593,19.638],[75.659,19.567],[75.611,19.382],[75.494,19.441],[75.345,19.406],[75.358,19.501],[75.333,19.48],[75.197,19.594],[74.793,19.65],[74.811,19.704],[74.734,19.7],[74.717,19.783],[74.598,19.777],[74.611,19.85],[74.665,19.84],[74.654,19.911],[74.724,20.022],[74.728,20.191],[74.832,20.244],[74.86,20.178],[74.934,20.154],[74.912,20.245],[74.998,20.337],[75.059,20.309],[75.128,20.351],[75.111,20.413],[75.233,20.495],[75.262,20.581],[75.364,20.598],[75.399,20.526],[75.46,20.518],[75.538,20.611],[75.707,20.663]]]},"properties":{"name":"Aurangabad","state":"Maharashtra","lat":20.023,"lon":75.16,"monitored":""}},{"type":"Feature","geometry":{"type":"MultiPolygon","coordinates":[[[[80.325,21.495],[80.401,21.465],[80.404,21.376],[80.511,21.392],[80.674,21.309],[80.603,21.227],[80.457,21.173],[80.433,21.097],[80.382,21.139],[80.402,21.184],[80.338,21.173],[80.32,21.306],[80.26,21.357],[80.356,21.406],[80.275,21.453],[80.325,21.495]]],[[[79.745,21.598],[79.922,21.512],[79.793,21.377],[79.859,21.258],[79.826,21.23],[79.935,21.252],[80.043,21.21],[80.081,21.048],[80.041,21.003],[79.943,21.011],[79.941,20.926],[79.859,20.876],[79.86,20.781],[79.934,20.785],[79.91,20.737],[79.958,20.689],[79.797,20.684],[79.755,20.73],[79.689,20.64],[79.503,20.704],[79.536,20.848],[79.613,20.864],[79.653,20.969],[79.487,21.14],[79.496,21.184],[79.556,21.156],[79.571,21.278],[79.443,21.457],[79.508,21.535],[79.745,21.598]]]]},"properties":{"name":"Bhandara","state":"Maharashtra","lat":21.094,"lon":79.801,"monitored":""}},{"type":"Feature","geometry":{"type":"Polygon","coordinates":[[[75.494,19.441],[75.689,19.356],[75.919,19.388],[75.939,19.293],[76.02,19.34],[76.04,19.286],[76.346,19.25],[76.324,19.107],[76.437,19.096],[76.478,18.956],[76.522,18.917],[76.583,18.945],[76.587,18.874],[76.735,18.699],[76.57,18.679],[76.538,18.598],[76.442,18.643],[76.387,18.541],[76.001,18.585],[75.812,18.674],[75.674,18.69],[75.655,18.647],[75.589,18.697],[75.421,18.533],[75.348,18.562],[75.264,18.509],[74.817,18.973],[74.957,18.969],[74.92,19.04],[74.946,19.13],[75.113,19.124],[75.075,19.058],[75.184,19.013],[75.225,19.111],[75.276,18.993],[75.344,18.99],[75.286,19.079],[75.367,19.077],[75.335,19.15],[75.413,19.134],[75.387,19.078],[75.489,19.104],[75.436,19.117],[75.451,19.17],[75.407,19.194],[75.544,19.309],[75.494,19.441]]]},"properties":{"name":"Bid","state":"Maharashtra","lat":18.981,"lon":75.71,"monitored":""}},{"type":"Feature","geometry":{"type":"Polygon","coordinates":[[[76.722,21.291],[76.782,21.191],[76.764,21.041],[76.806,20.959],[76.784,20.91],[76.663,20.928],[76.744,20.801],[76.715,20.653],[76.761,20.542],[76.692,20.46],[76.726,20.403],[76.698,20.355],[76.791,20.316],[76.825,20.247],[76.746,20.206],[76.757,20.132],[76.629,20.083],[76.658,19.964],[76.606,19.922],[76.658,19.893],[76.622,19.843],[76.539,19.846],[76.49,19.919],[76.368,19.927],[76.298,19.87],[76.1,19.857],[75.997,19.976],[76.151,20.179],[76.178,20.298],[76.099,20.353],[75.921,20.298],[75.968,20.375],[75.951,20.521],[76.04,20.557],[75.987,20.761],[76.111,20.884],[76.084,20.929],[76.166,21.042],[76.346,20.952],[76.382,21.079],[76.487,21.196],[76.623,21.193],[76.661,21.282],[76.722,21.291]]]},"properties":{"name":"Buldana","state":"Maharashtra","lat":20.605,"lon":76.381,"monitored":""}},{"type":"Feature","geometry":{"type":"Polygon","coordinates":[[[79.755,20.73],[79.93,20.66],[79.939,20.293],[79.989,20.218],[79.906,20.148],[79.978,20.078],[79.944,19.983],[79.889,19.968],[79.842,20.031],[79.774,19.999],[79.799,19.892],[79.737,19.815],[79.785,19.594],[79.64,19.575],[79.598,19.504],[79.543,19.549],[79.47,19.497],[79.244,19.613],[79.189,19.459],[79.097,19.53],[78.955,19.552],[78.969,19.649],[78.859,19.656],[78.844,19.759],[78.943,19.747],[78.953,19.802],[79.06,19.814],[79.146,19.892],[79.089,19.914],[79.103,20.007],[78.965,20.122],[78.916,20.252],[78.807,20.254],[78.837,20.431],[78.945,20.428],[79.018,20.478],[79.125,20.454],[79.221,20.583],[79.316,20.583],[79.37,20.677],[79.429,20.658],[79.515,20.708],[79.689,20.64],[79.755,20.73]]]},"properties":{"name":"Chandrapur","state":"Maharashtra","lat":20.1,"lon":79.473,"monitored":""}},{"type":"Feature","geometry":{"type":"Polygon","coordinates":[[[74.87,21.63],[75.058,21.565],[75.115,21.46],[75.207,21.416],[75.144,21.386],[75.107,21.238],[75.002,21.189],[74.946,21.227],[74.966,21.194],[74.874,21.103],[74.989,20.824],[74.994,20.738],[74.933,20.659],[74.818,20.635],[74.655,20.696],[74.669,20.776],[74.577,20.834],[74.443,20.803],[74.401,20.861],[73.934,20.845],[73.863,21.031],[73.961,21.033],[73.981,21.112],[74.075,21.129],[74.064,21.172],[74.162,21.233],[74.496,21.241],[74.502,21.429],[74.689,21.404],[74.702,21.472],[74.757,21.478],[74.775,21.616],[74.87,21.63]]]},"properties":{"name":"Dhule","state":"Maharashtra","lat":21.151,"lon":74.496,"monitored":""}},{"type":"Feature","geometry":{"type":"Polygon","coordinates":[[[80.556,20.82],[80.578,20.679],[80.482,20.617],[80.622,20.604],[80.586,20.396],[80.617,20.326],[80.383,20.242],[80.394,20.144],[80.498,20.139],[80.546,20.066],[80.52,19.931],[80.406,19.933],[80.498,19.869],[80.395,19.795],[80.478,19.772],[80.469,19.825],[80.542,19.819],[80.54,19.775],[80.666,19.692],[80.657,19.612],[80.828,19.563],[80.892,19.466],[80.788,19.427],[80.845,19.361],[80.749,19.287],[80.61,19.307],[80.568,19.401],[80.476,19.335],[80.379,19.233],[80.268,18.987],[80.346,18.811],[80.242,18.76],[80.247,18.701],[80.111,18.676],[79.894,18.831],[79.939,18.859],[79.934,19.022],[79.86,19.035],[79.858,19.104],[79.943,19.171],[79.92,19.226],[79.973,19.401],[79.786,19.59],[79.737,19.815],[79.799,19.892],[79.766,19.97],[79.842,20.031],[79.918,19.969],[79.985,20.043],[79.906,20.144],[79.989,20.218],[79.939,20.293],[79.967,20.349],[79.928,20.675],[80.012,20.665],[80.052,20.707],[80.235,20.652],[80.325,20.819],[80.556,20.82]]]},"properties":{"name":"Garhchiroli","state":"Maharashtra","lat":19.732,"lon":80.18,"monitored":""}},{"type":"Feature","geometry":{"type":"Polygon","coordinates":[[[80.212,21.624],[80.371,21.521],[80.356,21.48],[80.276,21.492],[80.356,21.406],[80.26,21.357],[80.32,21.306],[80.338,21.173],[80.402,21.184],[80.456,20.932],[80.542,20.934],[80.556,20.82],[80.325,20.819],[80.235,20.652],[80.052,20.707],[80.002,20.666],[79.91,20.737],[79.934,20.785],[79.86,20.781],[79.859,20.876],[79.941,20.926],[79.943,21.011],[80.041,21.003],[80.079,21.046],[80.077,21.143],[80.043,21.21],[79.935,21.252],[79.831,21.224],[79.859,21.258],[79.793,21.377],[79.877,21.425],[79.927,21.554],[79.997,21.535],[80.212,21.624]]]},"properties":{"name":"Gondiya","state":"Maharashtra","lat":21.094,"lon":80.25,"monitored":""}},{"type":"Feature","geometry":{"type":"MultiPolygon","coordinates":[[[[72.778,19.279],[72.975,19.295],[73.124,19.137],[73.058,19.097],[73.042,18.999],[72.963,19.058],[72.909,18.991],[72.862,19.003],[72.845,18.925],[72.808,18.891],[72.83,19.182],[72.793,19.13],[72.78,19.166],[72.795,19.172],[72.797,19.199],[72.84,19.251],[72.84,19.267],[72.784,19.192],[72.778,19.279]]],[[[72.78,19.133],[72.783,19.135],[72.783,19.132],[72.78,19.133]]]]},"properties":{"name":"Greater Bombay","state":"Maharashtra","lat":19.078,"lon":72.939,"monitored":"Mumbai"}},{"type":"Feature","geometry":{"type":"Polygon","coordinates":[[[77.011,20.005],[77.1,19.933],[77.201,19.992],[77.238,19.893],[77.313,19.91],[77.478,19.6],[77.451,19.567],[77.49,19.466],[77.447,19.382],[77.242,19.321],[77.139,19.07],[77.086,19.071],[77.118,19.149],[77.036,19.201],[77.02,19.282],[76.924,19.247],[76.892,19.308],[76.919,19.446],[76.984,19.475],[76.941,19.622],[76.869,19.619],[76.849,19.705],[76.787,19.671],[76.78,19.731],[76.758,19.685],[76.675,19.839],[76.772,19.933],[77.011,20.005]]]},"properties":{"name":"Hingoli","state":"Maharashtra","lat":19.521,"lon":77.22,"monitored":""}},{"type":"Feature","geometry":{"type":"Polygon","coordinates":[[[75.144,21.386],[76.099,21.374],[76.173,21.188],[76.114,21.17],[76.136,21.126],[76.173,21.085],[76.383,21.08],[76.382,20.979],[76.28,20.96],[76.166,21.042],[76.084,20.929],[76.111,20.884],[75.987,20.761],[76.011,20.641],[75.934,20.601],[75.93,20.551],[75.87,20.625],[75.846,20.569],[75.79,20.567],[75.67,20.672],[75.46,20.518],[75.399,20.526],[75.364,20.598],[75.262,20.581],[75.233,20.495],[75.111,20.413],[75.128,20.351],[74.874,20.278],[74.766,20.54],[74.818,20.635],[74.933,20.659],[74.997,20.75],[74.924,21.012],[74.861,21.065],[74.966,21.194],[74.946,21.227],[75.002,21.189],[75.107,21.238],[75.144,21.386]]]},"properties":{"name":"Jalgaon","state":"Maharashtra","lat":20.822,"lon":75.513,"monitored":""}},{"type":"Feature","geometry":{"type":"Polygon","coordinates":[[[76.026,20.645],[76.04,20.557],[75.951,20.521],[75.968,20.375],[75.921,20.298],[76.099,20.353],[76.178,20.28],[75.997,19.976],[76.14,19.845],[76.339,19.883],[76.368,19.927],[76.49,19.919],[76.533,19.865],[76.483,19.794],[76.51,19.763],[76.459,19.747],[76.487,19.678],[76.449,19.66],[76.442,19.541],[76.378,19.537],[76.209,19.278],[76.04,19.286],[76.02,19.34],[75.934,19.294],[75.911,19.39],[75.611,19.382],[75.659,19.567],[75.593,19.638],[75.635,19.656],[75.669,19.941],[75.595,20.024],[75.591,20.103],[75.68,20.192],[75.687,20.311],[75.774,20.338],[75.74,20.421],[75.82,20.475],[75.895,20.449],[75.852,20.492],[75.865,20.563],[75.932,20.552],[75.957,20.627],[76.026,20.645]]]},"properties":{"name":"Jalna","state":"Maharashtra","lat":19.959,"lon":75.835,"monitored":""}},{"type":"Feature","geometry":{"type":"Polygon","coordinates":[[[73.858,17.151],[74.074,16.902],[74.288,16.914],[74.368,16.852],[74.523,16.855],[74.705,16.732],[74.661,16.638],[74.693,16.607],[74.636,16.576],[74.562,16.558],[74.551,16.633],[74.477,16.661],[74.39,16.528],[74.329,16.553],[74.314,16.502],[74.276,16.545],[74.253,16.495],[74.3,16.503],[74.368,16.398],[74.325,16.379],[74.334,16.268],[74.421,16.281],[74.513,16.201],[74.489,16.087],[74.435,16.111],[74.371,16.06],[74.47,16.041],[74.392,15.901],[74.412,15.853],[74.374,15.892],[74.345,15.852],[74.389,15.844],[74.371,15.782],[74.292,15.739],[74.111,15.837],[74.057,15.805],[74.087,15.766],[74.037,15.762],[74.04,15.832],[74.1,15.87],[74.054,15.955],[74.095,16.014],[74.01,16.036],[74.006,16.086],[73.845,16.092],[73.855,16.15],[73.918,16.133],[73.968,16.198],[73.936,16.198],[73.934,16.217],[73.956,16.236],[73.952,16.241],[73.902,16.229],[73.913,16.327],[73.85,16.315],[73.847,16.401],[73.897,16.456],[73.827,16.543],[73.872,16.607],[73.869,16.679],[73.822,16.705],[73.85,16.737],[73.722,16.828],[73.778,16.853],[73.749,16.911],[73.799,16.906],[73.775,16.961],[73.843,16.989],[73.843,17.053],[73.699,17.157],[73.858,17.151]]]},"properties":{"name":"Kolhapur","state":"Maharashtra","lat":16.429,"lon":74.11,"monitored":"Kolhapur"}},{"type":"Feature","geometry":{"type":"Polygon","coordinates":[[[76.883,18.834],[77.055,18.765],[77.044,18.682],[77.18,18.701],[77.153,18.645],[77.268,18.61],[77.294,18.546],[77.246,18.49],[77.298,18.466],[77.254,18.452],[77.206,18.278],[77.096,18.195],[77.109,18.153],[76.981,18.189],[76.933,18.158],[76.923,18.116],[76.968,18.097],[76.918,18.033],[76.916,17.915],[76.797,17.869],[76.674,17.92],[76.684,17.986],[76.611,18.037],[76.428,18.029],[76.381,18.088],[76.321,18.075],[76.277,18.138],[76.318,18.328],[76.288,18.385],[76.2,18.398],[76.271,18.419],[76.28,18.574],[76.387,18.541],[76.429,18.636],[76.538,18.598],[76.563,18.674],[76.731,18.696],[76.726,18.749],[76.789,18.796],[76.883,18.834]]]},"properties":{"name":"Latur","state":"Maharashtra","lat":18.357,"lon":76.765,"monitored":""}},{"type":"Feature","geometry":{"type":"Polygon","coordinates":[[[79.229,21.724],[79.459,21.687],[79.512,21.631],[79.537,21.544],[79.444,21.436],[79.571,21.278],[79.556,21.156],[79.496,21.184],[79.487,21.14],[79.523,21.075],[79.594,21.073],[79.655,20.953],[79.613,20.864],[79.536,20.848],[79.5,20.7],[79.347,20.671],[79.316,20.583],[79.219,20.582],[79.099,20.712],[78.94,20.767],[78.837,20.891],[78.773,20.892],[78.726,21.005],[78.602,21.07],[78.473,21.221],[78.328,21.252],[78.247,21.33],[78.444,21.406],[78.43,21.502],[78.932,21.487],[78.913,21.592],[79.22,21.651],[79.229,21.724]]]},"properties":{"name":"Nagpur","state":"Maharashtra","lat":21.148,"lon":79.012,"monitored":"Nagpur"}},{"type":"Feature","geometry":{"type":"Polygon","coordinates":[[[77.95,19.911],[78.248,19.929],[78.25,19.873],[78.31,19.913],[78.294,19.85],[78.368,19.781],[78.27,19.663],[78.309,19.456],[78.182,19.412],[78.17,19.236],[78.051,19.242],[77.949,19.341],[77.861,19.302],[77.906,19.267],[77.847,19.197],[77.848,19.09],[77.803,19.102],[77.757,19.029],[77.943,18.822],[77.837,18.807],[77.786,18.684],[77.733,18.676],[77.737,18.555],[77.597,18.548],[77.601,18.474],[77.546,18.463],[77.585,18.445],[77.526,18.427],[77.52,18.349],[77.57,18.308],[77.465,18.26],[77.359,18.311],[77.41,18.389],[77.37,18.448],[77.265,18.418],[77.298,18.466],[77.246,18.49],[77.294,18.546],[77.268,18.61],[77.153,18.645],[77.18,18.701],[77.044,18.682],[77.011,18.877],[76.932,18.9],[77.024,18.939],[77.083,19.107],[77.089,19.068],[77.156,19.083],[77.242,19.321],[77.447,19.382],[77.49,19.466],[77.457,19.682],[77.604,19.647],[77.631,19.555],[77.746,19.521],[77.695,19.438],[77.831,19.439],[77.839,19.509],[77.904,19.533],[77.987,19.455],[78.015,19.495],[78.11,19.491],[78.116,19.553],[78.185,19.567],[78.175,19.654],[77.984,19.68],[77.857,19.743],[77.845,19.801],[77.95,19.911]]]},"properties":{"name":"Nanded","state":"Maharashtra","lat":19.096,"lon":77.48,"monitored":""}},{"type":"Feature","geometry":{"type":"Polygon","coordinates":[[[74.436,22.031],[74.527,21.909],[74.513,21.723],[74.775,21.616],[74.757,21.478],[74.702,21.472],[74.689,21.404],[74.502,21.429],[74.496,21.241],[74.162,21.233],[74.064,21.172],[74.075,21.129],[73.981,21.112],[73.961,21.033],[73.847,20.994],[73.748,21.04],[73.753,21.114],[73.66,21.108],[73.589,21.154],[73.823,21.172],[73.832,21.267],[73.948,21.298],[73.953,21.402],[74.049,21.419],[74.067,21.482],[74.111,21.448],[74.328,21.496],[74.31,21.567],[74.205,21.529],[74.026,21.553],[73.861,21.496],[73.788,21.625],[73.886,21.645],[73.896,21.7],[73.811,21.823],[74.138,21.953],[74.291,21.936],[74.436,22.031]]]},"properties":{"name":"Nandurbar","state":"Maharashtra","lat":21.513,"lon":74.543,"monitored":""}},{"type":"Feature","geometry":{"type":"Polygon","coordinates":[[[73.945,20.84],[74.401,20.861],[74.443,20.803],[74.577,20.834],[74.669,20.776],[74.655,20.696],[74.809,20.658],[74.777,20.472],[74.846,20.411],[74.863,20.283],[74.941,20.273],[74.934,20.154],[74.86,20.178],[74.832,20.244],[74.728,20.191],[74.742,20.083],[74.678,19.948],[74.474,19.989],[74.258,19.965],[74.384,19.807],[74.174,19.729],[74.128,19.644],[73.923,19.682],[73.899,19.753],[73.782,19.63],[73.588,19.6],[73.427,19.843],[73.461,19.982],[73.291,20.045],[73.259,20.121],[73.311,20.207],[73.43,20.206],[73.391,20.39],[73.501,20.54],[73.402,20.649],[73.475,20.722],[73.498,20.653],[73.538,20.674],[73.666,20.563],[73.748,20.567],[73.846,20.624],[73.823,20.694],[73.95,20.742],[73.945,20.84]]]},"properties":{"name":"Nashik","state":"Maharashtra","lat":20.226,"lon":74.111,"monitored":"Nashik"}},{"type":"Feature","geometry":{"type":"Polygon","coordinates":[[[75.649,18.648],[75.674,18.69],[75.812,18.674],[76.001,18.585],[76.277,18.556],[76.271,18.419],[76.2,18.398],[76.288,18.385],[76.318,18.328],[76.277,18.138],[76.428,18.029],[76.611,18.037],[76.68,17.991],[76.674,17.92],[76.788,17.826],[76.716,17.782],[76.691,17.68],[76.614,17.768],[76.573,17.702],[76.573,17.76],[76.524,17.759],[76.443,17.642],[76.299,17.728],[76.19,17.681],[76.097,17.777],[76.007,17.749],[76.019,17.828],[75.877,17.845],[75.853,18.006],[75.976,17.97],[76.017,18.039],[75.943,18.123],[75.949,18.238],[75.888,18.363],[75.765,18.44],[75.71,18.396],[75.722,18.337],[75.653,18.33],[75.635,18.247],[75.577,18.24],[75.548,18.14],[75.433,18.177],[75.409,18.326],[75.288,18.408],[75.304,18.503],[75.348,18.562],[75.425,18.535],[75.554,18.684],[75.649,18.648]]]},"properties":{"name":"Osmanabad","state":"Maharashtra","lat":18.159,"lon":76.113,"monitored":""}},{"type":"Feature","geometry":{"type":"Polygon","coordinates":[[[76.52,19.849],[76.705,19.837],[76.686,19.782],[76.758,19.685],[76.78,19.731],[76.787,19.671],[76.849,19.705],[76.869,19.619],[76.941,19.622],[76.984,19.475],[76.919,19.446],[76.892,19.308],[76.924,19.247],[77.02,19.282],[77.036,19.201],[77.118,19.149],[77.024,18.939],[76.932,18.9],[77.017,18.842],[76.883,18.834],[76.726,18.749],[76.587,18.874],[76.583,18.945],[76.522,18.917],[76.478,18.956],[76.437,19.096],[76.324,19.107],[76.363,19.237],[76.226,19.242],[76.209,19.278],[76.378,19.537],[76.442,19.541],[76.449,19.66],[76.487,19.678],[76.459,19.747],[76.51,19.763],[76.483,19.794],[76.52,19.849]]]},"properties":{"name":"Parbhani","state":"Maharashtra","lat":19.295,"lon":76.56,"monitored":""}},{"type":"Feature","geometry":{"type":"Polygon","coordinates":[[[73.792,19.391],[74.007,19.358],[74.042,19.25],[74.166,19.203],[74.323,19.208],[74.182,19.036],[74.328,18.843],[74.403,18.83],[74.406,18.741],[74.483,18.722],[74.517,18.667],[74.48,18.641],[74.587,18.548],[74.559,18.499],[74.649,18.45],[74.71,18.504],[74.739,18.398],[74.813,18.386],[74.851,18.3],[74.8,18.284],[74.838,18.246],[75.045,18.263],[75.026,18.187],[75.113,18.214],[75.097,18.122],[75.166,18.106],[75.025,17.961],[75.123,17.997],[75.118,17.936],[75.028,17.891],[74.67,18.068],[74.31,18.068],[73.954,18.18],[73.882,18.172],[73.912,18.135],[73.871,18.119],[73.866,18.031],[73.622,18.057],[73.607,18.106],[73.616,18.137],[73.676,18.155],[73.571,18.21],[73.533,18.185],[73.519,18.286],[73.432,18.306],[73.42,18.498],[73.375,18.468],[73.405,18.502],[73.333,18.562],[73.395,18.692],[73.342,18.701],[73.472,18.965],[73.566,19.016],[73.522,19.094],[73.549,19.176],[73.699,19.244],[73.696,19.311],[73.805,19.331],[73.792,19.391]]]},"properties":{"name":"Pune","state":"Maharashtra","lat":18.602,"lon":73.939,"monitored":"Pune"}},{"type":"Feature","geometry":{"type":"MultiPolygon","coordinates":[[[[73.36,19.128],[73.537,19.129],[73.566,19.016],[73.472,18.965],[73.399,18.852],[73.342,18.701],[73.386,18.707],[73.399,18.654],[73.333,18.562],[73.405,18.502],[73.375,18.468],[73.42,18.498],[73.432,18.306],[73.519,18.286],[73.531,18.187],[73.571,18.21],[73.676,18.155],[73.607,18.108],[73.668,18.03],[73.645,17.967],[73.546,17.896],[73.576,17.873],[73.46,17.849],[73.446,17.903],[73.385,17.887],[73.371,18.009],[73.299,18.069],[73.185,18.057],[73.125,17.981],[73.018,17.991],[73.045,18.042],[73.03,18.032],[73.04,18.053],[73.025,18.05],[73.016,18.032],[72.99,18.055],[72.988,18.194],[72.932,18.219],[72.935,18.281],[73.066,18.225],[73.056,18.187],[73.087,18.15],[73.08,18.231],[73.043,18.299],[73.086,18.288],[73.088,18.327],[73.04,18.302],[73.028,18.264],[72.917,18.348],[72.928,18.542],[72.855,18.697],[72.869,18.805],[72.983,18.81],[72.989,18.866],[72.927,18.851],[72.908,18.902],[72.958,18.908],[72.956,18.974],[72.996,18.968],[73.042,18.999],[73.058,19.016],[73.06,19.099],[73.209,19.124],[73.257,19.063],[73.36,19.128]]],[[[73.081,18.322],[73.082,18.319],[73.08,18.319],[73.081,18.322]]],[[[73.076,18.308],[73.079,18.306],[73.076,18.305],[73.076,18.308]]],[[[73.037,18.052],[73.039,18.05],[73.037,18.051],[73.037,18.052]]],[[[73.026,18.997],[73.028,18.999],[73.028,18.993],[73.026,18.997]]],[[[72.963,18.301],[72.967,18.299],[72.963,18.298],[72.963,18.301]]],[[[72.924,18.963],[72.942,18.966],[72.934,18.952],[72.924,18.963]]],[[[72.899,18.941],[72.908,18.96],[72.909,18.953],[72.899,18.941]]],[[[72.864,18.636],[72.865,18.634],[72.863,18.633],[72.864,18.636]]],[[[72.842,18.708],[72.843,18.706],[72.841,18.705],[72.842,18.708]]],[[[72.813,18.702],[72.815,18.705],[72.815,18.703],[72.813,18.702]]]]},"properties":{"name":"Raigarh","state":"Maharashtra","lat":18.483,"lon":73.156,"monitored":""}},{"type":"Feature","geometry":{"type":"MultiPolygon","coordinates":[[[[73.299,18.069],[73.371,18.009],[73.385,17.887],[73.446,17.903],[73.46,17.849],[73.586,17.876],[73.612,17.794],[73.576,17.721],[73.7,17.684],[73.756,17.548],[73.714,17.422],[73.654,17.39],[73.728,17.201],[73.701,17.142],[73.843,17.053],[73.843,16.989],[73.775,16.961],[73.799,16.906],[73.749,16.911],[73.778,16.853],[73.722,16.828],[73.844,16.746],[73.822,16.705],[73.866,16.65],[73.782,16.661],[73.775,16.6],[73.699,16.622],[73.658,16.563],[73.476,16.492],[73.358,16.526],[73.346,16.557],[73.373,16.55],[73.394,16.554],[73.319,16.593],[73.353,16.597],[73.305,16.729],[73.333,16.817],[73.295,16.817],[73.313,16.889],[73.277,16.892],[73.294,16.986],[73.254,17.027],[73.289,17.007],[73.32,17.038],[73.278,17.04],[73.298,17.078],[73.189,17.298],[73.244,17.307],[73.167,17.405],[73.206,17.439],[73.137,17.556],[73.168,17.582],[73.087,17.839],[73.134,17.825],[73.133,17.83],[73.05,17.907],[73.092,17.941],[73.028,17.949],[73.189,18.059],[73.299,18.069]]],[[[73.082,17.818],[73.086,17.817],[73.083,17.814],[73.082,17.818]]]]},"properties":{"name":"Ratnagiri","state":"Maharashtra","lat":17.249,"lon":73.461,"monitored":""}},{"type":"Feature","geometry":{"type":"Polygon","coordinates":[[[74.917,17.617],[74.993,17.541],[74.945,17.512],[74.978,17.467],[75.045,17.473],[74.966,17.292],[74.855,17.21],[74.927,17.153],[74.901,17.118],[74.97,17.125],[74.969,17.193],[75.084,17.246],[75.251,17.254],[75.217,17.198],[75.299,17.145],[75.292,17.214],[75.364,17.234],[75.408,17.182],[75.424,17.263],[75.517,17.238],[75.606,17.303],[75.66,17.261],[75.628,17.17],[75.674,17.114],[75.644,17.036],[75.678,16.964],[75.576,17.008],[75.57,16.964],[75.492,16.943],[75.468,16.985],[75.288,16.955],[75.283,16.874],[75.216,16.84],[75.09,16.949],[74.938,16.941],[74.967,16.905],[74.912,16.856],[74.924,16.77],[74.708,16.713],[74.523,16.855],[74.368,16.852],[74.288,16.914],[74.074,16.902],[73.858,17.151],[73.703,17.177],[73.706,17.261],[73.747,17.275],[74.04,17.09],[74.255,17.139],[74.294,17.197],[74.264,17.292],[74.295,17.354],[74.262,17.357],[74.293,17.416],[74.5,17.382],[74.616,17.441],[74.695,17.386],[74.695,17.484],[74.815,17.451],[74.917,17.617]]]},"properties":{"name":"Sangli","state":"Maharashtra","lat":17.162,"lon":74.593,"monitored":""}},{"type":"Feature","geometry":{"type":"Polygon","coordinates":[[[73.906,18.182],[74.31,18.068],[74.691,18.059],[74.715,18.029],[74.614,17.846],[74.666,17.861],[74.707,17.785],[74.878,17.725],[74.91,17.626],[74.866,17.505],[74.815,17.451],[74.695,17.484],[74.695,17.386],[74.616,17.441],[74.5,17.382],[74.293,17.416],[74.286,17.171],[74.105,17.1],[74.031,17.093],[73.759,17.271],[73.705,17.262],[73.654,17.39],[73.714,17.422],[73.756,17.555],[73.698,17.686],[73.576,17.721],[73.606,17.847],[73.545,17.893],[73.668,18.028],[73.869,18.033],[73.906,18.182]]]},"properties":{"name":"Satara","state":"Maharashtra","lat":17.656,"lon":74.306,"monitored":""}},{"type":"Feature","geometry":{"type":"MultiPolygon","coordinates":[[[[73.792,16.658],[73.873,16.612],[73.827,16.543],[73.897,16.456],[73.847,16.401],[73.856,16.298],[73.913,16.327],[73.902,16.229],[73.952,16.241],[73.936,16.198],[73.968,16.198],[73.918,16.133],[73.855,16.15],[73.845,16.092],[74.006,16.086],[74.01,16.036],[74.095,16.014],[74.054,15.955],[74.1,15.87],[74.04,15.832],[74.037,15.762],[74.087,15.766],[74.057,15.805],[74.102,15.837],[74.217,15.779],[74.097,15.671],[74.123,15.645],[74.028,15.605],[73.873,15.795],[73.793,15.724],[73.648,15.746],[73.662,15.805],[73.59,15.912],[73.51,15.937],[73.483,16.036],[73.455,16.055],[73.436,16.287],[73.385,16.337],[73.389,16.362],[73.394,16.355],[73.41,16.358],[73.411,16.362],[73.368,16.363],[73.405,16.405],[73.365,16.398],[73.31,16.538],[73.486,16.494],[73.699,16.622],[73.775,16.6],[73.792,16.658]]],[[[73.465,15.895],[73.468,15.895],[73.467,15.893],[73.465,15.895]]],[[[73.462,15.889],[73.464,15.89],[73.464,15.887],[73.462,15.889]]],[[[73.457,16.041],[73.462,16.044],[73.461,16.039],[73.457,16.041]]],[[[73.455,15.888],[73.457,15.889],[73.457,15.887],[73.455,15.888]]],[[[73.442,16.101],[73.444,16.102],[73.444,16.1],[73.442,16.101]]]]},"properties":{"name":"Sindhudurg","state":"Maharashtra","lat":16.113,"lon":73.649,"monitored":""}},{"type":"Feature","geometry":{"type":"Polygon","coordinates":[[[75.138,18.526],[75.317,18.518],[75.288,18.408],[75.409,18.326],[75.433,18.177],[75.535,18.134],[75.653,18.33],[75.722,18.337],[75.73,18.434],[75.888,18.363],[75.949,18.238],[75.943,18.123],[76.017,18.039],[75.976,17.97],[75.853,18.006],[75.859,17.863],[76.019,17.828],[76.007,17.749],[76.097,17.777],[76.19,17.681],[76.299,17.728],[76.429,17.644],[76.332,17.595],[76.375,17.494],[76.334,17.432],[76.408,17.369],[76.382,17.312],[76.244,17.375],[76.172,17.349],[76.176,17.297],[76.121,17.366],[75.931,17.324],[75.887,17.417],[75.862,17.386],[75.825,17.423],[75.802,17.37],[75.636,17.478],[75.579,17.383],[75.606,17.303],[75.517,17.238],[75.424,17.263],[75.408,17.182],[75.336,17.231],[75.273,17.147],[75.217,17.198],[75.251,17.254],[75.207,17.268],[75.021,17.224],[74.967,17.189],[74.97,17.125],[74.901,17.118],[74.927,17.153],[74.855,17.21],[74.966,17.292],[75.043,17.481],[74.984,17.463],[74.946,17.509],[74.993,17.541],[74.967,17.589],[74.925,17.575],[74.878,17.725],[74.707,17.785],[74.666,17.861],[74.614,17.846],[74.715,18.029],[74.82,18.016],[74.869,17.989],[74.851,17.947],[75.028,17.891],[75.131,17.95],[75.123,17.997],[75.025,17.961],[75.166,18.106],[75.097,18.122],[75.113,18.214],[75.026,18.187],[75.048,18.262],[74.846,18.243],[74.8,18.284],[75.02,18.436],[75.082,18.42],[75.138,18.526]]]},"properties":{"name":"Solapur","state":"Maharashtra","lat":17.806,"lon":75.355,"monitored":""}},{"type":"Feature","geometry":{"type":"MultiPolygon","coordinates":[[[[72.889,20.226],[72.97,20.212],[72.973,20.131],[73.017,20.135],[73.053,20.068],[73.061,20.099],[73.186,20.053],[73.235,20.141],[73.288,20.047],[73.461,19.982],[73.426,19.86],[73.456,19.773],[73.51,19.759],[73.5,19.715],[73.717,19.496],[73.684,19.463],[73.806,19.336],[73.682,19.303],[73.699,19.244],[73.554,19.183],[73.549,19.122],[73.36,19.128],[73.257,19.063],[73.209,19.124],[73.121,19.111],[72.964,19.302],[72.793,19.31],[72.745,19.459],[72.78,19.491],[72.786,19.526],[72.718,19.539],[72.719,19.755],[72.693,19.736],[72.651,19.854],[72.69,19.958],[72.755,19.927],[72.708,20.07],[72.738,20.137],[72.835,20.145],[72.889,20.226]]],[[[72.726,19.467],[72.737,19.466],[72.733,19.457],[72.726,19.467]]]]},"properties":{"name":"Thane","state":"Maharashtra","lat":19.627,"lon":73.153,"monitored":""}},{"type":"Feature","geometry":{"type":"Polygon","coordinates":[[[78.092,21.355],[78.256,21.331],[78.328,21.252],[78.473,21.221],[78.602,21.07],[78.726,21.005],[78.773,20.892],[78.837,20.891],[78.94,20.767],[79.099,20.712],[79.209,20.546],[79.115,20.45],[79.018,20.478],[78.945,20.428],[78.837,20.431],[78.825,20.319],[78.735,20.292],[78.643,20.432],[78.566,20.433],[78.504,20.52],[78.275,20.563],[78.245,20.644],[78.313,20.824],[78.142,20.953],[78.141,21.139],[78.051,21.251],[78.092,21.355]]]},"properties":{"name":"Wardha","state":"Maharashtra","lat":20.796,"lon":78.609,"monitored":""}},{"type":"Feature","geometry":{"type":"Polygon","coordinates":[[[77.614,20.76],[77.652,20.648],[77.627,20.568],[77.688,20.524],[77.598,20.446],[77.565,20.338],[77.665,20.248],[77.643,20.191],[77.681,20.145],[77.623,20.042],[77.367,20.102],[77.337,19.97],[77.266,19.898],[77.201,19.992],[77.1,19.933],[76.991,20.019],[76.894,19.947],[76.772,19.933],[76.677,19.847],[76.655,19.898],[76.611,19.891],[76.659,19.973],[76.629,20.083],[76.757,20.132],[76.746,20.206],[76.81,20.221],[76.835,20.301],[76.881,20.283],[77.022,20.452],[77.139,20.384],[77.184,20.45],[77.293,20.421],[77.346,20.466],[77.326,20.5],[77.378,20.484],[77.395,20.527],[77.333,20.528],[77.338,20.578],[77.464,20.611],[77.431,20.663],[77.54,20.677],[77.515,20.73],[77.614,20.76]]]},"properties":{"name":"Washim","state":"Maharashtra","lat":20.32,"lon":77.249,"monitored":""}},{"type":"Feature","geometry":{"type":"Polygon","coordinates":[[[78.273,20.689],[78.275,20.563],[78.504,20.52],[78.566,20.433],[78.643,20.432],[78.703,20.309],[78.797,20.298],[78.815,20.247],[78.916,20.252],[78.965,20.122],[79.103,20.007],[79.089,19.914],[79.144,19.886],[78.897,19.736],[78.604,19.818],[78.494,19.793],[78.328,19.916],[78.25,19.873],[78.248,19.929],[77.95,19.911],[77.872,19.849],[77.857,19.743],[77.984,19.68],[78.043,19.698],[78.086,19.645],[78.175,19.654],[78.185,19.567],[78.116,19.553],[78.064,19.466],[78.022,19.497],[77.987,19.455],[77.904,19.533],[77.839,19.509],[77.831,19.439],[77.695,19.438],[77.746,19.521],[77.631,19.555],[77.604,19.647],[77.383,19.726],[77.392,19.811],[77.285,19.936],[77.337,19.97],[77.367,20.102],[77.523,20.094],[77.578,20.03],[77.668,20.105],[77.665,20.248],[77.564,20.334],[77.598,20.446],[77.688,20.524],[77.641,20.53],[77.663,20.581],[77.768,20.541],[77.889,20.624],[77.92,20.559],[78.035,20.667],[78.108,20.641],[78.273,20.689]]]},"properties":{"name":"Yavatmal","state":"Maharashtra","lat":20.062,"lon":78.327,"monitored":""}},{"type":"Feature","geometry":{"type":"Polygon","coordinates":[[[93.791,24.734],[93.894,24.715],[93.802,24.673],[93.813,24.614],[93.892,24.586],[93.843,24.433],[93.882,24.291],[93.71,24.448],[93.791,24.734]]]},"properties":{"name":"Bishnupur","state":"Manipur","lat":24.517,"lon":93.799,"monitored":""}},{"type":"Feature","geometry":{"type":"Polygon","coordinates":[[[94.23,24.625],[94.376,24.556],[94.411,24.47],[94.161,23.853],[93.954,23.95],[93.808,23.933],[93.74,24.008],[93.774,24.125],[93.882,24.225],[93.882,24.291],[93.888,24.241],[93.942,24.295],[93.915,24.355],[93.973,24.49],[94.024,24.449],[94.043,24.543],[94.086,24.521],[94.125,24.611],[94.23,24.625]]]},"properties":{"name":"Chandel","state":"Manipur","lat":24.233,"lon":94.099,"monitored":""}},{"type":"Feature","geometry":{"type":"Polygon","coordinates":[[[93.121,24.665],[93.219,24.701],[93.173,24.531],[93.223,24.498],[93.289,24.569],[93.45,24.542],[93.723,24.604],[93.715,24.427],[93.811,24.394],[93.882,24.291],[93.744,24.001],[93.621,24.014],[93.515,23.947],[93.351,24.112],[93.337,24.053],[93.255,24.024],[93.248,24.085],[93.101,24.045],[93.079,24.103],[92.976,24.115],[93.043,24.343],[93.0,24.403],[93.039,24.411],[93.061,24.575],[93.154,24.582],[93.121,24.665]]]},"properties":{"name":"Churachandpur","state":"Manipur","lat":24.317,"lon":93.45,"monitored":""}},{"type":"Feature","geometry":{"type":"MultiPolygon","coordinates":[[[[94.034,25.025],[94.067,24.888],[94.147,24.924],[94.067,24.744],[94.088,24.693],[94.022,24.672],[94.002,24.733],[93.944,24.72],[93.947,24.837],[93.9,24.857],[94.034,25.025]]],[[[93.233,24.858],[93.121,24.665],[93.13,24.565],[93.075,24.596],[93.11,24.81],[93.179,24.796],[93.233,24.858]]]]},"properties":{"name":"East Imphal","state":"Manipur","lat":24.847,"lon":94.018,"monitored":""}},{"type":"Feature","geometry":{"type":"Polygon","coordinates":[[[94.491,25.62],[94.328,25.284],[94.126,25.096],[94.178,24.946],[94.139,24.81],[94.186,24.771],[94.205,24.632],[94.121,24.637],[94.131,24.729],[94.065,24.697],[94.147,24.924],[94.067,24.888],[94.035,25.055],[94.017,24.956],[93.958,24.966],[93.987,24.939],[93.983,24.922],[93.915,24.905],[93.938,24.97],[93.891,24.946],[93.977,25.08],[93.849,24.956],[93.726,24.596],[93.666,24.797],[93.738,24.859],[93.707,24.915],[93.821,25.022],[93.778,25.154],[93.959,25.295],[93.89,25.339],[93.917,25.409],[93.834,25.431],[93.771,25.54],[94.015,25.596],[94.092,25.533],[94.195,25.552],[94.215,25.5],[94.309,25.494],[94.491,25.62]]]},"properties":{"name":"Senapati","state":"Manipur","lat":25.125,"lon":93.973,"monitored":""}},{"type":"Feature","geometry":{"type":"Polygon","coordinates":[[[93.812,25.464],[93.917,25.409],[93.89,25.339],[93.959,25.295],[93.778,25.154],[93.822,25.028],[93.707,24.915],[93.738,24.859],[93.666,24.797],[93.702,24.616],[93.175,24.519],[93.219,24.701],[93.146,24.715],[93.224,24.798],[93.249,25.019],[93.336,25.096],[93.389,25.246],[93.474,25.309],[93.505,25.244],[93.608,25.202],[93.693,25.362],[93.812,25.464]]]},"properties":{"name":"Tamenglong","state":"Manipur","lat":24.967,"lon":93.501,"monitored":""}},{"type":"Feature","geometry":{"type":"Polygon","coordinates":[[[94.009,24.714],[94.025,24.672],[94.131,24.729],[94.103,24.674],[94.153,24.609],[94.076,24.569],[94.091,24.523],[94.043,24.543],[94.024,24.449],[93.973,24.49],[93.915,24.355],[93.942,24.295],[93.888,24.241],[93.843,24.433],[93.937,24.65],[93.908,24.705],[94.009,24.714]]]},"properties":{"name":"Thoubal","state":"Manipur","lat":24.47,"lon":93.911,"monitored":""}},{"type":"Feature","geometry":{"type":"Polygon","coordinates":[[[94.573,25.698],[94.557,25.513],[94.682,25.46],[94.585,25.216],[94.746,25.137],[94.751,25.064],[94.611,24.722],[94.551,24.717],[94.531,24.632],[94.399,24.491],[94.376,24.556],[94.205,24.632],[94.186,24.771],[94.139,24.81],[94.178,24.946],[94.122,25.075],[94.328,25.284],[94.471,25.588],[94.573,25.698]]]},"properties":{"name":"Ukhrul","state":"Manipur","lat":25.106,"lon":94.45,"monitored":""}},{"type":"Feature","geometry":{"type":"Polygon","coordinates":[[[93.912,24.979],[93.944,24.72],[93.908,24.705],[93.937,24.65],[93.878,24.557],[93.802,24.673],[93.894,24.715],[93.775,24.742],[93.785,24.809],[93.902,25.036],[93.984,25.078],[93.912,24.979]]]},"properties":{"name":"West Imphal","state":"Manipur","lat":24.894,"lon":93.876,"monitored":""}},{"type":"Feature","geometry":{"type":"Polygon","coordinates":[[[90.119,25.961],[90.477,26.015],[90.534,25.958],[90.513,25.896],[90.582,25.96],[90.625,25.899],[90.747,25.957],[90.742,25.913],[90.943,25.948],[90.967,25.887],[91.029,25.88],[90.908,25.641],[90.779,25.585],[90.64,25.415],[90.319,25.465],[90.403,25.551],[90.441,25.696],[90.391,25.799],[90.338,25.805],[90.422,25.953],[90.181,25.901],[90.119,25.961]]]},"properties":{"name":"East Garo Hills","state":"Meghalaya","lat":25.747,"lon":90.689,"monitored":""}},{"type":"Feature","geometry":{"type":"Polygon","coordinates":[[[91.811,25.655],[92.153,25.668],[92.098,25.494],[92.122,25.33],[91.988,25.276],[92.022,25.192],[91.753,25.18],[91.645,25.123],[91.617,25.176],[91.478,25.134],[91.389,25.166],[91.355,25.234],[91.549,25.287],[91.543,25.512],[91.69,25.527],[91.811,25.655]]]},"properties":{"name":"East Khasi Hills","state":"Meghalaya","lat":25.412,"lon":91.828,"monitored":""}},{"type":"Feature","geometry":{"type":"Polygon","coordinates":[[[92.161,25.673],[92.385,25.754],[92.573,25.56],[92.653,25.592],[92.567,25.467],[92.784,25.333],[92.765,25.249],[92.804,25.217],[92.667,25.177],[92.622,25.118],[92.525,25.14],[92.543,25.1],[92.484,25.108],[92.426,25.032],[92.018,25.189],[91.988,25.276],[92.122,25.33],[92.098,25.494],[92.161,25.673]]]},"properties":{"name":"Jaintia Hills","state":"Meghalaya","lat":25.4,"lon":92.394,"monitored":""}},{"type":"Feature","geometry":{"type":"Polygon","coordinates":[[[92.302,26.076],[92.156,25.945],[92.225,25.902],[92.153,25.813],[92.165,25.678],[92.107,25.647],[91.95,25.686],[91.811,25.655],[91.75,25.828],[91.459,25.789],[91.342,25.825],[91.344,25.839],[91.444,25.841],[91.525,25.873],[91.475,25.871],[91.576,26.033],[91.632,26.022],[91.611,25.94],[91.669,25.905],[91.731,26.059],[91.819,26.119],[91.922,26.0],[92.302,26.076]]]},"properties":{"name":"Ri-Bhoi","state":"Meghalaya","lat":25.887,"lon":91.849,"monitored":""}},{"type":"Feature","geometry":{"type":"Polygon","coordinates":[[[90.335,25.46],[90.644,25.416],[90.766,25.554],[90.792,25.491],[90.749,25.38],[90.952,25.256],[90.97,25.171],[90.704,25.155],[90.671,25.197],[90.452,25.145],[90.278,25.2],[90.335,25.46]]]},"properties":{"name":"South Garo Hills","state":"Meghalaya","lat":25.318,"lon":90.577,"monitored":""}},{"type":"Feature","geometry":{"type":"Polygon","coordinates":[[[89.87,25.544],[90.017,25.602],[89.893,25.735],[90.021,25.893],[90.111,25.954],[90.181,25.901],[90.422,25.953],[90.338,25.805],[90.391,25.799],[90.441,25.696],[90.403,25.551],[90.319,25.465],[90.278,25.2],[89.971,25.303],[89.834,25.296],[89.87,25.544]]]},"properties":{"name":"West Garo Hills","state":"Meghalaya","lat":25.577,"lon":90.181,"monitored":""}},{"type":"Feature","geometry":{"type":"Polygon","coordinates":[[[91.342,25.836],[91.459,25.789],[91.75,25.828],[91.828,25.67],[91.69,25.527],[91.543,25.512],[91.549,25.287],[91.355,25.234],[91.389,25.166],[91.274,25.204],[90.97,25.171],[90.952,25.256],[90.749,25.38],[90.779,25.585],[90.88,25.611],[90.982,25.744],[90.944,25.77],[91.049,25.849],[91.196,25.859],[91.18,25.776],[91.224,25.723],[91.342,25.836]]]},"properties":{"name":"West Khasi Hills","state":"Meghalaya","lat":25.519,"lon":91.193,"monitored":""}},{"type":"Feature","geometry":{"type":"Polygon","coordinates":[[[93.0,24.403],[93.043,24.343],[92.975,24.117],[93.079,24.103],[93.101,24.045],[93.158,24.084],[93.211,23.974],[93.133,23.821],[93.025,23.783],[93.043,23.52],[92.958,23.522],[92.889,23.462],[92.784,23.616],[92.777,23.473],[92.837,23.345],[92.718,23.352],[92.691,23.312],[92.636,23.536],[92.677,23.622],[92.638,23.65],[92.664,23.911],[92.628,23.956],[92.842,24.017],[92.903,24.224],[92.864,24.327],[92.912,24.413],[93.0,24.403]]]},"properties":{"name":"Aizawl","state":"Mizoram","lat":23.866,"lon":92.908,"monitored":""}},{"type":"Feature","geometry":{"type":"Polygon","coordinates":[[[93.337,24.053],[93.445,23.682],[93.414,23.388],[93.366,23.354],[93.394,23.139],[93.321,23.022],[93.253,23.006],[93.187,23.057],[93.149,23.244],[93.013,23.283],[93.055,23.375],[93.007,23.486],[93.046,23.525],[93.025,23.783],[93.148,23.843],[93.211,23.974],[93.178,24.054],[93.242,24.087],[93.255,24.024],[93.337,24.053]]]},"properties":{"name":"Champhai","state":"Mizoram","lat":23.604,"lon":93.238,"monitored":""}},{"type":"Feature","geometry":{"type":"Polygon","coordinates":[[[92.896,24.394],[92.858,24.311],[92.901,24.207],[92.842,24.017],[92.621,23.96],[92.639,24.035],[92.584,24.077],[92.54,24.035],[92.549,24.243],[92.608,24.25],[92.624,24.333],[92.691,24.355],[92.765,24.521],[92.829,24.378],[92.896,24.394]]]},"properties":{"name":"Kolasib","state":"Mizoram","lat":24.225,"lon":92.721,"monitored":""}},{"type":"Feature","geometry":{"type":"Polygon","coordinates":[[[92.528,22.761],[92.59,22.749],[92.767,22.5],[92.81,22.629],[92.902,22.586],[92.969,22.395],[92.828,22.332],[92.857,22.066],[92.703,22.154],[92.684,22.018],[92.61,21.977],[92.528,22.761]]]},"properties":{"name":"Lawngtlai","state":"Mizoram","lat":22.364,"lon":92.734,"monitored":""}},{"type":"Feature","geometry":{"type":"MultiPolygon","coordinates":[[[[92.468,23.39],[92.689,23.365],[92.708,23.197],[92.727,23.243],[92.837,23.248],[92.87,23.175],[92.94,23.189],[93.168,22.919],[93.104,22.787],[92.993,22.756],[92.927,22.791],[92.947,22.566],[92.915,22.547],[92.81,22.629],[92.781,22.5],[92.699,22.622],[92.649,22.619],[92.59,22.749],[92.485,22.75],[92.448,22.894],[92.375,22.935],[92.361,23.238],[92.455,23.288],[92.468,23.39]]],[[[92.506,22.736],[92.504,22.736],[92.504,22.736],[92.506,22.736]]]]},"properties":{"name":"Lunglei","state":"Mizoram","lat":23.055,"lon":92.712,"monitored":""}},{"type":"Feature","geometry":{"type":"MultiPolygon","coordinates":[[[[92.422,24.253],[92.437,24.151],[92.537,24.178],[92.54,24.035],[92.584,24.077],[92.639,24.035],[92.665,23.838],[92.626,23.799],[92.669,23.706],[92.638,23.65],[92.677,23.622],[92.636,23.536],[92.674,23.385],[92.468,23.39],[92.475,23.32],[92.422,23.258],[92.323,23.474],[92.259,23.815],[92.331,23.912],[92.297,24.252],[92.422,24.253]]],[[[92.397,23.269],[92.396,23.267],[92.396,23.267],[92.397,23.269]]]]},"properties":{"name":"Mamit","state":"Mizoram","lat":23.753,"lon":92.459,"monitored":""}},{"type":"Feature","geometry":{"type":"Polygon","coordinates":[[[93.104,22.787],[93.146,22.586],[93.112,22.532],[93.191,22.427],[93.209,22.261],[93.147,22.247],[93.154,22.178],[93.047,22.198],[93.066,22.102],[93.013,22.102],[93.009,21.984],[92.956,22.03],[92.911,21.946],[92.827,22.327],[92.969,22.395],[92.927,22.791],[92.993,22.756],[93.104,22.787]]]},"properties":{"name":"Saiha","state":"Mizoram","lat":22.361,"lon":93.048,"monitored":""}},{"type":"Feature","geometry":{"type":"Polygon","coordinates":[[[93.014,23.497],[93.055,23.375],[93.013,23.283],[93.164,23.205],[93.187,23.057],[93.142,23.061],[93.13,23.006],[92.962,23.119],[92.94,23.189],[92.87,23.175],[92.84,23.247],[92.727,23.243],[92.724,23.194],[92.696,23.224],[92.711,23.347],[92.837,23.345],[92.777,23.473],[92.784,23.616],[92.877,23.467],[92.958,23.522],[93.014,23.497]]]},"properties":{"name":"Serchhip","state":"Mizoram","lat":23.314,"lon":92.867,"monitored":""}},{"type":"Feature","geometry":{"type":"Polygon","coordinates":[[[93.961,25.906],[94.006,25.8],[93.868,25.645],[93.76,25.654],[93.732,25.711],[93.634,25.659],[93.531,25.694],[93.773,25.966],[93.796,25.814],[93.961,25.906]]]},"properties":{"name":"Dimapur","state":"Nagaland","lat":25.807,"lon":93.818,"monitored":""}},{"type":"Feature","geometry":{"type":"Polygon","coordinates":[[[94.274,26.015],[94.286,25.935],[94.216,25.879],[94.282,25.805],[94.196,25.553],[94.106,25.529],[94.015,25.596],[93.772,25.541],[93.809,25.466],[93.613,25.206],[93.505,25.244],[93.462,25.435],[93.333,25.549],[93.526,25.7],[93.634,25.659],[93.732,25.711],[93.76,25.654],[93.868,25.645],[94.006,25.8],[93.972,25.918],[94.219,26.029],[94.274,26.015]]]},"properties":{"name":"Kohima","state":"Nagaland","lat":25.621,"lon":93.822,"monitored":""}},{"type":"Feature","geometry":{"type":"Polygon","coordinates":[[[94.738,26.769],[94.752,26.707],[94.67,26.653],[94.737,26.601],[94.691,26.529],[94.706,26.418],[94.568,26.289],[94.588,26.224],[94.502,26.22],[94.488,26.295],[94.448,26.213],[94.37,26.197],[94.388,26.231],[94.338,26.247],[94.367,26.342],[94.292,26.423],[94.399,26.532],[94.408,26.614],[94.523,26.704],[94.738,26.769]]]},"properties":{"name":"Mokokchung","state":"Nagaland","lat":26.476,"lon":94.521,"monitored":""}},{"type":"Feature","geometry":{"type":"Polygon","coordinates":[[[95.196,27.043],[95.234,26.891],[95.185,26.865],[95.245,26.787],[95.238,26.686],[95.066,26.457],[95.133,26.343],[94.96,26.303],[94.895,26.609],[94.783,26.661],[94.836,26.723],[94.791,26.801],[94.886,26.932],[95.021,26.925],[95.196,27.043]]]},"properties":{"name":"Mon","state":"Nagaland","lat":26.674,"lon":95.011,"monitored":""}},{"type":"Feature","geometry":{"type":"Polygon","coordinates":[[[94.717,25.764],[94.726,25.727],[94.79,25.783],[94.863,25.723],[94.856,25.617],[94.905,25.567],[94.812,25.495],[94.666,25.455],[94.557,25.513],[94.573,25.698],[94.314,25.494],[94.191,25.531],[94.282,25.805],[94.466,25.847],[94.543,25.786],[94.717,25.764]]]},"properties":{"name":"Phek","state":"Nagaland","lat":25.658,"lon":94.714,"monitored":""}},{"type":"Feature","geometry":{"type":"Polygon","coordinates":[[[94.791,26.801],[94.836,26.723],[94.783,26.661],[94.895,26.609],[94.937,26.324],[95.02,26.289],[95.128,26.329],[95.121,26.11],[95.185,26.085],[95.022,25.91],[95.053,25.763],[94.889,25.593],[94.835,25.759],[94.756,25.786],[94.726,25.727],[94.577,25.898],[94.706,26.058],[94.705,26.178],[94.597,26.211],[94.565,26.285],[94.706,26.418],[94.691,26.529],[94.737,26.601],[94.67,26.653],[94.791,26.801]]]},"properties":{"name":"Tuensang","state":"Nagaland","lat":26.194,"lon":94.887,"monitored":""}},{"type":"Feature","geometry":{"type":"Polygon","coordinates":[[[94.282,26.564],[94.304,26.386],[94.33,26.406],[94.368,26.338],[94.338,26.247],[94.389,26.226],[94.338,26.184],[94.39,26.12],[94.36,26.015],[94.219,26.029],[93.983,25.926],[93.955,26.007],[94.049,26.25],[94.176,26.344],[94.187,26.461],[94.282,26.564]]]},"properties":{"name":"Wokha","state":"Nagaland","lat":26.236,"lon":94.204,"monitored":""}},{"type":"Feature","geometry":{"type":"Polygon","coordinates":[[[94.502,26.22],[94.705,26.178],[94.706,26.058],[94.577,25.898],[94.717,25.764],[94.543,25.786],[94.466,25.847],[94.282,25.805],[94.216,25.879],[94.286,25.935],[94.274,26.015],[94.34,26.002],[94.389,26.079],[94.338,26.184],[94.444,26.21],[94.488,26.295],[94.502,26.22]]]},"properties":{"name":"Zunheboto","state":"Nagaland","lat":26.036,"lon":94.525,"monitored":""}},{"type":"Feature","geometry":{"type":"Polygon","coordinates":[[[85.245,21.672],[85.328,21.477],[85.255,21.441],[85.338,21.354],[85.268,21.27],[85.389,21.179],[85.268,21.169],[85.227,21.066],[85.163,21.052],[85.258,20.974],[85.251,20.79],[85.193,20.777],[85.191,20.671],[85.162,20.653],[85.134,20.723],[85.117,20.604],[84.892,20.574],[84.845,20.522],[84.772,20.596],[84.631,20.619],[84.365,20.758],[84.35,20.83],[84.261,20.884],[84.276,20.922],[84.395,20.969],[84.478,21.078],[84.677,21.059],[84.679,21.144],[84.739,21.166],[84.794,21.129],[84.817,21.168],[84.957,21.144],[84.895,21.254],[85.031,21.289],[84.998,21.435],[85.151,21.456],[85.209,21.55],[85.148,21.6],[85.245,21.672]]]},"properties":{"name":"Angul","state":"Orissa","lat":21.103,"lon":84.96,"monitored":""}},{"type":"Feature","geometry":{"type":"MultiPolygon","coordinates":[[[[87.089,21.895],[87.235,21.954],[87.272,21.803],[87.444,21.761],[87.482,21.609],[87.38,21.546],[87.201,21.548],[87.107,21.518],[86.911,21.34],[86.838,21.206],[86.768,21.218],[86.771,21.165],[86.667,21.158],[86.644,21.057],[86.553,21.151],[86.43,21.154],[86.444,21.195],[86.369,21.226],[86.356,21.295],[86.484,21.375],[86.648,21.574],[86.863,21.587],[86.874,21.63],[86.908,21.574],[87.003,21.593],[86.985,21.662],[87.05,21.678],[87.023,21.736],[87.067,21.701],[87.101,21.778],[87.18,21.785],[87.089,21.895]]],[[[87.122,21.521],[87.124,21.514],[87.119,21.517],[87.122,21.521]]]]},"properties":{"name":"Baleshwar","state":"Orissa","lat":21.446,"lon":86.786,"monitored":""}},{"type":"Feature","geometry":{"type":"Polygon","coordinates":[[[83.688,21.699],[83.88,21.435],[83.843,21.406],[83.907,21.235],[83.838,21.093],[83.763,21.151],[83.607,21.125],[83.492,21.038],[83.351,21.066],[83.29,21.012],[83.379,20.989],[83.406,20.892],[83.276,20.84],[83.212,20.931],[83.125,20.86],[82.986,20.845],[82.884,20.907],[82.73,20.722],[82.683,20.726],[82.686,21.018],[82.636,21.149],[82.956,21.175],[83.134,21.105],[83.193,21.139],[83.218,21.26],[83.268,21.269],[83.27,21.375],[83.403,21.348],[83.335,21.496],[83.381,21.613],[83.441,21.649],[83.463,21.606],[83.553,21.74],[83.688,21.699]]]},"properties":{"name":"Baragarh","state":"Orissa","lat":21.205,"lon":83.55,"monitored":""}},{"type":"Feature","geometry":{"type":"MultiPolygon","coordinates":[[[[87.019,20.823],[87.006,20.81],[87.003,20.832],[87.019,20.823]]],[[[86.349,21.23],[86.43,21.154],[86.557,21.149],[86.638,21.055],[86.667,21.158],[86.771,21.165],[86.765,21.215],[86.814,21.221],[86.962,20.789],[86.864,20.792],[86.808,20.723],[86.612,20.791],[86.565,20.859],[86.324,20.859],[86.277,20.9],[86.321,21.054],[86.269,21.141],[86.349,21.23]]],[[[86.946,20.787],[86.944,20.784],[86.944,20.785],[86.946,20.787]]]]},"properties":{"name":"Bhadrak","state":"Orissa","lat":20.977,"lon":86.598,"monitored":""}},{"type":"Feature","geometry":{"type":"Polygon","coordinates":[[[83.29,21.012],[83.452,21.051],[83.502,20.979],[83.634,20.978],[83.567,20.848],[83.671,20.737],[83.565,20.479],[83.659,20.418],[83.648,20.362],[83.485,20.401],[83.48,20.449],[83.176,20.167],[82.81,20.164],[82.855,20.266],[82.807,20.29],[82.848,20.332],[82.785,20.321],[82.81,20.379],[82.712,20.353],[82.679,20.446],[82.736,20.619],[82.696,20.722],[82.884,20.907],[82.986,20.845],[83.125,20.86],[83.212,20.931],[83.276,20.84],[83.406,20.892],[83.379,20.989],[83.29,21.012]]]},"properties":{"name":"Bolangir","state":"Orissa","lat":20.549,"lon":83.153,"monitored":""}},{"type":"Feature","geometry":{"type":"Polygon","coordinates":[[[84.377,20.751],[84.79,20.554],[84.71,20.515],[84.686,20.436],[84.481,20.381],[84.312,20.689],[84.215,20.582],[84.0,20.564],[83.91,20.611],[83.789,20.504],[83.823,20.446],[83.772,20.407],[83.565,20.479],[83.724,20.601],[83.774,20.794],[84.048,20.823],[84.211,20.897],[84.345,20.836],[84.377,20.751]]]},"properties":{"name":"Boudh","state":"Orissa","lat":20.65,"lon":84.007,"monitored":""}},{"type":"Feature","geometry":{"type":"Polygon","coordinates":[[[85.916,20.693],[86.043,20.583],[86.176,20.652],[86.278,20.577],[86.25,20.359],[86.009,20.374],[86.027,20.29],[86.146,20.215],[86.165,20.033],[86.076,20.061],[85.895,20.36],[85.879,20.28],[85.797,20.314],[85.802,20.427],[85.621,20.285],[85.547,20.306],[85.402,20.249],[85.331,20.265],[85.365,20.359],[85.154,20.372],[84.845,20.522],[84.892,20.574],[85.123,20.609],[85.246,20.512],[85.452,20.479],[85.506,20.529],[85.584,20.506],[85.653,20.543],[85.786,20.666],[85.879,20.651],[85.916,20.693]]]},"properties":{"name":"Cuttack","state":"Orissa","lat":20.366,"lon":85.488,"monitored":""}},{"type":"Feature","geometry":{"type":"Polygon","coordinates":[[[85.046,21.585],[85.195,21.575],[85.2,21.516],[85.151,21.456],[85.001,21.438],[85.031,21.289],[84.895,21.254],[84.962,21.186],[84.957,21.144],[84.924,21.176],[84.916,21.137],[84.758,21.145],[84.716,21.204],[84.766,21.25],[84.729,21.298],[84.666,21.313],[84.564,21.249],[84.543,21.37],[84.476,21.391],[84.479,21.51],[84.568,21.571],[84.495,21.671],[84.621,21.694],[84.639,21.738],[84.714,21.711],[84.753,21.621],[84.787,21.664],[84.994,21.678],[85.046,21.585]]]},"properties":{"name":"Deogarh","state":"Orissa","lat":21.415,"lon":84.741,"monitored":""}},{"type":"Feature","geometry":{"type":"Polygon","coordinates":[[[85.682,21.18],[85.723,21.138],[85.679,21.112],[85.719,20.977],[85.914,20.921],[85.896,20.84],[86.028,20.803],[86.02,20.72],[85.724,20.639],[85.584,20.506],[85.506,20.529],[85.397,20.479],[85.241,20.514],[85.123,20.609],[85.109,20.676],[85.147,20.725],[85.162,20.653],[85.191,20.671],[85.193,20.777],[85.251,20.79],[85.258,20.974],[85.174,21.07],[85.227,21.066],[85.285,21.175],[85.389,21.179],[85.492,21.108],[85.543,21.161],[85.605,21.132],[85.682,21.18]]]},"properties":{"name":"Dhenkanal","state":"Orissa","lat":20.821,"lon":85.607,"monitored":""}},{"type":"Feature","geometry":{"type":"Polygon","coordinates":[[[84.234,19.568],[84.25,19.489],[84.365,19.538],[84.375,19.373],[84.434,19.354],[84.354,19.177],[84.384,19.132],[84.344,19.013],[84.435,18.977],[84.429,18.914],[84.336,18.867],[84.309,18.778],[84.082,18.745],[84.027,18.802],[83.887,18.805],[83.794,19.019],[83.855,18.971],[83.906,19.009],[83.951,18.978],[83.964,19.057],[84.023,19.049],[83.976,19.201],[84.023,19.338],[83.94,19.39],[83.97,19.523],[83.92,19.623],[84.12,19.626],[84.151,19.574],[84.234,19.568]]]},"properties":{"name":"Gajapati","state":"Orissa","lat":19.189,"lon":84.169,"monitored":""}},{"type":"Feature","geometry":{"type":"MultiPolygon","coordinates":[[[[84.667,20.267],[84.828,20.21],[84.793,20.088],[84.895,19.986],[84.93,19.865],[85.178,19.669],[85.119,19.587],[85.151,19.555],[85.087,19.505],[85.165,19.462],[84.906,19.27],[84.778,19.11],[84.746,19.118],[84.725,19.097],[84.75,19.136],[84.735,19.144],[84.719,19.096],[84.665,19.157],[84.661,19.122],[84.592,19.124],[84.655,19.052],[84.588,19.013],[84.566,19.065],[84.472,18.981],[84.415,19.014],[84.422,18.975],[84.375,18.981],[84.354,19.177],[84.434,19.354],[84.375,19.373],[84.365,19.538],[84.246,19.493],[84.234,19.653],[84.126,19.773],[84.178,19.853],[84.301,19.899],[84.444,19.828],[84.459,19.945],[84.318,19.981],[84.409,20.047],[84.431,20.199],[84.472,20.14],[84.558,20.134],[84.667,20.267]]],[[[84.783,19.111],[84.761,19.071],[84.73,19.089],[84.751,19.082],[84.783,19.111]]],[[[84.767,19.105],[84.767,19.102],[84.765,19.102],[84.767,19.105]]],[[[84.757,19.102],[84.758,19.105],[84.765,19.104],[84.757,19.102]]]]},"properties":{"name":"Ganjam","state":"Orissa","lat":19.62,"lon":84.69,"monitored":""}},{"type":"Feature","geometry":{"type":"MultiPolygon","coordinates":[[[[86.009,20.374],[86.393,20.361],[86.719,20.29],[86.46,20.162],[86.491,20.158],[86.462,20.115],[86.463,20.109],[86.471,20.097],[86.464,20.115],[86.489,20.121],[86.504,20.164],[86.559,20.201],[86.521,20.169],[86.484,20.11],[86.437,20.061],[86.412,20.056],[86.384,19.976],[86.29,20.061],[86.262,20.062],[86.248,20.053],[86.242,20.031],[86.22,20.03],[86.165,20.066],[86.146,20.215],[86.027,20.29],[86.009,20.374]]],[[[86.555,20.206],[86.553,20.206],[86.555,20.207],[86.555,20.206]]],[[[86.49,20.17],[86.508,20.173],[86.494,20.162],[86.49,20.17]]],[[[86.489,20.147],[86.495,20.149],[86.492,20.146],[86.489,20.147]]],[[[86.433,20.057],[86.435,20.052],[86.432,20.051],[86.433,20.057]]],[[[86.426,20.044],[86.425,20.038],[86.421,20.032],[86.426,20.044]]],[[[86.412,20.021],[86.409,20.019],[86.412,20.026],[86.412,20.021]]],[[[86.396,19.969],[86.39,19.966],[86.399,19.972],[86.396,19.969]]],[[[86.386,19.963],[86.383,19.959],[86.379,19.959],[86.386,19.963]]],[[[86.365,19.972],[86.372,19.969],[86.365,19.969],[86.365,19.972]]],[[[86.336,20.003],[86.327,19.999],[86.329,20.011],[86.336,20.003]]],[[[86.321,20.024],[86.327,20.024],[86.326,20.023],[86.321,20.024]]],[[[86.301,20.026],[86.325,20.016],[86.322,20.011],[86.301,20.026]]],[[[86.309,20.039],[86.313,20.04],[86.314,20.039],[86.309,20.039]]],[[[86.254,20.046],[86.268,20.053],[86.308,20.034],[86.254,20.046]]],[[[86.299,20.04],[86.304,20.04],[86.303,20.039],[86.299,20.04]]],[[[86.291,20.048],[86.298,20.048],[86.3,20.044],[86.291,20.048]]],[[[86.257,20.058],[86.255,20.052],[86.251,20.052],[86.257,20.058]]]]},"properties":{"name":"Jagatsinghpur","state":"Orissa","lat":20.185,"lon":86.328,"monitored":""}},{"type":"Feature","geometry":{"type":"Polygon","coordinates":[[[85.882,21.08],[86.082,21.162],[86.023,21.067],[86.043,21.018],[86.129,21.068],[86.257,21.033],[86.324,20.859],[86.565,20.859],[86.621,20.784],[86.37,20.588],[86.321,20.625],[86.315,20.577],[86.269,20.577],[86.176,20.652],[86.043,20.583],[85.901,20.701],[86.02,20.72],[86.028,20.803],[85.896,20.84],[85.914,20.921],[85.719,20.977],[85.679,21.112],[85.752,21.143],[85.77,21.098],[85.882,21.08]]]},"properties":{"name":"Jajpur","state":"Orissa","lat":20.89,"lon":86.11,"monitored":""}},{"type":"Feature","geometry":{"type":"Polygon","coordinates":[[[84.226,21.972],[84.351,22.033],[84.386,21.989],[84.284,21.763],[83.963,21.763],[83.957,21.568],[83.793,21.563],[83.688,21.699],[83.553,21.74],[83.483,21.64],[83.42,21.675],[83.531,21.832],[83.623,21.846],[83.715,21.783],[83.89,21.943],[83.974,21.903],[84.072,21.934],[84.066,21.987],[84.114,22.008],[84.226,21.972]]]},"properties":{"name":"Jharsuguda","state":"Orissa","lat":21.808,"lon":84.023,"monitored":""}},{"type":"Feature","geometry":{"type":"Polygon","coordinates":[[[83.48,20.449],[83.485,20.401],[83.57,20.36],[83.698,20.365],[83.713,20.233],[83.784,20.175],[83.704,20.096],[83.577,20.109],[83.489,19.954],[83.401,19.917],[83.448,19.734],[83.366,19.592],[83.26,19.594],[83.211,19.429],[83.18,19.457],[83.16,19.425],[83.063,19.556],[82.984,19.441],[82.921,19.435],[82.95,19.318],[82.871,19.177],[82.798,19.23],[82.841,19.317],[82.72,19.34],[82.635,19.505],[82.524,19.576],[82.556,19.721],[82.703,19.831],[82.698,19.993],[82.817,20.161],[83.176,20.167],[83.48,20.449]]]},"properties":{"name":"Kalahandi","state":"Orissa","lat":19.782,"lon":83.037,"monitored":""}},{"type":"Feature","geometry":{"type":"Polygon","coordinates":[[[84.336,20.669],[84.456,20.391],[84.506,20.392],[84.481,20.336],[84.537,20.32],[84.58,20.167],[84.479,20.136],[84.431,20.199],[84.409,20.047],[84.324,19.999],[84.459,19.945],[84.444,19.828],[84.301,19.899],[84.178,19.853],[84.126,19.773],[84.234,19.653],[84.232,19.564],[84.151,19.574],[84.12,19.626],[83.969,19.613],[83.807,19.71],[83.733,19.648],[83.687,19.681],[83.642,19.651],[83.612,19.809],[83.522,19.851],[83.555,19.922],[83.489,19.954],[83.577,20.109],[83.704,20.096],[83.784,20.175],[83.725,20.207],[83.653,20.411],[83.806,20.428],[83.789,20.504],[83.91,20.611],[84.0,20.564],[84.215,20.582],[84.286,20.682],[84.336,20.669]]]},"properties":{"name":"Kandhamal","state":"Orissa","lat":20.123,"lon":84.075,"monitored":""}},{"type":"Feature","geometry":{"type":"MultiPolygon","coordinates":[[[[87.085,20.764],[87.092,20.752],[87.072,20.754],[87.085,20.764]]],[[[87.072,20.745],[87.068,20.738],[87.072,20.749],[87.072,20.745]]],[[[87.054,20.746],[87.05,20.743],[87.049,20.744],[87.054,20.746]]],[[[86.636,20.787],[86.816,20.724],[86.794,20.697],[86.756,20.613],[86.774,20.645],[86.816,20.636],[86.821,20.64],[86.823,20.647],[86.814,20.664],[86.805,20.669],[86.797,20.666],[86.802,20.675],[86.829,20.672],[86.839,20.653],[86.845,20.651],[86.867,20.665],[86.902,20.698],[86.934,20.711],[87.0,20.695],[87.045,20.709],[86.734,20.479],[86.729,20.405],[86.79,20.361],[86.709,20.294],[86.25,20.359],[86.255,20.556],[86.318,20.623],[86.37,20.588],[86.466,20.681],[86.539,20.687],[86.539,20.747],[86.636,20.787]]],[[[87.017,20.714],[87.002,20.709],[87.016,20.722],[87.017,20.714]]],[[[87.006,20.713],[87.003,20.713],[87.009,20.72],[87.006,20.713]]],[[[86.871,20.772],[86.992,20.771],[87.001,20.716],[86.929,20.715],[86.893,20.695],[86.859,20.665],[86.885,20.707],[86.878,20.733],[86.854,20.657],[86.842,20.652],[86.83,20.673],[86.803,20.677],[86.797,20.673],[86.795,20.666],[86.819,20.639],[86.774,20.646],[86.871,20.772]]],[[[86.981,20.781],[86.988,20.779],[86.981,20.778],[86.981,20.781]]],[[[86.865,20.782],[86.942,20.78],[86.952,20.775],[86.865,20.782]]],[[[86.878,20.678],[86.872,20.673],[86.878,20.679],[86.878,20.678]]],[[[86.874,20.774],[86.878,20.774],[86.878,20.773],[86.874,20.774]]],[[[86.866,20.778],[86.869,20.779],[86.872,20.776],[86.866,20.778]]],[[[86.807,20.413],[86.815,20.407],[86.804,20.371],[86.807,20.413]]],[[[86.801,20.474],[86.809,20.477],[86.804,20.464],[86.801,20.474]]],[[[86.804,20.462],[86.801,20.46],[86.802,20.463],[86.804,20.462]]],[[[86.799,20.701],[86.793,20.679],[86.789,20.675],[86.799,20.701]]],[[[86.791,20.376],[86.797,20.376],[86.796,20.374],[86.791,20.376]]],[[[86.79,20.369],[86.796,20.372],[86.792,20.365],[86.79,20.369]]],[[[86.795,20.393],[86.788,20.405],[86.791,20.429],[86.795,20.393]]],[[[86.794,20.384],[86.791,20.386],[86.794,20.388],[86.794,20.384]]]]},"properties":{"name":"Kendrapara","state":"Orissa","lat":20.518,"lon":86.52,"monitored":""}},{"type":"Feature","geometry":{"type":"Polygon","coordinates":[[[85.418,22.153],[85.54,22.087],[85.645,22.09],[85.666,22.009],[85.789,21.95],[85.805,21.808],[86.077,21.685],[86.005,21.527],[86.156,21.419],[86.089,21.306],[86.112,21.27],[86.205,21.277],[86.265,21.374],[86.356,21.309],[86.345,21.186],[86.269,21.141],[86.302,21.011],[86.129,21.068],[86.043,21.018],[86.023,21.067],[86.082,21.162],[85.882,21.08],[85.77,21.098],[85.682,21.18],[85.605,21.132],[85.543,21.161],[85.492,21.108],[85.268,21.27],[85.338,21.354],[85.253,21.446],[85.303,21.444],[85.323,21.505],[85.245,21.672],[85.191,21.656],[85.181,21.704],[85.225,21.818],[85.338,21.823],[85.371,21.906],[85.227,21.997],[85.3,22.107],[85.418,22.153]]]},"properties":{"name":"Keonjhar","state":"Orissa","lat":21.591,"lon":85.658,"monitored":""}},{"type":"Feature","geometry":{"type":"Polygon","coordinates":[[[85.805,20.42],[85.797,20.314],[85.879,20.28],[85.895,20.36],[86.077,20.099],[85.88,20.102],[85.884,20.169],[85.835,20.188],[85.821,20.151],[85.688,20.144],[85.674,20.064],[85.627,20.093],[85.612,19.984],[85.567,20.016],[85.559,19.942],[85.496,19.938],[85.561,19.909],[85.559,19.847],[85.4,19.878],[85.249,19.776],[85.178,19.667],[84.93,19.865],[85.092,19.923],[85.239,19.898],[85.357,19.951],[85.415,19.919],[85.451,19.965],[85.375,20.064],[85.408,20.12],[85.346,20.181],[85.235,20.107],[85.21,20.207],[85.318,20.224],[85.329,20.273],[85.621,20.285],[85.71,20.392],[85.805,20.42]]]},"properties":{"name":"Khordha","state":"Orissa","lat":20.04,"lon":85.507,"monitored":""}},{"type":"Feature","geometry":{"type":"Polygon","coordinates":[[[82.161,19.208],[82.428,19.164],[82.566,19.205],[82.63,19.142],[82.672,19.189],[82.822,19.141],[82.856,19.199],[82.897,19.152],[82.972,19.167],[83.056,19.037],[83.13,19.129],[83.173,19.105],[83.194,19.16],[83.252,19.157],[83.169,19.084],[83.196,18.97],[83.234,18.965],[83.273,19.114],[83.312,19.106],[83.356,19.038],[83.304,18.987],[83.32,18.926],[83.361,18.953],[83.411,18.857],[83.219,18.766],[83.205,18.716],[83.133,18.772],[83.01,18.637],[83.008,18.588],[83.054,18.586],[83.032,18.548],[83.089,18.538],[83.015,18.444],[83.056,18.377],[82.903,18.356],[82.885,18.413],[82.799,18.439],[82.767,18.331],[82.627,18.229],[82.581,18.27],[82.599,18.372],[82.532,18.393],[82.523,18.504],[82.482,18.538],[82.429,18.485],[82.399,18.51],[82.441,18.592],[82.257,18.581],[82.217,18.662],[82.168,18.626],[82.085,18.733],[82.161,18.791],[82.173,18.895],[82.24,18.91],[82.212,19.091],[82.16,19.126],[82.161,19.208]]]},"properties":{"name":"Koraput","state":"Orissa","lat":18.724,"lon":82.59,"monitored":""}},{"type":"Feature","geometry":{"type":"Polygon","coordinates":[[[82.085,18.733],[82.168,18.626],[82.217,18.662],[82.257,18.581],[82.441,18.592],[82.334,18.317],[82.393,18.306],[82.306,18.196],[82.365,18.14],[82.333,18.142],[82.336,18.047],[82.267,18.048],[82.242,17.98],[82.16,18.044],[82.025,18.058],[81.611,17.815],[81.385,17.807],[81.394,17.885],[81.437,17.876],[81.477,17.97],[81.528,18.259],[81.745,18.345],[81.858,18.513],[81.947,18.559],[81.885,18.65],[81.947,18.629],[81.957,18.683],[82.085,18.733]]]},"properties":{"name":"Malkangiri","state":"Orissa","lat":18.283,"lon":81.981,"monitored":""}},{"type":"Feature","geometry":{"type":"Polygon","coordinates":[[[86.038,22.564],[86.112,22.483],[86.28,22.446],[86.433,22.302],[86.5,22.341],[86.721,22.217],[86.715,22.143],[86.967,22.078],[87.034,21.989],[87.005,21.896],[87.116,21.848],[87.174,21.807],[87.18,21.785],[87.101,21.778],[87.067,21.701],[87.023,21.736],[87.05,21.678],[86.985,21.662],[87.003,21.593],[86.954,21.567],[86.874,21.63],[86.863,21.587],[86.683,21.589],[86.423,21.326],[86.356,21.295],[86.265,21.374],[86.205,21.277],[86.115,21.266],[86.089,21.306],[86.156,21.419],[86.005,21.527],[86.077,21.685],[85.805,21.808],[85.789,21.95],[85.658,22.029],[85.802,22.111],[85.831,22.077],[85.788,22.077],[85.761,21.99],[85.905,21.967],[86.027,22.185],[85.97,22.243],[86.043,22.306],[85.993,22.338],[86.021,22.382],[85.958,22.476],[86.038,22.564]]]},"properties":{"name":"Mayurbhanj","state":"Orissa","lat":21.923,"lon":86.403,"monitored":""}},{"type":"Feature","geometry":{"type":"Polygon","coordinates":[[[81.937,20.101],[82.024,20.01],[82.058,20.05],[82.178,19.978],[82.231,19.998],[82.339,19.83],[82.439,19.903],[82.597,19.86],[82.524,19.576],[82.635,19.505],[82.72,19.34],[82.841,19.317],[82.798,19.23],[82.848,19.199],[82.822,19.141],[82.672,19.189],[82.618,19.143],[82.566,19.205],[82.428,19.164],[82.389,19.203],[82.154,19.216],[82.183,19.32],[82.141,19.366],[82.183,19.418],[82.119,19.424],[82.092,19.51],[82.022,19.502],[82.06,19.783],[81.98,19.796],[81.837,19.95],[81.937,20.101]]]},"properties":{"name":"Nabarangpur","state":"Orissa","lat":19.679,"lon":82.298,"monitored":""}},{"type":"Feature","geometry":{"type":"Polygon","coordinates":[[[84.788,20.575],[85.154,20.372],[85.365,20.359],[85.334,20.238],[85.221,20.216],[85.199,20.147],[85.235,20.107],[85.363,20.174],[85.43,19.932],[84.905,19.898],[84.895,19.986],[84.793,20.088],[84.822,20.216],[84.69,20.275],[84.583,20.177],[84.537,20.32],[84.479,20.345],[84.54,20.416],[84.686,20.436],[84.788,20.575]]]},"properties":{"name":"Nayagarh","state":"Orissa","lat":20.227,"lon":85.037,"monitored":""}},{"type":"Feature","geometry":{"type":"Polygon","coordinates":[[[82.632,21.087],[82.686,21.018],[82.682,20.731],[82.736,20.619],[82.679,20.446],[82.712,20.353],[82.81,20.379],[82.785,20.321],[82.846,20.336],[82.807,20.29],[82.855,20.23],[82.731,20.019],[82.598,19.986],[82.396,20.049],[82.429,20.426],[82.324,20.554],[82.368,20.624],[82.347,20.884],[82.459,20.824],[82.632,21.087]]]},"properties":{"name":"Nuapada","state":"Orissa","lat":20.5,"lon":82.533,"monitored":""}},{"type":"Feature","geometry":{"type":"MultiPolygon","coordinates":[[[[86.372,19.954],[86.368,19.952],[86.355,19.95],[86.371,19.955],[86.372,19.958],[86.372,19.954]]],[[[85.835,20.188],[85.884,20.169],[85.88,20.102],[86.068,20.102],[86.117,20.034],[86.195,20.046],[86.255,20.018],[86.293,20.025],[86.317,19.949],[86.366,19.955],[85.78,19.785],[85.117,19.467],[85.089,19.516],[85.151,19.557],[85.12,19.589],[85.249,19.776],[85.422,19.886],[85.559,19.847],[85.514,19.961],[85.559,19.942],[85.567,20.016],[85.612,19.984],[85.627,20.093],[85.674,20.064],[85.683,20.142],[85.821,20.151],[85.835,20.188]]],[[[86.322,20.011],[86.32,20.011],[86.32,20.012],[86.322,20.011]]],[[[86.319,20.002],[86.321,19.993],[86.316,19.999],[86.319,20.002]]],[[[86.321,19.991],[86.32,19.989],[86.319,19.995],[86.321,19.991]]],[[[86.31,20.012],[86.315,20.015],[86.315,20.008],[86.31,20.012]]],[[[86.277,20.047],[86.288,20.029],[86.267,20.035],[86.245,20.03],[86.277,20.047]]],[[[86.271,20.027],[86.268,20.021],[86.265,20.022],[86.271,20.027]]],[[[86.263,20.034],[86.268,20.031],[86.262,20.032],[86.263,20.034]]],[[[86.254,20.022],[86.255,20.025],[86.258,20.022],[86.254,20.022]]],[[[86.238,19.911],[86.237,19.908],[86.237,19.908],[86.238,19.911]]]]},"properties":{"name":"Puri","state":"Orissa","lat":19.816,"lon":85.599,"monitored":""}},{"type":"Feature","geometry":{"type":"Polygon","coordinates":[[[83.478,19.955],[83.555,19.922],[83.522,19.851],[83.612,19.809],[83.642,19.651],[83.687,19.681],[83.733,19.648],[83.801,19.71],[83.925,19.67],[83.97,19.523],[83.94,19.39],[84.023,19.338],[83.976,19.201],[84.023,19.045],[83.964,19.057],[83.951,18.978],[83.776,19.009],[83.74,18.978],[83.771,18.901],[83.623,19.154],[83.531,19.005],[83.459,19.07],[83.451,18.944],[83.341,19.009],[83.333,19.094],[83.278,19.117],[83.234,18.965],[83.196,18.97],[83.169,19.084],[83.252,19.157],[83.194,19.16],[83.173,19.105],[83.13,19.129],[83.056,19.037],[82.972,19.167],[82.871,19.177],[82.95,19.318],[82.917,19.429],[82.984,19.441],[83.031,19.546],[83.097,19.536],[83.175,19.417],[83.26,19.594],[83.366,19.592],[83.448,19.734],[83.4,19.914],[83.478,19.955]]]},"properties":{"name":"Rayagada","state":"Orissa","lat":19.423,"lon":83.563,"monitored":""}},{"type":"Feature","geometry":{"type":"Polygon","coordinates":[[[84.471,22.186],[84.522,21.81],[84.552,21.763],[84.674,21.743],[84.499,21.678],[84.485,21.637],[84.568,21.571],[84.479,21.51],[84.476,21.391],[84.543,21.37],[84.564,21.249],[84.685,21.318],[84.766,21.25],[84.718,21.215],[84.739,21.166],[84.679,21.144],[84.677,21.059],[84.478,21.078],[84.366,20.95],[84.235,20.921],[84.141,21.031],[84.013,21.051],[83.979,21.13],[83.888,21.174],[83.906,21.242],[83.843,21.406],[83.88,21.435],[83.793,21.563],[83.967,21.574],[83.937,21.724],[84.008,21.783],[84.28,21.759],[84.386,21.989],[84.351,22.033],[84.263,22.011],[84.261,22.101],[84.471,22.186]]]},"properties":{"name":"Sambalpur","state":"Orissa","lat":21.536,"lon":84.164,"monitored":""}},{"type":"Feature","geometry":{"type":"Polygon","coordinates":[[[83.979,21.13],[83.992,21.067],[84.141,21.031],[84.154,20.971],[84.276,20.922],[84.261,20.884],[83.774,20.794],[83.724,20.601],[83.599,20.525],[83.589,20.599],[83.671,20.737],[83.567,20.848],[83.635,20.976],[83.464,20.994],[83.452,21.051],[83.763,21.151],[83.838,21.093],[83.888,21.174],[83.979,21.13]]]},"properties":{"name":"Sonepur","state":"Orissa","lat":20.866,"lon":83.87,"monitored":""}},{"type":"Feature","geometry":{"type":"Polygon","coordinates":[[[83.976,22.502],[84.289,22.337],[84.426,22.349],[84.527,22.42],[84.894,22.418],[85.062,22.478],[85.114,22.29],[84.98,22.085],[85.044,22.111],[85.177,22.067],[85.269,21.956],[85.366,21.933],[85.354,21.848],[85.225,21.818],[85.144,21.59],[85.046,21.585],[84.994,21.678],[84.787,21.664],[84.753,21.621],[84.665,21.755],[84.552,21.763],[84.522,21.81],[84.489,21.904],[84.523,22.041],[84.471,22.186],[84.271,22.118],[84.226,21.972],[84.114,22.008],[84.066,21.987],[84.072,21.934],[83.974,21.903],[83.89,21.943],[83.715,21.783],[83.623,21.846],[83.578,21.827],[83.6,21.911],[83.535,21.964],[83.532,22.034],[83.6,22.066],[83.559,22.104],[83.646,22.225],[83.753,22.243],[83.861,22.344],[84.004,22.368],[84.042,22.464],[83.976,22.502]]]},"properties":{"name":"Sundargarh","state":"Orissa","lat":22.053,"lon":83.913,"monitored":""}},{"type":"Feature","geometry":{"type":"MultiPolygon","coordinates":[[[[79.748,10.982],[79.855,10.976],[79.824,10.818],[79.851,10.814],[79.813,10.814],[79.809,10.867],[79.704,10.919],[79.748,10.982]]],[[[79.841,10.825],[79.845,10.826],[79.84,10.824],[79.841,10.825]]]]},"properties":{"name":"Karaikal","state":"Puducherry","lat":10.893,"lon":79.798,"monitored":""}},{"type":"Feature","geometry":{"type":"Polygon","coordinates":[[[75.302,11.948],[75.223,12.105],[75.403,12.137],[75.309,12.103],[75.302,12.025],[75.268,12.025],[75.302,11.948]]]},"properties":{"name":"Mahe","state":"Puducherry","lat":12.064,"lon":75.275,"monitored":""}},{"type":"Feature","geometry":{"type":"Polygon","coordinates":[[[79.838,11.941],[79.8,11.808],[79.659,11.866],[79.725,11.892],[79.644,11.993],[79.75,11.986],[79.716,11.967],[79.737,11.907],[79.8,11.964],[79.838,11.941]]]},"properties":{"name":"Puducherry","state":"Puducherry","lat":11.899,"lon":79.772,"monitored":""}},{"type":"Feature","geometry":{"type":"MultiPolygon","coordinates":[[[[82.175,16.725],[82.294,16.743],[82.303,16.723],[82.246,16.717],[82.253,16.69],[82.175,16.725]]],[[[82.259,16.69],[82.27,16.702],[82.285,16.698],[82.259,16.69]]]]},"properties":{"name":"Yanam","state":"Puducherry","lat":16.703,"lon":82.236,"monitored":""}},{"type":"Feature","geometry":{"type":"Polygon","coordinates":[[[74.879,32.052],[74.922,32.014],[74.901,31.976],[74.96,31.976],[74.875,31.932],[74.955,31.833],[75.177,31.741],[75.213,31.685],[75.272,31.698],[75.391,31.595],[75.182,31.436],[75.038,31.192],[74.732,31.104],[74.595,31.135],[74.596,31.091],[74.552,31.086],[74.505,31.139],[74.511,31.272],[74.642,31.462],[74.566,31.502],[74.601,31.568],[74.518,31.745],[74.599,31.885],[74.709,31.958],[74.809,31.955],[74.879,32.052]]]},"properties":{"name":"Amritsar","state":"Punjab","lat":31.581,"lon":74.984,"monitored":""}},{"type":"Feature","geometry":{"type":"Polygon","coordinates":[[[75.134,30.582],[75.281,30.511],[75.247,30.462],[75.367,30.237],[75.347,30.142],[75.25,30.101],[75.27,29.979],[75.174,29.97],[75.205,29.859],[75.142,29.777],[75.09,29.807],[75.085,29.915],[74.99,29.856],[74.881,29.968],[74.697,29.971],[74.674,30.112],[74.622,30.128],[74.727,30.181],[74.715,30.308],[74.774,30.336],[74.692,30.356],[75.031,30.378],[75.042,30.46],[74.997,30.489],[75.118,30.523],[75.134,30.582]]]},"properties":{"name":"Bathinda","state":"Punjab","lat":30.162,"lon":75.02,"monitored":""}},{"type":"Feature","geometry":{"type":"Polygon","coordinates":[[[74.9,30.736],[74.944,30.594],[74.892,30.55],[74.98,30.544],[75.042,30.46],[75.031,30.378],[74.743,30.394],[74.751,30.491],[74.677,30.521],[74.699,30.558],[74.579,30.654],[74.472,30.673],[74.459,30.742],[74.614,30.831],[74.9,30.736]]]},"properties":{"name":"Faridkot","state":"Punjab","lat":30.624,"lon":74.776,"monitored":""}},{"type":"Feature","geometry":{"type":"Polygon","coordinates":[[[76.237,30.773],[76.356,30.902],[76.315,30.853],[76.379,30.834],[76.397,30.762],[76.52,30.769],[76.504,30.71],[76.558,30.678],[76.516,30.641],[76.58,30.638],[76.569,30.575],[76.488,30.565],[76.467,30.434],[76.308,30.434],[76.28,30.577],[76.067,30.512],[76.161,30.681],[76.332,30.683],[76.237,30.773]]]},"properties":{"name":"Fatehgarh Sahib","state":"Punjab","lat":30.659,"lon":76.343,"monitored":""}},{"type":"Feature","geometry":{"type":"Polygon","coordinates":[[[75.037,31.153],[75.115,31.084],[75.027,31.024],[75.05,30.943],[74.933,30.877],[74.9,30.736],[74.614,30.831],[74.464,30.749],[74.482,30.638],[74.365,30.483],[74.241,30.423],[74.347,30.397],[74.252,30.246],[74.347,30.239],[74.327,30.161],[74.405,30.095],[74.357,30.085],[74.399,30.026],[74.445,30.021],[74.442,29.947],[73.891,29.97],[73.895,30.047],[73.967,30.121],[73.958,30.262],[73.871,30.369],[73.935,30.463],[74.078,30.529],[74.091,30.613],[74.282,30.73],[74.316,30.848],[74.538,30.994],[74.558,31.068],[74.656,31.055],[74.691,31.114],[74.884,31.161],[74.996,31.12],[75.037,31.153]]]},"properties":{"name":"Firozpur","state":"Punjab","lat":30.571,"lon":74.258,"monitored":""}},{"type":"Feature","geometry":{"type":"Polygon","coordinates":[[[75.869,32.489],[75.932,32.417],[75.623,32.235],[75.655,32.146],[75.521,32.032],[75.559,31.779],[75.394,31.596],[74.892,31.896],[74.875,31.932],[74.959,31.961],[74.901,31.976],[74.907,32.063],[75.005,32.029],[75.272,32.113],[75.363,32.235],[75.325,32.343],[75.472,32.34],[75.499,32.275],[75.529,32.349],[75.712,32.418],[75.873,32.576],[75.869,32.489]]]},"properties":{"name":"Gurdaspur","state":"Punjab","lat":32.088,"lon":75.389,"monitored":""}},{"type":"Feature","geometry":{"type":"Polygon","coordinates":[[[75.579,32.082],[75.895,31.95],[75.971,31.819],[75.922,31.817],[75.976,31.695],[76.153,31.414],[76.14,31.353],[76.173,31.307],[76.277,31.31],[76.333,31.235],[76.228,31.247],[76.193,31.14],[76.128,31.151],[76.012,31.261],[75.842,31.294],[75.895,31.348],[75.775,31.372],[75.807,31.427],[75.657,31.608],[75.461,31.652],[75.559,31.779],[75.521,32.032],[75.579,32.082]]]},"properties":{"name":"Hoshiarpur","state":"Punjab","lat":31.63,"lon":75.788,"monitored":""}},{"type":"Feature","geometry":{"type":"Polygon","coordinates":[[[75.632,31.615],[75.809,31.407],[75.743,31.33],[75.687,31.349],[75.683,31.178],[75.874,31.169],[75.939,31.012],[75.397,30.981],[75.063,31.124],[75.191,31.186],[75.257,31.149],[75.333,31.233],[75.449,31.239],[75.478,31.272],[75.438,31.316],[75.501,31.391],[75.433,31.398],[75.433,31.502],[75.507,31.474],[75.525,31.557],[75.632,31.615]]]},"properties":{"name":"Jalandhar","state":"Punjab","lat":31.294,"lon":75.572,"monitored":""}},{"type":"Feature","geometry":{"type":"MultiPolygon","coordinates":[[[[75.791,31.376],[75.895,31.348],[75.841,31.297],[75.897,31.264],[75.829,31.285],[75.844,31.237],[75.766,31.167],[75.694,31.168],[75.673,31.321],[75.791,31.376]]],[[[75.474,31.649],[75.557,31.639],[75.591,31.577],[75.525,31.557],[75.507,31.474],[75.433,31.502],[75.433,31.398],[75.501,31.391],[75.438,31.316],[75.478,31.272],[75.449,31.239],[75.333,31.233],[75.257,31.149],[75.2,31.186],[75.026,31.162],[74.996,31.12],[74.937,31.15],[75.038,31.192],[75.182,31.436],[75.474,31.649]]]]},"properties":{"name":"Kapurthala","state":"Punjab","lat":31.354,"lon":75.301,"monitored":""}},{"type":"Feature","geometry":{"type":"Polygon","coordinates":[[[75.343,30.99],[76.301,30.992],[76.31,30.874],[76.237,30.773],[76.332,30.683],[76.161,30.681],[76.089,30.563],[76.016,30.618],[75.925,30.572],[75.824,30.69],[75.758,30.674],[75.777,30.626],[75.658,30.652],[75.388,30.593],[75.359,30.841],[75.395,30.895],[75.343,30.99]]]},"properties":{"name":"Ludhiana","state":"Punjab","lat":30.807,"lon":75.812,"monitored":""}},{"type":"Feature","geometry":{"type":"Polygon","coordinates":[[[75.379,30.212],[75.642,30.117],[75.631,30.033],[75.679,30.026],[75.63,29.938],[75.756,29.921],[75.764,29.838],[75.687,29.752],[75.569,29.743],[75.444,29.808],[75.335,29.694],[75.35,29.659],[75.318,29.671],[75.296,29.568],[75.223,29.546],[75.158,29.663],[75.231,29.752],[75.174,29.97],[75.27,29.979],[75.25,30.101],[75.335,30.132],[75.379,30.212]]]},"properties":{"name":"Mansa","state":"Punjab","lat":29.879,"lon":75.479,"monitored":""}},{"type":"Feature","geometry":{"type":"Polygon","coordinates":[[[75.343,30.99],[75.395,30.895],[75.359,30.69],[75.403,30.543],[75.176,30.508],[75.134,30.582],[75.118,30.523],[74.989,30.489],[74.98,30.544],[74.892,30.55],[74.944,30.594],[74.901,30.772],[74.943,30.892],[75.056,30.955],[75.031,31.031],[75.158,31.094],[75.343,30.99]]]},"properties":{"name":"Moga","state":"Punjab","lat":30.832,"lon":75.153,"monitored":""}},{"type":"Feature","geometry":{"type":"Polygon","coordinates":[[[74.491,30.667],[74.608,30.637],[74.699,30.558],[74.677,30.521],[74.748,30.497],[74.743,30.394],[74.811,30.394],[74.776,30.34],[74.692,30.356],[74.774,30.336],[74.715,30.308],[74.727,30.181],[74.622,30.13],[74.674,30.112],[74.707,30.015],[74.647,29.905],[74.442,29.947],[74.445,30.021],[74.399,30.026],[74.357,30.085],[74.405,30.095],[74.327,30.161],[74.347,30.239],[74.252,30.246],[74.307,30.387],[74.348,30.39],[74.241,30.423],[74.365,30.483],[74.491,30.667]]]},"properties":{"name":"Muktsar","state":"Punjab","lat":30.277,"lon":74.491,"monitored":""}},{"type":"Feature","geometry":{"type":"Polygon","coordinates":[[[75.857,31.247],[75.888,31.283],[76.012,31.261],[76.181,31.136],[76.228,31.247],[76.325,31.228],[76.507,30.998],[75.987,30.991],[75.886,31.157],[75.775,31.2],[75.844,31.237],[75.829,31.285],[75.857,31.247]]]},"properties":{"name":"Nawan Shehar","state":"Punjab","lat":31.146,"lon":76.03,"monitored":""}},{"type":"Feature","geometry":{"type":"Polygon","coordinates":[[[76.679,30.573],[76.862,30.679],[76.913,30.6],[76.889,30.441],[76.93,30.393],[76.88,30.36],[76.832,30.434],[76.758,30.439],[76.7,30.394],[76.715,30.333],[76.548,30.265],[76.533,30.227],[76.584,30.257],[76.639,30.206],[76.619,30.095],[76.452,30.101],[76.41,30.202],[76.39,30.128],[76.326,30.149],[76.323,30.108],[76.204,30.159],[76.255,30.105],[76.166,29.929],[76.235,29.86],[76.116,29.796],[76.115,29.858],[76.057,29.846],[75.972,29.91],[76.02,29.968],[76.002,30.025],[76.096,30.116],[76.052,30.216],[76.191,30.287],[75.979,30.341],[76.077,30.459],[76.067,30.512],[76.28,30.577],[76.308,30.434],[76.374,30.415],[76.477,30.445],[76.488,30.565],[76.569,30.575],[76.566,30.669],[76.622,30.681],[76.679,30.573]]]},"properties":{"name":"Patiala","state":"Punjab","lat":30.242,"lon":76.32,"monitored":""}},{"type":"Feature","geometry":{"type":"Polygon","coordinates":[[[76.363,31.441],[76.431,31.283],[76.467,31.31],[76.535,31.255],[76.571,31.28],[76.581,31.216],[76.626,31.227],[76.59,31.183],[76.61,31.004],[76.713,30.963],[76.847,30.793],[76.691,30.76],[76.81,30.664],[76.719,30.575],[76.65,30.587],[76.622,30.681],[76.518,30.639],[76.558,30.678],[76.503,30.715],[76.527,30.762],[76.397,30.762],[76.379,30.834],[76.315,30.853],[76.362,30.881],[76.336,30.915],[76.308,30.881],[76.299,30.998],[76.507,30.998],[76.278,31.302],[76.337,31.353],[76.316,31.402],[76.363,31.441]]]},"properties":{"name":"Rupnagar","state":"Punjab","lat":31.094,"lon":76.518,"monitored":""}},{"type":"Feature","geometry":{"type":"Polygon","coordinates":[[[75.841,30.673],[75.925,30.572],[76.016,30.618],[76.071,30.565],[76.077,30.459],[75.979,30.341],[76.191,30.287],[76.039,30.192],[76.096,30.116],[76.002,30.025],[76.02,29.968],[75.972,29.91],[76.115,29.854],[76.041,29.749],[75.973,29.732],[75.864,29.752],[75.82,29.815],[75.726,29.812],[75.756,29.921],[75.63,29.938],[75.681,30.01],[75.631,30.033],[75.645,30.113],[75.352,30.206],[75.324,30.38],[75.246,30.466],[75.456,30.607],[75.658,30.652],[75.777,30.626],[75.758,30.674],[75.841,30.673]]]},"properties":{"name":"Sangrur","state":"Punjab","lat":30.199,"lon":75.712,"monitored":""}},{"type":"Feature","geometry":{"type":"MultiPolygon","coordinates":[[[[74.888,26.98],[74.979,26.944],[74.912,26.84],[74.938,26.749],[75.004,26.743],[74.94,26.724],[75.063,26.654],[75.058,26.559],[75.119,26.55],[75.173,26.448],[75.11,26.288],[75.184,26.113],[75.242,26.082],[75.279,26.143],[75.336,26.134],[75.303,26.073],[75.351,26.018],[75.243,25.913],[75.26,25.857],[75.351,25.834],[75.273,25.701],[75.084,25.703],[75.014,25.859],[74.711,25.922],[74.557,25.916],[74.526,25.868],[74.52,25.913],[74.387,25.965],[74.223,25.846],[74.116,25.866],[74.161,26.068],[74.181,26.031],[74.241,26.052],[74.302,26.138],[74.271,26.176],[74.367,26.192],[74.399,26.269],[74.251,26.288],[74.303,26.334],[74.288,26.451],[74.47,26.493],[74.59,26.632],[74.615,26.569],[74.67,26.597],[74.718,26.678],[74.662,26.714],[74.694,26.774],[74.775,26.793],[74.77,26.852],[74.888,26.98]]],[[[74.008,25.865],[74.092,25.769],[74.016,25.748],[73.948,25.652],[73.906,25.742],[74.008,25.865]]]]},"properties":{"name":"Ajmer","state":"Rajasthan","lat":26.391,"lon":74.723,"monitored":""}},{"type":"Feature","geometry":{"type":"Polygon","coordinates":[[[76.854,28.225],[76.962,28.144],[76.883,27.724],[76.915,27.701],[76.881,27.699],[76.97,27.657],[76.975,27.619],[76.928,27.618],[76.953,27.543],[77.015,27.543],[76.997,27.572],[77.059,27.538],[77.013,27.514],[77.047,27.481],[77.04,27.439],[76.919,27.537],[76.873,27.514],[76.917,27.496],[76.893,27.461],[77.201,27.341],[77.039,27.23],[77.084,27.166],[76.966,27.185],[76.92,27.146],[76.865,27.237],[76.828,27.082],[76.79,27.142],[76.636,27.1],[76.646,27.171],[76.588,27.183],[76.466,27.084],[76.426,27.138],[76.358,27.061],[76.287,27.069],[76.271,27.188],[76.197,27.124],[76.154,27.224],[76.121,27.201],[76.226,27.417],[76.195,27.627],[76.242,27.635],[76.239,27.766],[76.283,27.805],[76.166,27.915],[76.155,27.999],[76.214,28.032],[76.177,28.059],[76.337,28.03],[76.355,28.074],[76.297,28.101],[76.356,28.128],[76.289,28.183],[76.377,28.138],[76.471,28.155],[76.498,28.107],[76.449,28.093],[76.498,28.065],[76.454,28.05],[76.539,28.039],[76.547,27.971],[76.66,28.019],[76.651,28.097],[76.854,28.225]]]},"properties":{"name":"Alwar","state":"Rajasthan","lat":27.646,"lon":76.607,"monitored":""}},{"type":"Feature","geometry":{"type":"Polygon","coordinates":[[[74.491,23.912],[74.531,23.871],[74.693,23.892],[74.784,23.829],[74.696,23.673],[74.771,23.536],[74.613,23.461],[74.518,23.329],[74.751,23.23],[74.512,23.089],[74.391,23.112],[74.323,23.063],[74.246,23.188],[74.155,23.158],[74.134,23.269],[73.962,23.381],[74.035,23.546],[74.121,23.612],[74.15,23.783],[74.361,23.901],[74.491,23.912]]]},"properties":{"name":"Banswara","state":"Rajasthan","lat":23.499,"lon":74.353,"monitored":""}},{"type":"Feature","geometry":{"type":"Polygon","coordinates":[[[76.589,25.431],[76.681,25.345],[76.893,25.322],[76.942,25.275],[77.075,25.34],[77.205,25.311],[77.283,25.424],[77.361,25.413],[77.336,25.326],[77.418,25.193],[77.399,25.113],[77.17,25.114],[76.854,25.01],[76.949,24.873],[76.802,24.82],[76.847,24.75],[76.963,24.76],[77.059,24.642],[77.05,24.527],[76.965,24.461],[76.913,24.544],[76.846,24.551],[76.814,24.532],[76.841,24.443],[76.609,24.431],[76.533,24.519],[76.527,24.667],[76.475,24.669],[76.439,24.788],[76.492,24.83],[76.561,24.812],[76.572,24.862],[76.417,24.982],[76.31,24.964],[76.217,25.079],[76.326,25.384],[76.589,25.431]]]},"properties":{"name":"Baran","state":"Rajasthan","lat":24.919,"lon":76.708,"monitored":""}},{"type":"Feature","geometry":{"type":"Polygon","coordinates":[[[71.468,26.492],[71.494,26.451],[71.581,26.503],[71.642,26.399],[71.814,26.328],[71.845,26.369],[71.898,26.296],[72.062,26.349],[72.143,26.323],[72.271,26.195],[72.468,26.299],[72.597,26.278],[72.699,26.12],[72.696,26.035],[72.612,25.999],[72.628,25.956],[72.85,25.841],[72.729,25.774],[72.762,25.724],[72.689,25.669],[72.723,25.608],[72.589,25.601],[72.565,25.53],[72.466,25.453],[72.346,25.444],[72.321,25.385],[72.038,25.473],[71.928,25.352],[71.94,25.281],[71.855,25.204],[71.801,25.05],[71.743,25.065],[71.689,24.982],[71.635,25.03],[71.537,24.969],[71.515,25.004],[71.396,24.973],[71.314,24.886],[71.334,24.839],[71.252,24.8],[71.272,24.743],[71.197,24.643],[71.073,24.712],[70.945,24.935],[70.894,25.144],[70.674,25.389],[70.666,25.697],[70.4,25.664],[70.276,25.703],[70.108,25.924],[70.095,26.076],[70.152,26.145],[70.232,26.112],[70.273,26.155],[70.374,26.138],[70.418,26.19],[70.723,26.203],[70.749,26.136],[70.883,26.12],[70.967,26.014],[70.949,26.075],[71.057,26.135],[70.959,26.241],[71.082,26.318],[71.144,26.302],[71.226,26.44],[71.293,26.46],[71.331,26.413],[71.468,26.492]]]},"properties":{"name":"Barmer","state":"Rajasthan","lat":25.565,"lon":71.623,"monitored":""}},{"type":"Feature","geometry":{"type":"Polygon","coordinates":[[[77.151,27.816],[77.301,27.794],[77.335,27.53],[77.43,27.462],[77.432,27.399],[77.616,27.338],[77.592,27.301],[77.672,27.195],[77.502,27.099],[77.514,27.07],[77.627,27.016],[77.678,27.051],[77.714,26.998],[77.755,27.023],[77.736,26.988],[77.422,26.867],[77.429,26.77],[77.464,26.77],[77.377,26.712],[77.342,26.717],[77.344,26.81],[77.198,26.787],[77.071,26.865],[76.979,27.029],[76.964,27.184],[77.09,27.169],[77.039,27.23],[77.2,27.357],[77.006,27.396],[76.873,27.514],[76.919,27.537],[76.966,27.465],[77.052,27.447],[77.012,27.508],[77.058,27.542],[76.953,27.543],[76.928,27.618],[76.975,27.619],[76.994,27.742],[77.079,27.738],[77.021,27.778],[77.038,27.82],[77.127,27.776],[77.151,27.816]]]},"properties":{"name":"Bharatpur","state":"Rajasthan","lat":27.265,"lon":77.351,"monitored":""}},{"type":"Feature","geometry":{"type":"Polygon","coordinates":[[[74.404,25.948],[74.517,25.915],[74.526,25.868],[74.557,25.916],[74.702,25.922],[75.014,25.859],[75.106,25.697],[75.158,25.723],[75.251,25.685],[75.316,25.768],[75.418,25.765],[75.461,25.722],[75.432,25.625],[75.36,25.48],[75.262,25.422],[75.446,25.265],[75.45,25.16],[75.406,25.108],[75.45,25.03],[75.201,25.034],[75.203,25.093],[75.123,25.126],[74.972,25.108],[74.889,25.146],[74.902,25.185],[74.802,25.154],[74.749,25.22],[74.726,25.173],[74.712,25.208],[74.564,25.136],[74.511,25.206],[74.458,25.17],[74.397,25.207],[74.216,25.051],[74.165,25.13],[74.064,25.142],[74.124,25.244],[74.046,25.239],[74.019,25.312],[74.084,25.319],[74.012,25.384],[74.076,25.41],[74.016,25.437],[74.039,25.496],[74.102,25.516],[74.056,25.571],[74.119,25.608],[74.083,25.7],[74.195,25.741],[74.182,25.85],[74.404,25.948]]]},"properties":{"name":"Bhilwara","state":"Rajasthan","lat":25.488,"lon":74.7,"monitored":""}},{"type":"Feature","geometry":{"type":"Polygon","coordinates":[[[73.778,29.04],[73.84,28.938],[73.962,28.976],[73.968,28.904],[74.035,29.012],[74.123,28.876],[74.052,28.778],[74.129,28.796],[74.188,28.712],[74.076,28.67],[74.073,28.426],[74.024,28.385],[74.061,28.33],[73.911,28.291],[73.82,28.33],[73.741,28.269],[73.698,28.144],[73.633,28.115],[73.692,28.061],[73.675,27.922],[73.731,27.957],[73.795,27.905],[73.848,27.552],[73.777,27.509],[73.644,27.567],[73.6,27.489],[73.536,27.494],[73.501,27.333],[73.373,27.26],[73.351,27.186],[73.247,27.325],[73.206,27.277],[73.161,27.294],[73.118,27.407],[72.985,27.382],[72.937,27.446],[72.9,27.413],[72.858,27.441],[72.832,27.581],[72.764,27.521],[72.694,27.602],[72.659,27.53],[72.558,27.615],[72.254,27.457],[72.342,27.688],[72.225,27.653],[72.108,27.7],[72.144,27.868],[72.031,27.944],[71.951,27.906],[71.896,27.957],[71.933,28.127],[72.184,28.358],[72.302,28.665],[72.385,28.764],[72.644,28.899],[72.742,28.779],[73.006,28.711],[73.145,28.782],[73.22,28.851],[73.222,28.928],[73.339,29.004],[73.778,29.04]]]},"properties":{"name":"Bikaner","state":"Rajasthan","lat":28.088,"lon":72.794,"monitored":""}},{"type":"Feature","geometry":{"type":"Polygon","coordinates":[[[76.031,25.867],[76.178,25.715],[76.256,25.674],[76.298,25.699],[76.27,25.516],[76.18,25.497],[76.148,25.34],[76.07,25.354],[75.978,25.235],[75.946,25.28],[75.876,25.229],[75.79,25.262],[75.724,25.128],[75.757,25.105],[75.693,25.034],[75.621,25.0],[75.45,25.027],[75.406,25.108],[75.45,25.16],[75.446,25.265],[75.262,25.422],[75.36,25.48],[75.42,25.69],[75.519,25.751],[75.619,25.681],[75.677,25.759],[75.757,25.761],[75.769,25.827],[75.818,25.801],[75.874,25.869],[75.901,25.819],[76.031,25.867]]]},"properties":{"name":"Bundi","state":"Rajasthan","lat":25.451,"lon":75.741,"monitored":""}},{"type":"Feature","geometry":{"type":"MultiPolygon","coordinates":[[[[75.322,25.013],[75.611,25.021],[75.683,24.932],[75.819,24.871],[75.786,24.766],[75.613,24.688],[75.582,24.723],[75.217,24.722],[75.186,24.768],[75.252,24.837],[75.228,24.848],[75.201,24.884],[75.208,24.91],[75.306,24.813],[75.4,24.855],[75.424,24.893],[75.261,24.89],[75.266,24.962],[75.314,24.9],[75.322,25.013]]],[[[74.749,25.22],[74.835,25.149],[74.902,25.185],[74.889,25.146],[74.972,25.108],[75.033,25.14],[75.203,25.093],[75.119,24.975],[75.119,24.889],[75.043,24.859],[74.833,24.967],[74.849,24.793],[75.007,24.796],[75.02,24.753],[74.893,24.655],[74.799,24.796],[74.775,24.688],[74.817,24.672],[74.712,24.511],[74.858,24.467],[74.753,24.283],[74.894,24.262],[74.881,24.214],[74.993,24.03],[74.906,23.874],[74.94,23.63],[74.803,23.534],[74.697,23.66],[74.784,23.829],[74.693,23.892],[74.551,23.882],[74.515,23.985],[74.557,24.001],[74.582,24.147],[74.437,24.32],[74.382,24.316],[74.347,24.375],[74.376,24.423],[74.322,24.445],[74.353,24.508],[74.218,24.469],[74.291,24.511],[74.279,24.595],[74.223,24.61],[74.251,24.655],[74.207,24.632],[74.157,24.679],[74.173,24.718],[74.107,24.783],[74.107,24.864],[74.203,24.988],[74.307,24.998],[74.319,25.034],[74.259,25.067],[74.379,25.157],[74.373,25.199],[74.458,25.17],[74.511,25.206],[74.564,25.136],[74.712,25.208],[74.726,25.173],[74.749,25.22]]]]},"properties":{"name":"Chittaurgarh","state":"Rajasthan","lat":24.399,"lon":74.59,"monitored":""}},{"type":"Feature","geometry":{"type":"Polygon","coordinates":[[[75.415,29.002],[75.556,28.615],[75.665,28.533],[75.606,28.506],[75.607,28.41],[75.494,28.34],[75.375,28.341],[75.246,28.463],[75.211,28.393],[75.124,28.405],[75.142,28.295],[74.787,28.115],[74.755,27.99],[74.823,27.913],[74.724,27.865],[74.811,27.802],[74.736,27.767],[74.725,27.678],[74.339,27.681],[74.192,27.497],[74.2,27.425],[74.15,27.412],[74.026,27.536],[73.882,27.507],[73.793,27.91],[73.731,27.957],[73.675,27.922],[73.692,28.061],[73.633,28.115],[73.698,28.144],[73.741,28.269],[73.82,28.33],[73.911,28.291],[74.061,28.33],[74.024,28.385],[74.073,28.426],[74.076,28.67],[74.188,28.712],[74.131,28.742],[74.164,28.794],[74.271,28.801],[74.408,28.887],[74.463,28.821],[74.77,28.828],[74.775,28.915],[74.854,28.947],[74.928,28.896],[75.032,28.939],[75.02,28.853],[75.162,28.847],[75.24,28.887],[75.239,28.934],[75.286,28.921],[75.291,28.988],[75.348,28.972],[75.349,28.913],[75.415,29.002]]]},"properties":{"name":"Churu","state":"Rajasthan","lat":28.206,"lon":74.343,"monitored":""}},{"type":"Feature","geometry":{"type":"Polygon","coordinates":[[[76.897,27.231],[76.893,27.168],[76.988,27.112],[77.01,26.934],[77.071,26.865],[76.993,26.803],[76.915,26.913],[76.793,26.96],[76.751,26.875],[76.488,26.735],[76.401,26.558],[76.474,26.498],[76.401,26.382],[76.325,26.456],[76.175,26.49],[76.153,26.697],[76.212,26.722],[76.187,26.761],[76.268,26.872],[76.178,26.88],[76.232,27.021],[76.358,27.061],[76.421,27.138],[76.466,27.084],[76.569,27.182],[76.646,27.171],[76.636,27.1],[76.79,27.142],[76.828,27.082],[76.836,27.212],[76.897,27.231]]]},"properties":{"name":"Dausa","state":"Rajasthan","lat":26.834,"lon":76.457,"monitored":""}},{"type":"Feature","geometry":{"type":"Polygon","coordinates":[[[78.146,26.953],[78.262,26.924],[78.191,26.889],[78.18,26.794],[78.1,26.797],[78.086,26.683],[77.895,26.662],[77.813,26.555],[77.428,26.407],[77.432,26.365],[77.249,26.44],[77.22,26.536],[77.38,26.618],[77.342,26.717],[77.48,26.754],[77.498,26.848],[77.605,26.833],[77.753,26.938],[77.89,26.889],[77.9,26.925],[78.007,26.911],[78.022,26.861],[78.042,26.915],[78.146,26.953]]]},"properties":{"name":"Dhaulpur","state":"Rajasthan","lat":26.64,"lon":77.625,"monitored":""}},{"type":"Feature","geometry":{"type":"Polygon","coordinates":[[[74.146,24.021],[74.228,23.912],[74.304,23.963],[74.385,23.908],[74.15,23.783],[74.121,23.612],[74.035,23.546],[73.928,23.338],[73.832,23.447],[73.765,23.459],[73.726,23.413],[73.704,23.456],[73.633,23.452],[73.661,23.623],[73.577,23.655],[73.513,23.617],[73.509,23.703],[73.361,23.792],[73.578,23.963],[73.844,23.935],[73.92,23.985],[74.087,23.971],[74.146,24.021]]]},"properties":{"name":"Dungarpur","state":"Rajasthan","lat":23.679,"lon":73.821,"monitored":""}},{"type":"Feature","geometry":{"type":"Polygon","coordinates":[[[73.889,29.978],[74.279,29.955],[74.316,29.833],[74.255,29.663],[74.117,29.682],[74.139,29.625],[73.992,29.659],[73.966,29.611],[73.982,29.5],[74.223,29.193],[74.136,29.19],[74.177,29.134],[74.104,29.097],[74.127,28.957],[74.062,28.937],[74.027,29.011],[74.019,28.933],[73.968,28.904],[73.962,28.976],[73.84,28.938],[73.765,29.051],[73.736,29.007],[73.622,29.037],[73.562,28.995],[73.339,29.004],[73.222,28.928],[73.22,28.851],[73.145,28.782],[73.006,28.711],[72.742,28.779],[72.644,28.899],[72.944,29.03],[73.271,29.557],[73.391,29.938],[73.787,30.066],[73.966,30.195],[73.889,29.978]]]},"properties":{"name":"Ganganagar","state":"Rajasthan","lat":29.346,"lon":73.622,"monitored":""}},{"type":"Feature","geometry":{"type":"Polygon","coordinates":[[[74.279,29.955],[74.519,29.943],[74.554,29.866],[74.471,29.802],[74.472,29.744],[74.605,29.753],[74.567,29.563],[74.614,29.527],[74.529,29.45],[74.596,29.328],[74.841,29.404],[74.927,29.365],[74.953,29.282],[75.04,29.287],[75.078,29.232],[75.18,29.269],[75.223,29.235],[75.319,29.293],[75.315,29.236],[75.396,29.262],[75.381,29.07],[75.511,29.011],[75.498,28.941],[75.415,29.002],[75.336,28.916],[75.348,28.972],[75.291,28.988],[75.286,28.921],[75.239,28.934],[75.24,28.887],[75.162,28.847],[75.02,28.853],[75.032,28.939],[74.928,28.896],[74.854,28.947],[74.775,28.915],[74.77,28.828],[74.463,28.821],[74.408,28.887],[74.271,28.801],[74.052,28.778],[74.119,28.839],[74.104,29.097],[74.177,29.134],[74.136,29.19],[74.223,29.193],[73.982,29.5],[73.966,29.611],[73.992,29.659],[74.139,29.625],[74.117,29.682],[74.255,29.663],[74.32,29.81],[74.279,29.955]]]},"properties":{"name":"Hanumangarh","state":"Rajasthan","lat":29.384,"lon":74.319,"monitored":""}},{"type":"Feature","geometry":{"type":"Polygon","coordinates":[[[76.167,27.809],[76.236,27.855],[76.283,27.805],[76.239,27.766],[76.242,27.635],[76.195,27.627],[76.226,27.417],[76.121,27.201],[76.154,27.224],[76.197,27.124],[76.271,27.188],[76.287,27.069],[76.196,26.965],[76.184,26.868],[76.268,26.872],[76.187,26.761],[76.212,26.722],[76.153,26.697],[76.186,26.619],[76.155,26.519],[75.958,26.488],[75.793,26.554],[75.739,26.451],[75.612,26.444],[75.548,26.49],[75.368,26.49],[75.282,26.568],[75.158,26.462],[75.119,26.55],[75.058,26.559],[75.063,26.654],[74.961,26.687],[74.941,26.736],[75.004,26.748],[74.938,26.749],[74.912,26.84],[75.01,26.898],[75.009,26.948],[75.161,26.936],[75.254,27.038],[75.216,27.086],[75.363,27.091],[75.311,27.185],[75.386,27.234],[75.375,27.293],[75.471,27.293],[75.525,27.348],[75.593,27.313],[75.733,27.408],[75.871,27.394],[75.889,27.461],[75.979,27.482],[75.931,27.501],[75.935,27.626],[76.086,27.865],[76.167,27.809]]]},"properties":{"name":"Jaipur","state":"Rajasthan","lat":27.154,"lon":75.756,"monitored":""}},{"type":"Feature","geometry":{"type":"Polygon","coordinates":[[[70.883,27.699],[71.273,27.842],[71.658,27.869],[71.896,27.957],[71.951,27.906],[72.031,27.944],[72.144,27.868],[72.108,27.7],[72.225,27.653],[72.342,27.688],[72.248,27.483],[72.175,27.458],[72.128,27.576],[72.049,27.61],[71.815,27.436],[71.791,27.24],[72.088,27.101],[72.041,26.932],[72.105,26.883],[72.047,26.785],[72.09,26.715],[72.041,26.671],[72.1,26.597],[72.029,26.495],[72.084,26.439],[72.078,26.351],[71.898,26.296],[71.845,26.369],[71.814,26.328],[71.642,26.399],[71.594,26.496],[71.494,26.451],[71.451,26.508],[71.331,26.413],[71.293,26.46],[71.226,26.44],[71.144,26.302],[71.082,26.318],[70.959,26.241],[71.057,26.135],[70.949,26.075],[70.967,26.014],[70.883,26.12],[70.749,26.136],[70.723,26.203],[70.418,26.19],[70.374,26.138],[70.273,26.155],[70.232,26.112],[70.144,26.142],[70.095,26.05],[70.154,25.86],[70.08,26.058],[70.173,26.245],[70.168,26.551],[70.066,26.599],[69.815,26.592],[69.515,26.74],[69.484,26.806],[69.513,27.017],[69.587,27.178],[70.016,27.556],[70.157,27.834],[70.366,28.008],[70.563,28.02],[70.672,27.914],[70.758,27.717],[70.883,27.699]]]},"properties":{"name":"Jaisalmer","state":"Rajasthan","lat":26.974,"lon":70.78,"monitored":""}},{"type":"Feature","geometry":{"type":"Polygon","coordinates":[[[72.871,25.739],[73.099,25.468],[73.009,25.353],[72.939,25.36],[73.0,25.289],[72.981,25.247],[72.83,25.286],[72.691,25.045],[72.509,24.919],[72.501,24.758],[72.406,24.773],[72.332,24.7],[72.331,24.612],[72.165,24.615],[72.052,24.706],[71.944,24.627],[71.876,24.675],[71.858,24.604],[71.799,24.671],[71.662,24.633],[71.488,24.674],[71.298,24.608],[71.197,24.643],[71.272,24.743],[71.252,24.8],[71.334,24.839],[71.314,24.886],[71.396,24.973],[71.515,25.004],[71.537,24.969],[71.635,25.03],[71.689,24.982],[71.743,25.065],[71.801,25.05],[71.855,25.204],[71.94,25.281],[71.928,25.352],[72.038,25.473],[72.321,25.385],[72.346,25.444],[72.466,25.453],[72.565,25.53],[72.589,25.601],[72.723,25.608],[72.689,25.669],[72.762,25.724],[72.725,25.761],[72.758,25.808],[72.871,25.739]]]},"properties":{"name":"Jalor","state":"Rajasthan","lat":25.225,"lon":72.337,"monitored":""}},{"type":"Feature","geometry":{"type":"Polygon","coordinates":[[[76.361,24.876],[76.441,24.835],[76.475,24.669],[76.527,24.667],[76.533,24.519],[76.609,24.431],[76.851,24.437],[76.84,24.339],[76.944,24.206],[76.9,24.131],[76.801,24.12],[76.701,24.171],[76.693,24.285],[76.588,24.25],[76.58,24.181],[76.531,24.163],[76.47,24.231],[76.414,24.207],[76.327,24.254],[76.216,24.217],[76.185,24.332],[76.121,24.196],[76.135,24.095],[75.96,24.025],[75.976,23.933],[75.777,23.854],[75.702,23.904],[75.729,23.858],[75.684,23.761],[75.583,23.8],[75.456,23.921],[75.514,24.049],[75.584,23.992],[75.669,24.034],[75.7,23.969],[75.834,24.075],[75.836,24.111],[75.743,24.14],[75.827,24.246],[75.738,24.348],[75.728,24.407],[75.791,24.475],[75.829,24.423],[75.899,24.442],[75.923,24.555],[76.078,24.581],[76.064,24.672],[76.1,24.7],[76.19,24.628],[76.224,24.836],[76.28,24.812],[76.361,24.876]]]},"properties":{"name":"Jhalawar","state":"Rajasthan","lat":24.308,"lon":76.528,"monitored":""}},{"type":"Feature","geometry":{"type":"Polygon","coordinates":[[[75.608,28.509],[75.785,28.451],[75.77,28.408],[75.922,28.369],[76.092,28.146],[76.028,28.173],[75.942,28.106],[75.977,28.052],[76.036,28.074],[75.97,28.031],[75.963,27.937],[75.763,27.838],[75.682,27.678],[75.642,27.721],[75.53,27.713],[75.371,27.647],[75.374,27.685],[75.283,27.719],[75.284,27.816],[75.235,27.814],[75.19,27.967],[75.096,28.067],[75.122,28.138],[75.021,28.208],[75.142,28.295],[75.124,28.405],[75.211,28.393],[75.227,28.458],[75.375,28.341],[75.494,28.34],[75.607,28.41],[75.608,28.509]]]},"properties":{"name":"Jhunjhunun","state":"Rajasthan","lat":28.09,"lon":75.528,"monitored":""}},{"type":"Feature","geometry":{"type":"Polygon","coordinates":[[[72.568,27.603],[72.659,27.53],[72.694,27.602],[72.764,27.521],[72.832,27.581],[72.823,27.476],[72.881,27.475],[72.856,27.443],[72.9,27.413],[72.937,27.446],[72.982,27.383],[73.143,27.389],[73.13,27.234],[73.19,27.056],[73.113,26.953],[73.19,26.881],[73.496,26.887],[73.629,26.84],[73.72,26.54],[73.871,26.432],[73.789,26.321],[73.802,26.099],[73.733,26.114],[73.685,26.063],[73.628,26.148],[73.522,26.104],[73.529,26.064],[73.393,26.163],[73.321,26.005],[73.193,26.086],[73.187,26.033],[73.05,26.013],[72.959,25.901],[72.808,25.852],[72.628,25.956],[72.612,25.999],[72.696,26.035],[72.699,26.12],[72.597,26.278],[72.468,26.299],[72.271,26.195],[72.094,26.322],[72.084,26.439],[72.029,26.495],[72.1,26.597],[72.041,26.671],[72.09,26.715],[72.047,26.785],[72.105,26.883],[72.041,26.932],[72.088,27.101],[71.791,27.24],[71.815,27.436],[72.049,27.61],[72.128,27.576],[72.175,27.458],[72.295,27.539],[72.251,27.503],[72.266,27.454],[72.448,27.582],[72.568,27.603]]]},"properties":{"name":"Jodhpur","state":"Rajasthan","lat":26.75,"lon":72.862,"monitored":""}},{"type":"Feature","geometry":{"type":"Polygon","coordinates":[[[76.982,26.818],[77.098,26.879],[77.198,26.787],[77.252,26.824],[77.287,26.785],[77.348,26.806],[77.34,26.646],[77.383,26.622],[77.22,26.536],[77.252,26.436],[77.324,26.437],[77.366,26.372],[76.838,26.036],[76.702,26.171],[76.568,26.222],[76.676,26.398],[76.904,26.563],[76.955,26.55],[76.939,26.657],[76.692,26.514],[76.446,26.645],[76.509,26.759],[76.751,26.875],[76.793,26.96],[76.915,26.913],[76.982,26.818]]]},"properties":{"name":"Karauli","state":"Rajasthan","lat":26.475,"lon":77.011,"monitored":""}},{"type":"Feature","geometry":{"type":"Polygon","coordinates":[[[76.359,25.743],[76.567,25.84],[76.478,25.695],[76.578,25.407],[76.326,25.384],[76.214,25.089],[76.31,24.964],[76.417,24.982],[76.572,24.862],[76.569,24.821],[76.439,24.788],[76.441,24.835],[76.361,24.876],[76.28,24.812],[76.254,24.851],[76.19,24.628],[76.1,24.7],[76.064,24.672],[76.078,24.581],[75.921,24.544],[75.828,24.613],[75.839,24.73],[75.786,24.766],[75.819,24.871],[75.621,25.0],[75.74,25.076],[75.733,25.17],[75.79,25.262],[75.876,25.229],[75.946,25.28],[75.978,25.235],[76.07,25.354],[76.148,25.34],[76.18,25.497],[76.27,25.516],[76.321,25.655],[76.141,25.75],[76.196,25.847],[76.245,25.799],[76.317,25.814],[76.359,25.743]]]},"properties":{"name":"Kota","state":"Rajasthan","lat":25.2,"lon":76.004,"monitored":""}},{"type":"Feature","geometry":{"type":"Polygon","coordinates":[[[74.607,27.67],[74.675,27.67],[74.701,27.595],[74.75,27.593],[74.718,27.504],[74.852,27.453],[74.874,27.314],[75.113,27.38],[75.154,27.284],[75.067,27.223],[75.196,27.132],[75.311,27.163],[75.363,27.091],[75.216,27.086],[75.254,27.038],[75.161,26.936],[75.009,26.948],[74.988,26.892],[74.956,26.963],[74.848,26.978],[74.775,26.793],[74.694,26.774],[74.662,26.714],[74.72,26.705],[74.67,26.597],[74.615,26.569],[74.59,26.632],[74.462,26.489],[74.157,26.413],[74.121,26.458],[74.094,26.417],[73.879,26.428],[73.72,26.54],[73.624,26.845],[73.496,26.887],[73.212,26.868],[73.117,26.941],[73.19,27.056],[73.13,27.234],[73.161,27.294],[73.206,27.277],[73.247,27.325],[73.351,27.186],[73.373,27.26],[73.501,27.333],[73.526,27.485],[73.604,27.493],[73.639,27.565],[73.777,27.509],[73.848,27.552],[73.898,27.497],[74.026,27.536],[74.15,27.412],[74.2,27.425],[74.192,27.497],[74.339,27.681],[74.543,27.664],[74.605,27.708],[74.607,27.67]]]},"properties":{"name":"Nagaur","state":"Rajasthan","lat":27.071,"lon":74.206,"monitored":""}},{"type":"Feature","geometry":{"type":"Polygon","coordinates":[[[74.157,26.413],[74.288,26.451],[74.302,26.385],[74.251,26.288],[74.302,26.254],[74.387,26.281],[74.367,26.192],[74.271,26.176],[74.302,26.138],[74.241,26.052],[74.181,26.031],[74.161,26.068],[74.124,25.963],[74.156,25.919],[74.106,25.854],[73.95,25.843],[73.902,25.676],[73.741,25.392],[73.613,25.287],[73.595,25.194],[73.399,25.075],[73.33,24.909],[73.147,24.757],[73.146,24.843],[73.003,24.927],[73.143,25.101],[73.047,25.162],[73.052,25.104],[73.004,25.101],[72.95,25.165],[72.978,25.223],[72.941,25.23],[73.001,25.281],[72.939,25.36],[73.009,25.353],[73.099,25.468],[73.058,25.56],[72.781,25.807],[72.844,25.819],[72.857,25.898],[73.033,25.951],[73.05,26.013],[73.187,26.033],[73.193,26.086],[73.321,26.005],[73.393,26.163],[73.529,26.064],[73.522,26.104],[73.628,26.148],[73.685,26.063],[73.733,26.114],[73.802,26.099],[73.789,26.321],[73.871,26.432],[74.039,26.411],[74.121,26.458],[74.157,26.413]]]},"properties":{"name":"Pali","state":"Rajasthan","lat":25.618,"lon":73.431,"monitored":""}},{"type":"Feature","geometry":{"type":"Polygon","coordinates":[[[74.125,25.864],[74.214,25.808],[74.195,25.741],[74.076,25.679],[74.126,25.65],[74.056,25.571],[74.092,25.496],[74.044,25.501],[74.016,25.44],[74.076,25.414],[74.013,25.377],[74.084,25.319],[74.023,25.318],[74.027,25.274],[74.124,25.244],[74.064,25.142],[74.322,25.029],[74.203,24.988],[74.098,24.866],[74.001,24.919],[73.949,24.855],[73.844,24.913],[73.784,24.787],[73.819,24.761],[73.749,24.738],[73.759,24.668],[73.708,24.745],[73.655,24.709],[73.655,24.785],[73.511,24.98],[73.532,25.011],[73.475,25.021],[73.494,25.118],[73.741,25.392],[73.864,25.652],[73.987,25.671],[74.012,25.705],[73.979,25.718],[74.092,25.769],[74.055,25.831],[74.125,25.864]]]},"properties":{"name":"Rajsamand","state":"Rajasthan","lat":25.259,"lon":73.848,"monitored":""}},{"type":"Feature","geometry":{"type":"Polygon","coordinates":[[[76.939,26.657],[76.955,26.55],[76.904,26.563],[76.777,26.48],[76.583,26.27],[76.577,26.212],[76.702,26.171],[76.838,26.036],[76.733,25.903],[76.487,25.846],[76.359,25.743],[76.319,25.827],[76.217,25.867],[76.245,26.024],[76.139,25.97],[76.065,26.0],[76.109,26.048],[76.087,26.118],[75.989,26.12],[75.979,26.215],[76.098,26.244],[76.139,26.303],[76.145,26.473],[76.317,26.459],[76.401,26.382],[76.475,26.504],[76.401,26.558],[76.446,26.645],[76.692,26.514],[76.939,26.657]]]},"properties":{"name":"Sawai Madhopur","state":"Rajasthan","lat":26.192,"lon":76.311,"monitored":""}},{"type":"Feature","geometry":{"type":"Polygon","coordinates":[[[75.005,28.198],[75.122,28.138],[75.096,28.067],[75.19,27.967],[75.235,27.814],[75.284,27.816],[75.283,27.719],[75.374,27.685],[75.371,27.647],[75.53,27.713],[75.642,27.721],[75.682,27.678],[75.763,27.838],[75.924,27.933],[75.977,27.909],[75.963,27.865],[76.08,27.851],[75.935,27.626],[75.931,27.501],[75.979,27.482],[75.889,27.461],[75.871,27.394],[75.733,27.408],[75.593,27.313],[75.525,27.348],[75.471,27.293],[75.375,27.293],[75.386,27.234],[75.317,27.212],[75.277,27.127],[75.067,27.223],[75.154,27.284],[75.113,27.38],[74.874,27.314],[74.852,27.453],[74.718,27.504],[74.756,27.583],[74.701,27.595],[74.675,27.67],[74.739,27.688],[74.736,27.767],[74.811,27.802],[74.724,27.865],[74.823,27.913],[74.755,27.99],[74.787,28.115],[74.886,28.194],[75.005,28.198]]]},"properties":{"name":"Sikar","state":"Rajasthan","lat":27.658,"lon":75.026,"monitored":""}},{"type":"Feature","geometry":{"type":"Polygon","coordinates":[[[72.839,25.281],[72.978,25.223],[72.95,25.165],[73.004,25.101],[73.052,25.104],[73.047,25.162],[73.143,25.101],[73.003,24.927],[73.163,24.818],[73.141,24.688],[72.981,24.451],[72.991,24.364],[72.924,24.326],[72.733,24.361],[72.697,24.457],[72.545,24.507],[72.508,24.41],[72.465,24.407],[72.442,24.504],[72.251,24.58],[72.349,24.602],[72.316,24.661],[72.378,24.759],[72.501,24.758],[72.51,24.921],[72.691,25.045],[72.839,25.281]]]},"properties":{"name":"Sirohi","state":"Rajasthan","lat":24.789,"lon":72.83,"monitored":""}},{"type":"Feature","geometry":{"type":"Polygon","coordinates":[[[75.287,26.565],[75.368,26.49],[75.548,26.49],[75.612,26.444],[75.739,26.451],[75.793,26.554],[75.958,26.488],[76.146,26.53],[76.175,26.49],[76.134,26.463],[76.139,26.303],[76.098,26.244],[75.979,26.215],[75.989,26.12],[76.087,26.118],[76.109,26.048],[76.065,26.0],[76.139,25.97],[76.245,26.024],[76.217,25.867],[76.317,25.814],[76.245,25.799],[76.196,25.847],[76.161,25.764],[76.011,25.886],[75.943,25.821],[75.901,25.819],[75.889,25.873],[75.818,25.801],[75.769,25.827],[75.757,25.761],[75.677,25.759],[75.619,25.681],[75.519,25.751],[75.461,25.722],[75.4,25.778],[75.316,25.768],[75.351,25.834],[75.26,25.857],[75.243,25.913],[75.351,26.018],[75.303,26.073],[75.336,26.134],[75.279,26.143],[75.242,26.082],[75.184,26.113],[75.11,26.288],[75.17,26.472],[75.287,26.565]]]},"properties":{"name":"Tonk","state":"Rajasthan","lat":26.127,"lon":75.66,"monitored":""}},{"type":"Feature","geometry":{"type":"Polygon","coordinates":[[[73.501,25.096],[73.475,25.021],[73.532,25.011],[73.511,24.98],[73.655,24.785],[73.655,24.709],[73.708,24.745],[73.759,24.668],[73.749,24.738],[73.819,24.761],[73.784,24.787],[73.844,24.913],[73.949,24.855],[74.001,24.919],[74.091,24.865],[74.147,24.888],[74.107,24.864],[74.119,24.742],[74.279,24.595],[74.291,24.511],[74.216,24.472],[74.353,24.508],[74.322,24.445],[74.376,24.423],[74.347,24.375],[74.382,24.316],[74.437,24.32],[74.582,24.147],[74.557,24.001],[74.515,23.985],[74.556,23.885],[74.304,23.963],[74.228,23.912],[74.146,24.021],[74.087,23.971],[73.92,23.985],[73.844,23.935],[73.578,23.963],[73.468,23.844],[73.37,23.814],[73.425,23.931],[73.373,24.128],[73.291,24.027],[73.201,24.045],[73.224,24.098],[73.081,24.192],[73.231,24.365],[73.127,24.369],[73.085,24.394],[73.099,24.491],[73.01,24.491],[73.143,24.753],[73.332,24.913],[73.356,25.024],[73.418,25.089],[73.501,25.096]]]},"properties":{"name":"Udaipur","state":"Rajasthan","lat":24.458,"lon":73.711,"monitored":""}},{"type":"Feature","geometry":{"type":"Polygon","coordinates":[[[88.806,27.414],[88.922,27.326],[88.733,27.137],[88.684,27.18],[88.499,27.185],[88.439,27.267],[88.518,27.397],[88.806,27.414]]]},"properties":{"name":"East","state":"Sikkim","lat":27.296,"lon":88.675,"monitored":""}},{"type":"Feature","geometry":{"type":"Polygon","coordinates":[[[88.612,28.13],[88.829,28.015],[88.881,27.893],[88.847,27.669],[88.767,27.567],[88.806,27.414],[88.481,27.378],[88.35,27.521],[88.276,27.513],[88.117,27.614],[88.204,27.842],[88.114,27.918],[88.135,27.963],[88.244,27.949],[88.538,28.039],[88.612,28.13]]]},"properties":{"name":"North Sikkim","state":"Sikkim","lat":27.756,"lon":88.516,"monitored":""}},{"type":"Feature","geometry":{"type":"Polygon","coordinates":[[[88.481,27.378],[88.437,27.274],[88.53,27.15],[88.432,27.082],[88.278,27.131],[88.33,27.195],[88.274,27.286],[88.353,27.39],[88.274,27.406],[88.266,27.504],[88.35,27.521],[88.481,27.378]]]},"properties":{"name":"South Sikkim","state":"Sikkim","lat":27.332,"lon":88.385,"monitored":""}},{"type":"Feature","geometry":{"type":"Polygon","coordinates":[[[88.274,27.406],[88.352,27.399],[88.273,27.282],[88.326,27.189],[88.24,27.12],[88.089,27.139],[88.075,27.201],[88.017,27.219],[88.095,27.597],[88.204,27.582],[88.276,27.513],[88.274,27.406]]]},"properties":{"name":"West Sikkim","state":"Sikkim","lat":27.341,"lon":88.178,"monitored":""}},{"type":"Feature","geometry":{"type":"Polygon","coordinates":[[[79.307,11.406],[79.484,11.298],[79.489,11.189],[79.205,10.929],[78.991,10.876],[78.923,10.949],[79.054,11.093],[79.116,11.319],[79.307,11.406]]]},"properties":{"name":"Ariyalur","state":"Tamil Nadu","lat":11.141,"lon":79.252,"monitored":""}},{"type":"Feature","geometry":{"type":"Polygon","coordinates":[[[80.25,13.126],[80.306,13.1],[80.262,12.954],[80.21,12.952],[80.173,13.061],[80.25,13.126]]]},"properties":{"name":"Chennai","state":"Tamil Nadu","lat":13.008,"lon":80.235,"monitored":""}},{"type":"Feature","geometry":{"type":"Polygon","coordinates":[[[77.1,11.381],[77.155,11.305],[77.22,11.34],[77.19,11.288],[77.272,11.331],[77.32,11.246],[77.353,11.306],[77.393,11.189],[77.363,11.117],[77.439,11.111],[77.49,11.014],[77.265,10.792],[77.309,10.681],[77.404,10.616],[77.354,10.534],[77.391,10.513],[77.371,10.44],[77.307,10.425],[77.334,10.253],[77.247,10.221],[77.222,10.34],[77.163,10.346],[76.971,10.209],[76.82,10.295],[76.803,10.614],[76.873,10.629],[76.888,10.8],[76.647,10.929],[76.707,11.031],[76.782,11.029],[76.793,11.047],[76.737,11.048],[76.692,11.247],[76.846,11.284],[76.882,11.357],[77.1,11.381]]]},"properties":{"name":"Coimbatore","state":"Tamil Nadu","lat":10.796,"lon":77.078,"monitored":""}},{"type":"Feature","geometry":{"type":"Polygon","coordinates":[[[79.696,11.873],[79.801,11.808],[79.757,11.564],[79.814,11.419],[79.636,11.285],[79.633,11.235],[79.443,11.135],[79.498,11.212],[79.485,11.297],[79.379,11.341],[79.354,11.405],[79.229,11.356],[78.95,11.388],[78.861,11.492],[78.909,11.552],[79.064,11.584],[79.056,11.616],[79.17,11.572],[79.235,11.637],[79.43,11.65],[79.451,11.753],[79.417,11.762],[79.469,11.793],[79.441,11.856],[79.632,11.783],[79.696,11.873]]]},"properties":{"name":"Cuddalore","state":"Tamil Nadu","lat":11.522,"lon":79.329,"monitored":""}},{"type":"Feature","geometry":{"type":"Polygon","coordinates":[[[77.929,12.875],[77.91,12.82],[77.946,12.849],[78.001,12.795],[78.047,12.842],[78.121,12.77],[78.221,12.753],[78.19,12.681],[78.264,12.692],[78.398,12.614],[78.424,12.382],[78.601,12.34],[78.592,12.255],[78.631,12.27],[78.66,12.212],[78.62,12.118],[78.734,12.113],[78.693,11.878],[78.529,11.789],[78.393,11.861],[78.316,11.761],[78.347,11.893],[78.298,11.865],[78.315,11.914],[78.226,11.902],[78.223,11.964],[77.962,11.882],[77.665,11.94],[77.767,12.109],[77.72,12.172],[77.482,12.19],[77.464,12.244],[77.606,12.36],[77.59,12.658],[77.731,12.664],[77.789,12.839],[77.929,12.875]]]},"properties":{"name":"Dharmapuri","state":"Tamil Nadu","lat":12.305,"lon":78.068,"monitored":""}},{"type":"Feature","geometry":{"type":"Polygon","coordinates":[[[78.162,10.822],[78.118,10.562],[78.182,10.535],[78.156,10.49],[78.192,10.46],[78.299,10.426],[78.262,10.369],[78.321,10.314],[78.243,10.074],[78.154,10.081],[78.125,10.171],[78.014,10.168],[77.904,10.063],[77.695,10.01],[77.652,10.111],[77.714,10.121],[77.688,10.204],[77.533,10.193],[77.45,10.118],[77.38,10.149],[77.253,10.111],[77.283,10.242],[77.336,10.266],[77.311,10.44],[77.371,10.44],[77.391,10.513],[77.354,10.534],[77.404,10.616],[77.468,10.639],[77.526,10.597],[77.676,10.723],[77.709,10.62],[77.775,10.674],[77.816,10.621],[77.965,10.627],[78.002,10.707],[77.925,10.755],[78.083,10.753],[78.162,10.822]]]},"properties":{"name":"Dindigul","state":"Tamil Nadu","lat":10.398,"lon":77.799,"monitored":""}},{"type":"Feature","geometry":{"type":"Polygon","coordinates":[[[77.647,11.939],[77.675,11.872],[77.638,11.805],[77.711,11.782],[77.68,11.635],[77.764,11.683],[77.672,11.404],[77.849,11.234],[77.876,11.071],[77.918,11.057],[77.853,11.011],[77.769,11.052],[77.737,10.969],[77.761,10.856],[77.847,10.835],[77.876,10.778],[77.762,10.779],[77.81,10.74],[77.795,10.669],[77.705,10.622],[77.676,10.723],[77.496,10.596],[77.468,10.639],[77.351,10.642],[77.263,10.783],[77.277,10.845],[77.409,10.903],[77.489,11.008],[77.439,11.111],[77.363,11.117],[77.393,11.189],[77.353,11.306],[77.32,11.246],[77.272,11.331],[77.155,11.305],[77.098,11.397],[76.954,11.374],[77.004,11.428],[76.997,11.535],[76.842,11.571],[76.828,11.638],[76.9,11.783],[77.004,11.803],[77.109,11.713],[77.103,11.763],[77.242,11.802],[77.419,11.751],[77.484,11.932],[77.647,11.939]]]},"properties":{"name":"Erode","state":"Tamil Nadu","lat":11.275,"lon":77.585,"monitored":""}},{"type":"Feature","geometry":{"type":"MultiPolygon","coordinates":[[[[80.08,13.122],[80.134,13.016],[80.262,12.954],[80.254,12.779],[80.145,12.446],[80.051,12.326],[80.064,12.35],[80.058,12.367],[80.017,12.34],[80.063,12.351],[80.009,12.256],[80.012,12.273],[79.885,12.215],[79.785,12.322],[79.631,12.332],[79.726,12.419],[79.743,12.504],[79.623,12.631],[79.732,12.68],[79.702,12.713],[79.733,12.729],[79.665,12.778],[79.643,12.751],[79.548,12.868],[79.785,13.013],[79.811,12.95],[79.881,12.933],[79.883,12.981],[79.93,12.99],[79.89,13.037],[79.977,13.018],[80.0,13.118],[80.08,13.122]]],[[[79.995,12.25],[79.995,12.249],[79.995,12.25],[79.995,12.25]]],[[[79.987,12.25],[79.992,12.25],[79.985,12.245],[79.987,12.25]]],[[[79.966,12.225],[79.966,12.226],[79.966,12.226],[79.966,12.225]]],[[[79.966,12.225],[79.966,12.225],[79.966,12.225],[79.966,12.225]]],[[[79.964,12.223],[79.964,12.224],[79.964,12.224],[79.964,12.223]]],[[[79.963,12.223],[79.964,12.223],[79.963,12.223],[79.963,12.223]]],[[[79.965,12.224],[79.964,12.224],[79.965,12.224],[79.965,12.224]]],[[[79.963,12.223],[79.962,12.222],[79.962,12.223],[79.963,12.223]]]]},"properties":{"name":"Kancheepuram","state":"Tamil Nadu","lat":12.656,"lon":79.945,"monitored":""}},{"type":"Feature","geometry":{"type":"MultiPolygon","coordinates":[[[[77.252,8.571],[77.423,8.495],[77.458,8.387],[77.519,8.379],[77.552,8.077],[77.316,8.121],[77.091,8.297],[77.16,8.313],[77.135,8.379],[77.21,8.438],[77.186,8.493],[77.248,8.501],[77.252,8.571]]],[[[77.553,8.079],[77.556,8.077],[77.553,8.077],[77.553,8.079]]]]},"properties":{"name":"Kanniyakumari","state":"Tamil Nadu","lat":8.346,"lon":77.335,"monitored":""}},{"type":"Feature","geometry":{"type":"Polygon","coordinates":[[[77.973,11.079],[78.184,10.948],[78.367,10.953],[78.534,10.863],[78.571,10.817],[78.53,10.785],[78.549,10.719],[78.4,10.661],[78.362,10.713],[78.279,10.691],[78.268,10.733],[78.243,10.563],[78.155,10.542],[78.118,10.562],[78.158,10.823],[78.083,10.753],[77.925,10.755],[78.002,10.707],[77.965,10.627],[77.816,10.621],[77.81,10.74],[77.76,10.774],[77.787,10.794],[77.854,10.76],[77.876,10.778],[77.847,10.835],[77.758,10.86],[77.763,11.044],[77.858,11.011],[77.973,11.079]]]},"properties":{"name":"Karur","state":"Tamil Nadu","lat":10.806,"lon":78.356,"monitored":""}},{"type":"Feature","geometry":{"type":"Polygon","coordinates":[[[78.318,10.288],[78.407,10.256],[78.387,10.125],[78.454,10.103],[78.412,10.04],[78.441,9.956],[78.36,9.951],[78.296,9.853],[78.236,9.861],[78.242,9.822],[78.187,9.863],[78.109,9.843],[78.115,9.801],[78.176,9.795],[78.159,9.759],[78.129,9.795],[78.123,9.749],[78.075,9.768],[78.066,9.651],[77.885,9.614],[77.614,9.697],[77.448,9.569],[77.682,10.003],[78.105,10.178],[78.195,10.053],[78.243,10.074],[78.318,10.288]]]},"properties":{"name":"Madurai","state":"Tamil Nadu","lat":9.907,"lon":77.981,"monitored":""}},{"type":"Feature","geometry":{"type":"MultiPolygon","coordinates":[[[[79.677,10.905],[79.851,10.814],[79.884,10.306],[79.836,10.275],[79.637,10.318],[79.649,10.442],[79.719,10.517],[79.684,10.616],[79.747,10.633],[79.716,10.657],[79.751,10.674],[79.741,10.763],[79.797,10.793],[79.642,10.823],[79.677,10.905]]],[[[79.814,11.419],[79.847,11.245],[79.805,11.236],[79.84,11.229],[79.848,11.243],[79.855,10.976],[79.634,10.998],[79.51,10.943],[79.499,11.025],[79.557,11.13],[79.507,11.166],[79.814,11.419]]],[[[79.837,11.233],[79.842,11.235],[79.842,11.234],[79.837,11.233]]],[[[79.825,11.237],[79.828,11.236],[79.824,11.235],[79.825,11.237]]]]},"properties":{"name":"Nagapattinam","state":"Tamil Nadu","lat":11.198,"lon":79.697,"monitored":""}},{"type":"Feature","geometry":{"type":"Polygon","coordinates":[[[78.438,11.582],[78.414,11.372],[78.472,11.388],[78.407,11.199],[78.311,11.086],[78.33,11.013],[78.226,11.081],[78.154,11.0],[78.076,11.066],[77.879,11.066],[77.849,11.234],[77.672,11.404],[77.757,11.469],[77.861,11.398],[77.959,11.455],[77.969,11.516],[78.292,11.574],[78.318,11.519],[78.438,11.582]]]},"properties":{"name":"Namakkal","state":"Tamil Nadu","lat":11.303,"lon":78.11,"monitored":""}},{"type":"Feature","geometry":{"type":"Polygon","coordinates":[[[76.525,11.686],[76.575,11.606],[76.963,11.556],[77.002,11.425],[76.942,11.354],[76.847,11.336],[76.846,11.284],[76.7,11.254],[76.623,11.186],[76.453,11.18],[76.538,11.352],[76.41,11.434],[76.24,11.46],[76.226,11.564],[76.525,11.686]]]},"properties":{"name":"Nilgiris","state":"Tamil Nadu","lat":11.429,"lon":76.709,"monitored":""}},{"type":"Feature","geometry":{"type":"Polygon","coordinates":[[[78.861,11.492],[78.95,11.388],[79.155,11.364],[79.127,11.275],[79.005,11.048],[78.793,11.067],[78.747,11.109],[78.697,11.041],[78.638,11.155],[78.736,11.272],[78.618,11.319],[78.674,11.364],[78.637,11.407],[78.702,11.441],[78.784,11.371],[78.797,11.491],[78.861,11.492]]]},"properties":{"name":"Perambalur","state":"Tamil Nadu","lat":11.213,"lon":78.891,"monitored":""}},{"type":"Feature","geometry":{"type":"Polygon","coordinates":[[[78.673,10.719],[78.773,10.634],[78.855,10.693],[78.949,10.639],[78.983,10.709],[79.174,10.564],[79.113,10.48],[79.178,10.448],[79.111,10.419],[79.099,10.223],[79.17,10.191],[79.135,10.148],[79.237,10.129],[79.267,10.038],[79.096,9.831],[79.027,9.846],[78.972,9.932],[78.995,9.969],[78.912,10.008],[78.95,10.112],[78.829,10.112],[78.793,10.198],[78.665,10.134],[78.63,10.245],[78.564,10.272],[78.5,10.177],[78.434,10.233],[78.498,10.253],[78.505,10.418],[78.573,10.452],[78.564,10.509],[78.482,10.472],[78.435,10.593],[78.621,10.694],[78.647,10.641],[78.673,10.719]]]},"properties":{"name":"Pudukkottai","state":"Tamil Nadu","lat":10.345,"lon":78.804,"monitored":""}},{"type":"Feature","geometry":{"type":"MultiPolygon","coordinates":[[[[79.53,9.386],[79.53,9.387],[79.53,9.387],[79.53,9.386]]],[[[79.53,9.386],[79.53,9.386],[79.53,9.386],[79.53,9.386]]],[[[79.53,9.389],[79.53,9.389],[79.53,9.388],[79.53,9.389]]],[[[79.53,9.389],[79.53,9.389],[79.53,9.389],[79.53,9.389]]],[[[79.529,9.39],[79.529,9.39],[79.529,9.389],[79.529,9.39]]],[[[79.529,9.39],[79.528,9.39],[79.529,9.39],[79.529,9.39]]],[[[79.529,9.389],[79.53,9.389],[79.53,9.389],[79.529,9.389]]],[[[79.529,9.384],[79.529,9.384],[79.529,9.384],[79.529,9.384]]],[[[79.312,9.328],[79.326,9.262],[79.44,9.158],[79.299,9.247],[79.215,9.254],[79.312,9.328]]],[[[79.235,9.24],[79.238,9.244],[79.239,9.241],[79.235,9.24]]],[[[79.208,9.249],[79.222,9.247],[79.201,9.241],[79.208,9.249]]],[[[79.181,9.24],[79.183,9.242],[79.202,9.234],[79.181,9.24]]],[[[78.363,9.085],[78.363,9.085],[78.363,9.085],[78.363,9.085]]],[[[78.363,9.085],[78.257,9.129],[78.253,9.19],[78.264,9.263],[78.359,9.265],[78.357,9.306],[78.278,9.377],[78.226,9.365],[78.201,9.433],[78.337,9.448],[78.308,9.506],[78.366,9.504],[78.35,9.56],[78.423,9.605],[78.642,9.506],[78.66,9.585],[78.801,9.58],[78.779,9.692],[78.682,9.735],[78.717,9.755],[78.697,9.877],[78.807,9.858],[78.811,9.708],[78.874,9.751],[78.855,9.848],[78.905,9.908],[78.972,9.932],[79.027,9.846],[79.096,9.831],[78.935,9.608],[78.898,9.478],[79.047,9.31],[79.191,9.282],[78.833,9.269],[78.657,9.158],[78.489,9.15],[78.363,9.085]]],[[[79.139,9.214],[79.141,9.213],[79.138,9.212],[79.139,9.214]]],[[[79.121,9.216],[79.135,9.217],[79.136,9.215],[79.121,9.216]]],[[[79.058,9.197],[79.086,9.194],[79.089,9.2],[79.092,9.196],[79.085,9.192],[79.058,9.197]]],[[[78.965,9.188],[78.971,9.186],[78.968,9.184],[78.965,9.188]]],[[[78.905,9.183],[78.932,9.182],[78.907,9.181],[78.903,9.178],[78.898,9.179],[78.905,9.183]]],[[[78.815,9.158],[78.828,9.165],[78.82,9.158],[78.815,9.158]]],[[[78.729,9.152],[78.732,9.155],[78.732,9.151],[78.729,9.152]]],[[[78.694,9.155],[78.697,9.151],[78.693,9.151],[78.694,9.155]]],[[[78.577,9.11],[78.586,9.109],[78.572,9.102],[78.577,9.11]]],[[[78.538,9.106],[78.538,9.103],[78.535,9.102],[78.538,9.106]]],[[[78.488,9.09],[78.495,9.091],[78.493,9.086],[78.488,9.09]]],[[[78.485,9.133],[78.487,9.131],[78.485,9.131],[78.485,9.133]]]]},"properties":{"name":"Ramanathapuram","state":"Tamil Nadu","lat":9.533,"lon":78.781,"monitored":""}},{"type":"Feature","geometry":{"type":"Polygon","coordinates":[[[78.223,11.964],[78.226,11.902],[78.315,11.914],[78.298,11.865],[78.347,11.893],[78.316,11.761],[78.404,11.864],[78.529,11.789],[78.613,11.852],[78.681,11.834],[78.627,11.748],[78.633,11.644],[78.79,11.673],[78.765,11.591],[78.83,11.507],[78.784,11.371],[78.702,11.441],[78.564,11.302],[78.472,11.397],[78.414,11.372],[78.438,11.582],[78.318,11.519],[78.292,11.574],[77.969,11.516],[77.959,11.455],[77.861,11.398],[77.818,11.454],[77.684,11.448],[77.764,11.683],[77.68,11.635],[77.711,11.782],[77.638,11.805],[77.665,11.94],[77.962,11.882],[78.223,11.964]]]},"properties":{"name":"Salem","state":"Tamil Nadu","lat":11.613,"lon":78.256,"monitored":""}},{"type":"Feature","geometry":{"type":"Polygon","coordinates":[[[78.475,10.376],[78.498,10.253],[78.434,10.233],[78.469,10.239],[78.472,10.177],[78.564,10.272],[78.63,10.245],[78.665,10.134],[78.793,10.198],[78.829,10.112],[78.95,10.112],[78.912,10.008],[78.996,9.965],[78.864,9.868],[78.882,9.77],[78.811,9.708],[78.807,9.858],[78.697,9.877],[78.717,9.755],[78.682,9.735],[78.779,9.692],[78.804,9.602],[78.66,9.585],[78.642,9.506],[78.446,9.609],[78.4,9.584],[78.271,9.707],[78.279,9.749],[78.15,9.737],[78.126,9.795],[78.159,9.759],[78.176,9.795],[78.115,9.801],[78.138,9.861],[78.242,9.822],[78.236,9.861],[78.296,9.853],[78.36,9.951],[78.441,9.956],[78.412,10.04],[78.454,10.103],[78.387,10.125],[78.407,10.256],[78.364,10.297],[78.43,10.395],[78.475,10.376]]]},"properties":{"name":"Sivaganga","state":"Tamil Nadu","lat":9.914,"lon":78.631,"monitored":""}},{"type":"Feature","geometry":{"type":"MultiPolygon","coordinates":[[[[79.486,10.336],[79.457,10.321],[79.518,10.315],[79.386,10.317],[79.295,10.261],[79.23,10.132],[79.135,10.148],[79.17,10.191],[79.099,10.223],[79.111,10.419],[79.178,10.448],[79.113,10.48],[79.174,10.564],[78.983,10.709],[78.949,10.639],[78.892,10.658],[78.851,10.812],[78.762,10.819],[79.197,10.925],[79.521,11.163],[79.557,11.13],[79.469,10.853],[79.314,10.903],[79.286,10.865],[79.3,10.646],[79.339,10.632],[79.333,10.569],[79.437,10.542],[79.406,10.527],[79.467,10.472],[79.444,10.36],[79.486,10.336]]],[[[79.486,10.336],[79.486,10.336],[79.486,10.336],[79.486,10.336]]],[[[79.515,10.321],[79.515,10.321],[79.515,10.321],[79.515,10.321]]],[[[79.509,10.324],[79.508,10.324],[79.508,10.325],[79.509,10.324]]]]},"properties":{"name":"Thanjavur","state":"Tamil Nadu","lat":10.652,"lon":79.179,"monitored":""}},{"type":"Feature","geometry":{"type":"Polygon","coordinates":[[[77.608,10.205],[77.694,10.196],[77.714,10.121],[77.652,10.111],[77.695,10.01],[77.463,9.542],[77.371,9.509],[77.341,9.595],[77.255,9.565],[77.156,9.602],[77.234,9.789],[77.204,9.894],[77.261,9.964],[77.195,10.106],[77.38,10.149],[77.45,10.118],[77.608,10.205]]]},"properties":{"name":"Theni","state":"Tamil Nadu","lat":9.841,"lon":77.415,"monitored":""}},{"type":"Feature","geometry":{"type":"MultiPolygon","coordinates":[[[[79.99,13.527],[80.241,13.47],[80.312,13.369],[80.316,13.428],[80.33,13.387],[80.324,13.371],[80.329,13.367],[80.331,13.393],[80.319,13.424],[80.326,13.43],[80.325,13.438],[80.325,13.439],[80.326,13.443],[80.347,13.292],[80.301,13.132],[80.19,13.112],[80.174,13.014],[80.116,13.037],[80.099,13.118],[80.0,13.118],[79.977,13.018],[79.89,13.037],[79.929,12.987],[79.839,12.937],[79.774,13.039],[79.708,13.041],[79.723,13.152],[79.642,13.196],[79.582,13.11],[79.47,13.126],[79.441,13.08],[79.406,13.136],[79.404,13.071],[79.289,13.078],[79.274,13.121],[79.308,13.097],[79.446,13.217],[79.375,13.303],[79.523,13.316],[79.58,13.245],[79.669,13.282],[79.689,13.207],[79.744,13.195],[79.785,13.223],[79.721,13.272],[79.926,13.336],[79.962,13.451],[80.036,13.484],[79.99,13.527]]],[[[80.321,13.435],[80.325,13.436],[80.325,13.434],[80.321,13.435]]]]},"properties":{"name":"Thiruvallur","state":"Tamil Nadu","lat":13.234,"lon":80.05,"monitored":""}},{"type":"Feature","geometry":{"type":"MultiPolygon","coordinates":[[[[79.686,10.998],[79.746,10.943],[79.704,10.952],[79.642,10.823],[79.797,10.793],[79.741,10.763],[79.751,10.674],[79.716,10.657],[79.747,10.633],[79.684,10.616],[79.719,10.517],[79.649,10.442],[79.637,10.318],[79.63,10.363],[79.613,10.317],[79.551,10.313],[79.555,10.308],[79.662,10.289],[79.673,10.302],[79.682,10.29],[79.709,10.283],[79.714,10.287],[79.74,10.279],[79.73,10.274],[79.527,10.305],[79.59,10.34],[79.495,10.319],[79.445,10.357],[79.467,10.472],[79.406,10.527],[79.437,10.542],[79.333,10.569],[79.283,10.721],[79.288,10.887],[79.45,10.847],[79.498,10.953],[79.686,10.998]]],[[[79.693,10.314],[79.717,10.315],[79.716,10.312],[79.693,10.314]]],[[[79.704,10.304],[79.705,10.307],[79.71,10.308],[79.711,10.307],[79.704,10.304]]],[[[79.703,10.288],[79.707,10.285],[79.702,10.287],[79.703,10.288]]],[[[79.697,10.289],[79.701,10.289],[79.701,10.288],[79.697,10.289]]],[[[79.693,10.291],[79.696,10.29],[79.693,10.29],[79.693,10.291]]],[[[79.689,10.307],[79.694,10.308],[79.692,10.304],[79.689,10.307]]],[[[79.689,10.296],[79.693,10.295],[79.69,10.293],[79.689,10.296]]],[[[79.683,10.298],[79.687,10.297],[79.685,10.295],[79.683,10.298]]],[[[79.67,10.307],[79.683,10.305],[79.67,10.307],[79.67,10.307]]],[[[79.628,10.33],[79.633,10.33],[79.628,10.326],[79.628,10.33]]],[[[79.628,10.308],[79.632,10.307],[79.628,10.307],[79.628,10.308]]],[[[79.62,10.299],[79.629,10.299],[79.629,10.298],[79.62,10.299]]],[[[79.625,10.339],[79.629,10.342],[79.628,10.337],[79.625,10.339]]],[[[79.622,10.308],[79.623,10.307],[79.621,10.305],[79.622,10.308]]],[[[79.616,10.308],[79.621,10.307],[79.616,10.307],[79.616,10.308]]],[[[79.605,10.31],[79.61,10.309],[79.605,10.306],[79.605,10.31]]],[[[79.606,10.303],[79.609,10.301],[79.606,10.302],[79.606,10.303]]]]},"properties":{"name":"Thiruvarur","state":"Tamil Nadu","lat":10.645,"lon":79.52,"monitored":""}},{"type":"Feature","geometry":{"type":"MultiPolygon","coordinates":[[[[78.151,9.357],[78.265,9.275],[78.257,9.129],[78.368,9.078],[78.185,8.92],[78.157,8.772],[78.198,8.789],[78.23,8.749],[78.171,8.745],[78.105,8.652],[78.097,8.581],[78.115,8.58],[78.136,8.592],[78.102,8.592],[78.122,8.598],[78.127,8.638],[78.139,8.589],[78.13,8.497],[78.067,8.371],[77.871,8.314],[77.763,8.572],[77.834,8.791],[77.738,8.917],[77.676,8.919],[77.666,8.964],[77.713,8.974],[77.67,8.998],[77.687,9.062],[77.727,9.066],[77.658,9.126],[77.689,9.176],[77.824,9.156],[77.84,9.236],[77.903,9.191],[78.034,9.293],[78.041,9.35],[78.151,9.357]]],[[[78.252,8.953],[78.255,8.955],[78.255,8.953],[78.252,8.953]]],[[[78.223,8.872],[78.227,8.871],[78.227,8.867],[78.223,8.872]]],[[[78.21,8.835],[78.212,8.839],[78.212,8.835],[78.21,8.835]]],[[[78.126,8.643],[78.128,8.645],[78.128,8.643],[78.126,8.643]]],[[[78.117,8.642],[78.125,8.65],[78.124,8.638],[78.117,8.642]]],[[[78.111,8.632],[78.116,8.632],[78.123,8.634],[78.118,8.617],[78.111,8.632]]],[[[78.12,8.618],[78.12,8.615],[78.119,8.615],[78.12,8.618]]],[[[78.11,8.615],[78.121,8.614],[78.117,8.61],[78.11,8.615]]]]},"properties":{"name":"Thoothukudi","state":"Tamil Nadu","lat":8.854,"lon":77.979,"monitored":""}},{"type":"Feature","geometry":{"type":"Polygon","coordinates":[[[78.456,11.373],[78.542,11.303],[78.674,11.367],[78.618,11.319],[78.721,11.306],[78.699,11.199],[78.638,11.155],[78.697,11.041],[78.747,11.109],[78.793,11.067],[78.969,11.073],[78.999,10.995],[78.923,10.945],[78.991,10.876],[78.762,10.819],[78.851,10.812],[78.864,10.765],[78.856,10.674],[78.773,10.634],[78.732,10.628],[78.679,10.72],[78.647,10.641],[78.621,10.694],[78.458,10.618],[78.448,10.53],[78.488,10.47],[78.566,10.508],[78.568,10.428],[78.508,10.424],[78.5,10.358],[78.43,10.395],[78.348,10.281],[78.265,10.358],[78.299,10.426],[78.156,10.49],[78.243,10.563],[78.268,10.733],[78.279,10.691],[78.362,10.713],[78.4,10.661],[78.498,10.68],[78.571,10.817],[78.378,10.949],[78.184,10.948],[78.152,10.992],[78.183,11.032],[78.15,11.032],[78.226,11.081],[78.33,11.013],[78.311,11.086],[78.407,11.199],[78.456,11.373]]]},"properties":{"name":"Tiruchchirappalli","state":"Tamil Nadu","lat":10.847,"lon":78.702,"monitored":""}},{"type":"Feature","geometry":{"type":"MultiPolygon","coordinates":[[[[77.963,8.329],[77.963,8.329],[77.963,8.329],[77.963,8.329]]],[[[77.963,8.329],[77.746,8.177],[77.57,8.133],[77.52,8.158],[77.557,8.24],[77.519,8.379],[77.473,8.371],[77.423,8.495],[77.198,8.641],[77.155,8.738],[77.246,8.845],[77.132,9.012],[77.252,9.143],[77.324,9.408],[77.417,9.382],[77.443,9.322],[77.536,9.361],[77.587,9.29],[77.83,9.232],[77.824,9.156],[77.689,9.176],[77.658,9.126],[77.727,9.066],[77.67,8.998],[77.703,8.954],[77.663,8.956],[77.834,8.791],[77.763,8.572],[77.822,8.353],[77.883,8.311],[77.963,8.329]]]]},"properties":{"name":"Tirunelveli Kattabo","state":"Tamil Nadu","lat":8.764,"lon":77.502,"monitored":""}},{"type":"Feature","geometry":{"type":"Polygon","coordinates":[[[79.477,12.86],[79.733,12.729],[79.702,12.713],[79.732,12.68],[79.62,12.618],[79.715,12.57],[79.722,12.414],[79.631,12.332],[79.488,12.333],[79.388,12.422],[79.234,12.433],[79.226,12.333],[79.187,12.327],[79.276,12.305],[79.199,12.178],[79.265,12.11],[79.247,12.068],[79.114,12.007],[79.066,12.019],[79.073,12.068],[79.038,12.023],[78.947,12.054],[78.904,12.002],[78.688,11.972],[78.734,12.113],[78.62,12.118],[78.639,12.246],[78.886,12.676],[78.965,12.653],[79.001,12.687],[79.003,12.645],[79.063,12.74],[79.193,12.728],[79.242,12.81],[79.333,12.681],[79.384,12.713],[79.343,12.654],[79.371,12.615],[79.449,12.671],[79.477,12.86]]]},"properties":{"name":"Tiruvannamalai","state":"Tamil Nadu","lat":12.418,"lon":78.986,"monitored":""}},{"type":"Feature","geometry":{"type":"Polygon","coordinates":[[[79.657,13.174],[79.723,13.152],[79.689,13.087],[79.772,13.009],[79.56,12.887],[79.547,12.837],[79.461,12.859],[79.439,12.657],[79.356,12.62],[79.384,12.713],[79.333,12.681],[79.242,12.81],[79.193,12.728],[79.063,12.74],[79.003,12.645],[79.001,12.687],[78.965,12.653],[78.886,12.676],[78.639,12.246],[78.594,12.251],[78.606,12.335],[78.558,12.374],[78.424,12.382],[78.398,12.614],[78.46,12.617],[78.511,12.702],[78.484,12.735],[78.548,12.686],[78.647,12.919],[78.614,12.979],[78.694,13.004],[78.702,13.056],[78.876,13.086],[78.882,13.02],[78.925,13.019],[78.914,13.068],[78.98,13.077],[79.153,13.007],[79.247,13.148],[79.335,13.048],[79.404,13.071],[79.406,13.136],[79.441,13.08],[79.47,13.126],[79.582,13.11],[79.657,13.174]]]},"properties":{"name":"Vellore","state":"Tamil Nadu","lat":12.707,"lon":78.8,"monitored":""}},{"type":"Feature","geometry":{"type":"MultiPolygon","coordinates":[[[[79.325,12.432],[79.488,12.333],[79.602,12.361],[79.671,12.302],[79.785,12.322],[79.885,12.215],[79.957,12.212],[79.996,12.252],[80.003,12.254],[80.007,12.254],[79.838,11.941],[79.8,11.964],[79.737,11.907],[79.716,11.967],[79.75,11.986],[79.647,11.997],[79.725,11.892],[79.66,11.877],[79.66,11.792],[79.441,11.856],[79.469,11.793],[79.417,11.762],[79.451,11.753],[79.43,11.65],[79.235,11.637],[79.17,11.572],[79.056,11.616],[79.04,11.573],[78.909,11.552],[78.89,11.49],[78.824,11.51],[78.765,11.591],[78.79,11.673],[78.633,11.644],[78.627,11.748],[78.681,11.834],[78.621,11.869],[78.693,11.878],[78.747,11.997],[78.904,12.002],[78.947,12.054],[79.038,12.023],[79.073,12.068],[79.066,12.019],[79.114,12.007],[79.247,12.068],[79.265,12.11],[79.199,12.178],[79.276,12.305],[79.187,12.33],[79.226,12.333],[79.225,12.428],[79.325,12.432]]],[[[79.946,12.219],[79.946,12.219],[79.946,12.219],[79.946,12.219]]]]},"properties":{"name":"Villupuram","state":"Tamil Nadu","lat":11.952,"lon":79.203,"monitored":""}},{"type":"Feature","geometry":{"type":"Polygon","coordinates":[[[78.046,9.73],[78.279,9.749],[78.278,9.698],[78.397,9.606],[78.35,9.56],[78.366,9.504],[78.308,9.506],[78.337,9.448],[78.197,9.421],[78.226,9.365],[78.318,9.354],[78.359,9.265],[78.206,9.284],[78.151,9.357],[78.041,9.35],[78.033,9.292],[77.894,9.188],[77.779,9.262],[77.757,9.225],[77.587,9.29],[77.536,9.361],[77.443,9.322],[77.417,9.382],[77.324,9.408],[77.387,9.517],[77.614,9.697],[77.746,9.673],[77.759,9.63],[77.958,9.619],[78.066,9.651],[78.046,9.73]]]},"properties":{"name":"Virudhunagar","state":"Tamil Nadu","lat":9.476,"lon":77.843,"monitored":""}},{"type":"Feature","geometry":{"type":"Polygon","coordinates":[[[91.743,24.247],[91.847,24.228],[91.97,24.073],[92.078,24.106],[92.094,23.938],[92.159,23.851],[92.175,23.744],[92.081,23.648],[91.957,23.719],[91.976,23.495],[91.942,23.438],[91.867,23.453],[91.79,23.607],[91.743,24.247]]]},"properties":{"name":"Dhalai","state":"Tripura","lat":23.798,"lon":91.971,"monitored":""}},{"type":"Feature","geometry":{"type":"Polygon","coordinates":[[[92.185,24.523],[92.273,24.388],[92.213,24.249],[92.297,24.252],[92.337,24.147],[92.322,23.87],[92.275,23.849],[92.224,23.657],[92.133,23.931],[92.094,23.938],[92.078,24.106],[91.97,24.073],[91.902,24.137],[91.92,24.336],[91.995,24.321],[91.974,24.389],[92.119,24.384],[92.185,24.523]]]},"properties":{"name":"North Tripura","state":"Tripura","lat":24.089,"lon":92.207,"monitored":""}},{"type":"Feature","geometry":{"type":"Polygon","coordinates":[[[91.713,23.763],[91.747,23.67],[91.791,23.69],[91.807,23.554],[91.901,23.437],[91.771,23.264],[91.835,23.092],[91.619,22.944],[91.549,22.995],[91.511,23.182],[91.419,23.28],[91.389,23.179],[91.422,23.059],[91.378,23.064],[91.317,23.274],[91.421,23.372],[91.376,23.439],[91.397,23.581],[91.57,23.757],[91.713,23.763]]]},"properties":{"name":"South Tripura","state":"Tripura","lat":23.326,"lon":91.595,"monitored":""}},{"type":"Feature","geometry":{"type":"Polygon","coordinates":[[[91.659,24.227],[91.761,24.139],[91.779,23.691],[91.747,23.67],[91.709,23.764],[91.57,23.757],[91.506,23.7],[91.374,23.511],[91.421,23.372],[91.317,23.274],[91.326,23.362],[91.163,23.623],[91.21,23.688],[91.158,23.691],[91.162,23.743],[91.225,23.74],[91.258,23.84],[91.235,23.929],[91.276,23.926],[91.306,23.999],[91.378,23.977],[91.378,24.11],[91.585,24.076],[91.64,24.108],[91.659,24.227]]]},"properties":{"name":"West Tripura","state":"Tripura","lat":23.75,"lon":91.395,"monitored":""}},{"type":"Feature","geometry":{"type":"Polygon","coordinates":[[[77.874,27.301],[77.931,27.243],[77.953,27.3],[77.955,27.246],[78.02,27.255],[78.023,27.184],[78.197,27.187],[78.22,27.078],[78.361,27.128],[78.304,27.057],[78.42,27.052],[78.515,26.927],[78.511,26.982],[78.564,26.969],[78.636,26.885],[78.733,26.924],[78.842,26.812],[78.771,26.764],[78.715,26.8],[78.575,26.756],[78.351,26.874],[78.256,26.82],[78.19,26.883],[78.261,26.932],[78.134,26.957],[78.022,26.861],[78.007,26.911],[77.9,26.925],[77.89,26.889],[77.753,26.938],[77.605,26.833],[77.498,26.848],[77.493,26.767],[77.448,26.747],[77.422,26.867],[77.736,26.988],[77.755,27.023],[77.704,27.0],[77.673,27.052],[77.627,27.016],[77.498,27.095],[77.665,27.186],[77.639,27.247],[77.775,27.24],[77.839,27.296],[77.864,27.254],[77.874,27.301]]]},"properties":{"name":"Agra","state":"Uttar Pradesh","lat":27.037,"lon":78.057,"monitored":""}},{"type":"Feature","geometry":{"type":"Polygon","coordinates":[[[77.836,28.177],[77.929,28.083],[78.093,28.129],[78.142,28.075],[78.359,28.158],[78.379,28.109],[78.476,28.13],[78.61,28.045],[78.485,27.863],[78.507,27.817],[78.441,27.832],[78.362,27.69],[78.266,27.666],[78.165,27.721],[78.161,27.769],[78.047,27.796],[77.997,27.734],[77.99,27.607],[77.863,27.581],[77.784,27.694],[77.826,27.761],[77.8,27.866],[77.647,27.97],[77.524,27.926],[77.535,27.993],[77.47,28.084],[77.649,28.118],[77.708,28.085],[77.752,28.157],[77.836,28.177]]]},"properties":{"name":"Aligarh","state":"Uttar Pradesh","lat":27.896,"lon":78.131,"monitored":""}},{"type":"Feature","geometry":{"type":"Polygon","coordinates":[[[81.749,25.74],[82.014,25.746],[82.053,25.663],[82.147,25.686],[82.112,25.647],[82.146,25.604],[82.331,25.516],[82.275,25.495],[82.345,25.422],[82.308,25.337],[82.186,25.219],[82.293,25.159],[82.32,25.08],[82.26,24.972],[82.104,24.878],[82.1,24.81],[81.935,24.851],[81.891,25.013],[81.604,25.061],[81.613,25.171],[81.513,25.197],[81.615,25.349],[81.787,25.322],[81.791,25.389],[81.905,25.469],[81.861,25.516],[81.789,25.473],[81.658,25.517],[81.6,25.671],[81.651,25.616],[81.718,25.629],[81.688,25.671],[81.742,25.672],[81.749,25.74]]]},"properties":{"name":"Allahabad","state":"Uttar Pradesh","lat":25.271,"lon":81.901,"monitored":""}},{"type":"Feature","geometry":{"type":"Polygon","coordinates":[[[82.469,26.656],[82.704,26.559],[82.805,26.578],[83.009,26.482],[83.126,26.388],[83.102,26.288],[82.969,26.344],[82.924,26.391],[82.958,26.446],[82.901,26.446],[82.857,26.164],[82.771,26.198],[82.744,26.268],[82.468,26.281],[82.373,26.382],[82.212,26.411],[82.329,26.581],[82.387,26.547],[82.45,26.574],[82.469,26.656]]]},"properties":{"name":"Ambedkar Nagar","state":"Uttar Pradesh","lat":26.401,"lon":82.581,"monitored":""}},{"type":"Feature","geometry":{"type":"Polygon","coordinates":[[[79.35,26.952],[79.551,26.866],[79.643,26.899],[79.749,26.801],[79.667,26.748],[79.714,26.671],[79.629,26.606],[79.63,26.514],[79.495,26.369],[79.466,26.437],[79.333,26.407],[79.284,26.448],[79.048,26.456],[79.306,26.651],[79.331,26.907],[79.35,26.952]]]},"properties":{"name":"Auraiya","state":"Uttar Pradesh","lat":26.661,"lon":79.504,"monitored":""}},{"type":"Feature","geometry":{"type":"Polygon","coordinates":[[[82.95,26.433],[82.926,26.387],[83.061,26.284],[83.176,26.401],[83.409,26.277],[83.499,26.28],[83.401,26.171],[83.397,26.098],[83.255,26.129],[83.198,26.057],[83.17,25.898],[83.347,25.823],[83.297,25.758],[83.187,25.78],[83.233,25.709],[83.14,25.639],[83.0,25.715],[82.977,25.682],[82.922,25.759],[82.827,25.769],[82.753,25.836],[82.664,26.127],[82.684,26.273],[82.874,26.172],[82.864,26.362],[82.901,26.446],[82.95,26.433]]]},"properties":{"name":"Azamgarh","state":"Uttar Pradesh","lat":25.978,"lon":82.947,"monitored":""}},{"type":"Feature","geometry":{"type":"Polygon","coordinates":[[[78.885,28.487],[79.066,28.36],[79.119,28.195],[79.413,28.177],[79.488,28.114],[79.476,27.849],[79.365,27.823],[79.321,27.734],[79.342,27.658],[79.199,27.713],[79.117,27.851],[78.911,27.857],[78.879,27.923],[78.5,28.094],[78.274,28.378],[78.3,28.44],[78.433,28.473],[78.515,28.364],[78.628,28.339],[78.885,28.487]]]},"properties":{"name":"Badaun","state":"Uttar Pradesh","lat":28.008,"lon":79.086,"monitored":""}},{"type":"Feature","geometry":{"type":"Polygon","coordinates":[[[77.478,29.202],[77.44,29.119],[77.471,28.973],[77.398,28.881],[77.402,28.787],[77.217,28.835],[77.178,28.886],[77.221,28.904],[77.214,29.007],[77.122,29.106],[77.142,29.302],[77.478,29.202]]]},"properties":{"name":"Baghpat","state":"Uttar Pradesh","lat":29.056,"lon":77.31,"monitored":""}},{"type":"Feature","geometry":{"type":"MultiPolygon","coordinates":[[[[81.695,27.989],[81.704,27.987],[81.804,27.905],[81.695,27.989]]],[[[81.215,28.358],[81.32,28.133],[81.446,28.162],[81.48,28.083],[81.65,27.993],[81.614,27.944],[81.484,27.941],[81.529,27.805],[81.59,27.763],[81.553,27.739],[81.589,27.687],[81.557,27.657],[81.517,27.729],[81.437,27.674],[81.55,27.631],[81.547,27.582],[81.683,27.498],[81.681,27.392],[81.765,27.369],[81.691,27.358],[81.635,27.159],[81.497,27.064],[81.438,27.139],[81.434,27.314],[81.293,27.543],[81.296,27.913],[81.156,28.05],[81.175,28.122],[81.025,28.295],[81.047,28.409],[81.215,28.358]]]]},"properties":{"name":"Bahraich","state":"Uttar Pradesh","lat":27.734,"lon":81.425,"monitored":""}},{"type":"Feature","geometry":{"type":"Polygon","coordinates":[[[83.842,26.192],[83.899,26.125],[84.091,26.097],[84.166,25.992],[84.529,25.878],[84.631,25.728],[84.556,25.736],[84.552,25.684],[84.536,25.726],[84.488,25.678],[84.331,25.745],[84.286,25.662],[84.135,25.732],[84.07,25.696],[84.077,25.638],[83.921,25.562],[83.942,25.758],[83.804,25.775],[83.721,25.851],[83.789,25.989],[83.669,26.026],[83.674,26.078],[83.787,26.11],[83.772,26.163],[83.842,26.192]]]},"properties":{"name":"Ballia","state":"Uttar Pradesh","lat":25.864,"lon":84.133,"monitored":""}},{"type":"Feature","geometry":{"type":"Polygon","coordinates":[[[82.198,27.848],[82.451,27.679],[82.71,27.722],[82.758,27.587],[82.711,27.471],[82.75,27.414],[82.568,27.431],[82.483,27.364],[82.489,27.245],[82.559,27.191],[82.44,27.19],[82.486,27.161],[82.389,27.05],[82.229,27.154],[82.236,27.229],[82.297,27.238],[82.068,27.403],[82.014,27.588],[82.198,27.848]]]},"properties":{"name":"Balrampur","state":"Uttar Pradesh","lat":27.451,"lon":82.389,"monitored":""}},{"type":"Feature","geometry":{"type":"Polygon","coordinates":[[[80.54,25.849],[80.457,25.823],[80.572,25.785],[80.547,25.739],[80.583,25.715],[80.734,25.685],[80.827,25.732],[80.854,25.68],[80.935,25.69],[80.95,25.612],[81.022,25.637],[81.018,25.508],[80.751,25.328],[80.804,25.267],[80.743,25.255],[80.79,25.22],[80.685,25.158],[80.714,25.068],[80.62,25.09],[80.595,25.155],[80.607,25.072],[80.476,25.102],[80.494,25.045],[80.41,25.077],[80.366,25.058],[80.387,25.012],[80.314,25.004],[80.267,25.032],[80.423,25.172],[80.399,25.243],[80.304,25.289],[80.274,25.425],[80.194,25.416],[80.123,25.338],[80.114,25.419],[80.216,25.475],[80.206,25.559],[80.343,25.71],[80.225,25.806],[80.381,25.915],[80.54,25.849]]]},"properties":{"name":"Banda","state":"Uttar Pradesh","lat":25.45,"lon":80.551,"monitored":""}},{"type":"Feature","geometry":{"type":"Polygon","coordinates":[[[81.292,27.338],[81.333,27.26],[81.384,27.348],[81.43,27.321],[81.471,27.075],[81.63,27.019],[81.848,26.839],[81.797,26.789],[81.832,26.697],[81.751,26.711],[81.71,26.594],[81.641,26.586],[81.656,26.625],[81.561,26.669],[81.533,26.526],[81.374,26.592],[81.307,26.544],[81.156,26.597],[81.207,26.787],[81.084,26.843],[81.086,26.92],[80.963,27.061],[81.046,27.09],[80.917,27.195],[81.107,27.28],[81.201,27.243],[81.216,27.326],[81.292,27.338]]]},"properties":{"name":"Bara Banki","state":"Uttar Pradesh","lat":26.969,"lon":81.367,"monitored":""}},{"type":"Feature","geometry":{"type":"Polygon","coordinates":[[[79.373,28.881],[79.639,28.851],[79.661,28.75],[79.588,28.622],[79.736,28.513],[79.746,28.456],[79.661,28.397],[79.703,28.274],[79.63,28.213],[79.621,28.092],[79.487,28.027],[79.488,28.114],[79.413,28.177],[79.119,28.195],[79.066,28.36],[78.989,28.391],[78.989,28.438],[79.129,28.496],[79.29,28.722],[79.38,28.767],[79.373,28.881]]]},"properties":{"name":"Bareilly","state":"Uttar Pradesh","lat":28.447,"lon":79.372,"monitored":""}},{"type":"Feature","geometry":{"type":"Polygon","coordinates":[[[82.702,27.021],[82.811,26.937],[82.892,26.997],[82.922,26.931],[82.86,26.944],[82.863,26.883],[82.819,26.861],[82.969,26.714],[82.879,26.614],[82.897,26.541],[82.394,26.652],[82.226,26.756],[82.23,26.932],[82.307,26.981],[82.471,26.908],[82.576,27.004],[82.702,27.021]]]},"properties":{"name":"Basti","state":"Uttar Pradesh","lat":26.809,"lon":82.55,"monitored":""}},{"type":"Feature","geometry":{"type":"Polygon","coordinates":[[[78.332,29.796],[78.488,29.741],[78.527,29.624],[78.685,29.514],[78.923,29.456],[78.789,29.329],[78.714,29.319],[78.767,29.286],[78.685,29.262],[78.605,29.098],[78.392,29.037],[78.149,29.06],[78.095,29.089],[78.125,29.266],[77.984,29.543],[78.332,29.796]]]},"properties":{"name":"Bijnor","state":"Uttar Pradesh","lat":29.393,"lon":78.458,"monitored":""}},{"type":"Feature","geometry":{"type":"Polygon","coordinates":[[[77.968,28.714],[78.199,28.621],[78.209,28.506],[78.294,28.465],[78.301,28.314],[78.476,28.13],[78.452,28.104],[78.379,28.109],[78.359,28.158],[78.15,28.075],[78.04,28.135],[77.929,28.083],[77.836,28.177],[77.764,28.134],[77.585,28.436],[77.678,28.558],[77.847,28.657],[77.892,28.637],[77.968,28.714]]]},"properties":{"name":"Bulandshahr","state":"Uttar Pradesh","lat":28.375,"lon":77.96,"monitored":""}},{"type":"Feature","geometry":{"type":"Polygon","coordinates":[[[83.213,25.529],[83.321,25.465],[83.405,25.489],[83.528,25.393],[83.547,25.312],[83.336,25.184],[83.316,25.027],[83.387,24.784],[83.314,24.787],[83.3,24.721],[83.179,24.716],[83.082,24.781],[83.121,24.827],[83.077,24.862],[83.051,25.06],[83.121,25.06],[83.175,25.177],[83.068,25.213],[83.004,25.299],[83.153,25.333],[83.186,25.408],[83.122,25.452],[83.213,25.529]]]},"properties":{"name":"Chandauli","state":"Uttar Pradesh","lat":25.119,"lon":83.238,"monitored":""}},{"type":"Feature","geometry":{"type":"Polygon","coordinates":[[[81.014,25.548],[81.183,25.492],[81.143,25.401],[81.257,25.329],[81.378,25.338],[81.381,25.276],[81.451,25.262],[81.542,25.294],[81.556,25.242],[81.513,25.23],[81.538,25.193],[81.472,25.135],[81.484,25.075],[81.401,25.108],[81.43,25.134],[81.33,25.172],[81.315,25.116],[81.269,25.168],[81.213,24.935],[81.161,24.959],[81.132,24.892],[81.076,24.952],[80.802,24.944],[80.905,25.16],[80.878,25.196],[80.836,25.193],[80.828,25.11],[80.7,25.137],[80.776,25.062],[80.714,25.068],[80.68,25.135],[80.79,25.22],[80.74,25.237],[80.804,25.267],[80.751,25.328],[80.99,25.48],[81.014,25.548]]]},"properties":{"name":"Chitrakoot","state":"Uttar Pradesh","lat":25.208,"lon":81.151,"monitored":""}},{"type":"Feature","geometry":{"type":"Polygon","coordinates":[[[83.846,26.749],[84.049,26.55],[83.902,26.518],[83.902,26.45],[84.171,26.374],[84.157,26.244],[84.006,26.234],[84.047,26.093],[83.89,26.129],[83.738,26.265],[83.626,26.226],[83.658,26.317],[83.612,26.302],[83.575,26.4],[83.534,26.357],[83.479,26.399],[83.486,26.493],[83.593,26.518],[83.622,26.66],[83.846,26.749]]]},"properties":{"name":"Deoria","state":"Uttar Pradesh","lat":26.425,"lon":83.736,"monitored":""}},{"type":"Feature","geometry":{"type":"Polygon","coordinates":[[[78.64,28.045],[78.718,27.967],[78.879,27.923],[78.911,27.857],[79.15,27.828],[79.201,27.716],[79.126,27.709],[79.123,27.64],[79.265,27.523],[79.219,27.419],[79.241,27.335],[79.1,27.438],[78.95,27.425],[78.881,27.475],[78.827,27.367],[78.727,27.34],[78.635,27.428],[78.652,27.496],[78.598,27.516],[78.458,27.431],[78.47,27.348],[78.391,27.377],[78.279,27.316],[78.288,27.388],[78.189,27.409],[78.205,27.529],[78.496,27.629],[78.519,27.73],[78.466,27.814],[78.5,27.806],[78.485,27.863],[78.64,28.045]]]},"properties":{"name":"Etah","state":"Uttar Pradesh","lat":27.674,"lon":78.815,"monitored":""}},{"type":"Feature","geometry":{"type":"Polygon","coordinates":[[[79.184,27.006],[79.341,26.94],[79.334,26.734],[79.161,26.504],[79.064,26.487],[78.98,26.574],[78.997,26.681],[78.938,26.663],[78.948,26.697],[78.771,26.764],[78.843,26.815],[78.734,26.905],[78.845,26.979],[78.923,26.99],[78.991,26.936],[79.055,26.995],[79.184,27.006]]]},"properties":{"name":"Etawah","state":"Uttar Pradesh","lat":26.749,"lon":79.073,"monitored":""}},{"type":"Feature","geometry":{"type":"Polygon","coordinates":[[[81.852,26.84],[81.971,26.783],[82.195,26.833],[82.231,26.752],[82.384,26.656],[82.469,26.656],[82.459,26.586],[82.387,26.547],[82.329,26.581],[82.212,26.411],[81.871,26.538],[81.669,26.53],[81.751,26.711],[81.832,26.697],[81.801,26.802],[81.852,26.84]]]},"properties":{"name":"Faizabad","state":"Uttar Pradesh","lat":26.621,"lon":82.087,"monitored":""}},{"type":"Feature","geometry":{"type":"Polygon","coordinates":[[[79.126,27.709],[79.492,27.595],[79.603,27.599],[79.643,27.647],[79.648,27.513],[79.737,27.458],[79.68,27.379],[79.723,27.286],[79.671,27.177],[79.33,27.221],[79.219,27.419],[79.265,27.523],[79.123,27.64],[79.126,27.709]]]},"properties":{"name":"Farrukhabad","state":"Uttar Pradesh","lat":27.439,"lon":79.475,"monitored":""}},{"type":"Feature","geometry":{"type":"Polygon","coordinates":[[[80.561,26.229],[80.803,26.038],[81.01,26.068],[81.328,25.814],[81.192,25.724],[81.263,25.511],[81.213,25.445],[81.018,25.543],[80.991,25.575],[81.029,25.63],[80.95,25.612],[80.935,25.69],[80.854,25.68],[80.827,25.732],[80.734,25.685],[80.583,25.715],[80.547,25.739],[80.572,25.785],[80.456,25.827],[80.548,25.871],[80.228,25.927],[80.209,25.977],[80.316,26.118],[80.561,26.229]]]},"properties":{"name":"Fatehpur","state":"Uttar Pradesh","lat":25.849,"lon":80.893,"monitored":""}},{"type":"Feature","geometry":{"type":"Polygon","coordinates":[[[78.458,27.431],[78.656,27.487],[78.636,27.426],[78.708,27.382],[78.681,27.269],[78.751,27.226],[78.717,27.203],[78.813,27.149],[78.758,27.113],[78.799,26.964],[78.715,26.904],[78.668,26.923],[78.665,26.884],[78.511,26.982],[78.521,26.923],[78.355,27.085],[78.304,27.057],[78.361,27.128],[78.22,27.078],[78.197,27.187],[78.027,27.183],[78.016,27.259],[77.952,27.25],[77.975,27.331],[78.065,27.342],[78.073,27.398],[78.272,27.399],[78.291,27.314],[78.391,27.377],[78.47,27.348],[78.458,27.431]]]},"properties":{"name":"Firozabad","state":"Uttar Pradesh","lat":27.185,"lon":78.474,"monitored":""}},{"type":"Feature","geometry":{"type":"Polygon","coordinates":[[[77.369,28.687],[77.396,28.634],[77.515,28.653],[77.666,28.582],[77.68,28.514],[77.586,28.429],[77.753,28.162],[77.717,28.088],[77.649,28.118],[77.47,28.084],[77.542,28.182],[77.489,28.212],[77.541,28.248],[77.467,28.27],[77.475,28.414],[77.295,28.561],[77.336,28.609],[77.318,28.679],[77.369,28.687]]]},"properties":{"name":"Gautam Buddha Nagar","state":"Uttar Pradesh","lat":28.342,"lon":77.556,"monitored":""}},{"type":"Feature","geometry":{"type":"Polygon","coordinates":[[[77.436,28.931],[77.682,28.881],[77.68,28.764],[77.718,28.742],[77.857,28.8],[77.862,28.869],[78.105,28.862],[78.199,28.621],[77.957,28.719],[77.892,28.637],[77.847,28.657],[77.678,28.558],[77.515,28.653],[77.396,28.634],[77.397,28.684],[77.332,28.681],[77.197,28.795],[77.277,28.839],[77.397,28.782],[77.398,28.881],[77.436,28.931]]]},"properties":{"name":"Ghaziabad","state":"Uttar Pradesh","lat":28.753,"lon":77.473,"monitored":""}},{"type":"Feature","geometry":{"type":"Polygon","coordinates":[[[83.678,25.876],[83.804,25.775],[83.849,25.799],[83.954,25.731],[83.937,25.583],[83.782,25.399],[83.695,25.396],[83.564,25.308],[83.405,25.489],[83.321,25.465],[83.24,25.526],[83.081,25.494],[83.056,25.531],[83.058,25.654],[83.14,25.639],[83.233,25.709],[83.187,25.78],[83.297,25.758],[83.317,25.816],[83.37,25.801],[83.399,25.843],[83.678,25.876]]]},"properties":{"name":"Ghazipur","state":"Uttar Pradesh","lat":25.611,"lon":83.499,"monitored":""}},{"type":"Feature","geometry":{"type":"Polygon","coordinates":[[[81.963,27.447],[82.108,27.41],[82.145,27.329],[82.286,27.254],[82.293,27.223],[82.228,27.216],[82.229,27.154],[82.389,27.05],[82.486,27.161],[82.605,27.005],[82.471,26.908],[82.307,26.981],[82.23,26.932],[82.243,26.816],[82.132,26.836],[81.971,26.783],[81.746,26.89],[81.63,27.019],[81.499,27.061],[81.635,27.159],[81.697,27.285],[81.674,27.325],[81.816,27.276],[81.844,27.334],[81.909,27.322],[81.963,27.447]]]},"properties":{"name":"Gonda","state":"Uttar Pradesh","lat":27.107,"lon":81.932,"monitored":""}},{"type":"Feature","geometry":{"type":"Polygon","coordinates":[[[83.186,26.971],[83.304,26.905],[83.349,26.965],[83.467,26.942],[83.611,26.756],[83.593,26.518],[83.47,26.465],[83.481,26.395],[83.534,26.357],[83.575,26.4],[83.612,26.302],[83.658,26.317],[83.62,26.221],[83.525,26.28],[83.409,26.277],[83.222,26.396],[83.061,26.411],[83.087,26.487],[83.196,26.527],[83.132,26.566],[83.076,26.704],[83.136,26.75],[83.091,26.811],[83.128,26.891],[83.208,26.888],[83.186,26.971]]]},"properties":{"name":"Gorakhpur","state":"Uttar Pradesh","lat":26.635,"lon":83.353,"monitored":""}},{"type":"Feature","geometry":{"type":"Polygon","coordinates":[[[79.969,26.074],[80.087,26.083],[80.076,26.004],[80.206,25.922],[80.342,25.904],[80.223,25.802],[80.343,25.71],[80.206,25.559],[80.216,25.475],[80.131,25.461],[80.099,25.405],[80.023,25.437],[79.975,25.541],[80.018,25.593],[79.947,25.647],[79.805,25.503],[79.706,25.571],[79.634,25.489],[79.381,25.527],[79.413,25.582],[79.353,25.648],[79.398,25.658],[79.356,25.78],[79.452,25.794],[79.494,25.863],[79.546,25.828],[79.568,25.866],[79.517,25.894],[79.613,25.937],[79.77,25.871],[79.814,25.918],[79.862,25.887],[79.842,25.977],[79.914,25.969],[79.948,26.02],[79.904,26.018],[79.934,26.165],[79.969,26.074]]]},"properties":{"name":"Hamirpur","state":"Uttar Pradesh","lat":25.787,"lon":79.824,"monitored":""}},{"type":"Feature","geometry":{"type":"Polygon","coordinates":[[[80.081,27.79],[80.274,27.742],[80.317,27.529],[80.491,27.331],[80.489,27.262],[80.561,27.298],[80.647,27.233],[80.74,27.232],[80.817,27.107],[80.637,27.084],[80.436,26.972],[80.406,26.893],[80.276,27.036],[80.211,26.971],[80.105,27.001],[80.042,26.925],[79.896,27.152],[79.69,27.235],[79.723,27.286],[79.68,27.379],[79.737,27.458],[79.678,27.639],[79.727,27.725],[79.851,27.656],[79.904,27.726],[80.081,27.79]]]},"properties":{"name":"Hardoi","state":"Uttar Pradesh","lat":27.355,"lon":80.081,"monitored":""}},{"type":"Feature","geometry":{"type":"Polygon","coordinates":[[[78.466,27.814],[78.519,27.73],[78.491,27.623],[78.205,27.529],[78.189,27.409],[78.048,27.386],[78.079,27.359],[77.975,27.331],[77.972,27.284],[77.92,27.323],[77.918,27.475],[77.871,27.54],[77.92,27.608],[77.99,27.607],[78.034,27.788],[78.161,27.769],[78.21,27.692],[78.322,27.669],[78.466,27.814]]]},"properties":{"name":"Hathras","state":"Uttar Pradesh","lat":27.573,"lon":78.117,"monitored":""}},{"type":"Feature","geometry":{"type":"Polygon","coordinates":[[[79.294,26.442],[79.333,26.407],[79.468,26.436],[79.505,26.354],[79.566,26.36],[79.52,26.32],[79.54,26.281],[79.757,26.188],[79.736,26.14],[79.778,26.114],[79.913,26.096],[79.937,26.035],[79.905,26.017],[79.948,26.02],[79.914,25.969],[79.842,25.977],[79.862,25.887],[79.814,25.918],[79.77,25.871],[79.613,25.937],[79.517,25.894],[79.568,25.866],[79.546,25.828],[79.494,25.863],[79.452,25.794],[79.312,25.775],[79.288,25.821],[79.126,25.819],[79.1,25.896],[79.033,25.873],[79.023,25.909],[79.078,25.922],[78.927,25.955],[79.004,26.09],[78.943,26.139],[79.127,26.316],[79.087,26.418],[79.294,26.442]]]},"properties":{"name":"Jalaun","state":"Uttar Pradesh","lat":26.105,"lon":79.416,"monitored":""}},{"type":"Feature","geometry":{"type":"Polygon","coordinates":[[[82.575,26.192],[82.698,26.097],[82.749,25.84],[82.827,25.769],[82.922,25.759],[82.977,25.682],[83.0,25.715],[83.069,25.684],[83.082,25.576],[82.949,25.527],[82.858,25.583],[82.726,25.548],[82.684,25.397],[82.174,25.585],[82.112,25.647],[82.18,25.715],[82.174,25.833],[82.387,25.914],[82.338,25.959],[82.362,25.985],[82.515,26.004],[82.436,26.136],[82.561,26.135],[82.575,26.192]]]},"properties":{"name":"Jaunpur","state":"Uttar Pradesh","lat":25.801,"lon":82.484,"monitored":""}},{"type":"Feature","geometry":{"type":"Polygon","coordinates":[[[78.942,25.952],[79.078,25.922],[79.023,25.909],[79.033,25.873],[79.1,25.896],[79.129,25.818],[79.393,25.798],[79.355,25.777],[79.398,25.658],[79.353,25.648],[79.413,25.582],[79.256,25.292],[79.345,25.264],[79.333,25.201],[79.274,25.248],[79.315,25.152],[79.129,25.111],[79.084,25.193],[79.028,25.14],[79.056,25.226],[78.993,25.278],[78.996,25.196],[78.948,25.22],[78.874,25.163],[78.876,25.256],[78.97,25.285],[78.956,25.348],[78.877,25.344],[78.842,25.229],[78.783,25.303],[78.875,25.388],[78.979,25.376],[78.96,25.439],[78.903,25.447],[78.942,25.551],[78.886,25.561],[78.828,25.51],[78.857,25.467],[78.834,25.432],[78.732,25.501],[78.755,25.434],[78.813,25.43],[78.743,25.413],[78.764,25.358],[78.658,25.388],[78.701,25.429],[78.653,25.444],[78.561,25.396],[78.576,25.352],[78.525,25.363],[78.525,25.307],[78.435,25.303],[78.569,25.259],[78.443,25.129],[78.3,25.384],[78.421,25.478],[78.429,25.564],[78.649,25.566],[78.805,25.625],[78.747,25.749],[78.811,25.83],[78.862,25.799],[78.847,25.861],[78.942,25.952]]]},"properties":{"name":"Jhansi","state":"Uttar Pradesh","lat":25.531,"lon":79.16,"monitored":""}},{"type":"Feature","geometry":{"type":"Polygon","coordinates":[[[78.641,29.18],[78.667,29.147],[78.662,29.099],[78.7,29.101],[78.631,29.007],[78.674,28.907],[78.599,28.807],[78.387,28.776],[78.418,28.485],[78.281,28.409],[78.294,28.465],[78.209,28.506],[78.182,28.676],[78.051,28.902],[78.073,29.074],[78.398,29.038],[78.605,29.098],[78.641,29.18]]]},"properties":{"name":"Jyotiba Phule Nagar","state":"Uttar Pradesh","lat":28.792,"lon":78.304,"monitored":""}},{"type":"Feature","geometry":{"type":"Polygon","coordinates":[[[79.403,27.231],[79.512,27.215],[79.552,27.165],[79.667,27.174],[79.695,27.224],[79.85,27.179],[79.963,27.077],[80.011,26.958],[79.935,26.949],[79.94,26.851],[79.77,26.775],[79.643,26.899],[79.551,26.866],[79.429,26.947],[79.334,26.937],[79.311,26.957],[79.424,27.073],[79.383,27.165],[79.403,27.231]]]},"properties":{"name":"Kannauj","state":"Uttar Pradesh","lat":27.015,"lon":79.678,"monitored":""}},{"type":"Feature","geometry":{"type":"Polygon","coordinates":[[[79.999,26.958],[80.097,26.877],[80.132,26.738],[80.275,26.64],[80.117,26.473],[80.156,26.285],[80.389,26.28],[80.466,26.186],[80.247,26.05],[80.206,25.922],[80.076,26.004],[80.087,26.083],[79.954,26.079],[79.944,26.167],[79.916,26.097],[79.781,26.112],[79.736,26.14],[79.757,26.188],[79.533,26.287],[79.562,26.366],[79.495,26.369],[79.63,26.514],[79.629,26.606],[79.712,26.667],[79.667,26.748],[79.837,26.78],[79.851,26.832],[79.956,26.865],[79.935,26.949],[79.999,26.958]]]},"properties":{"name":"Kanpur Dehat","state":"Uttar Pradesh","lat":26.421,"lon":79.836,"monitored":""}},{"type":"Feature","geometry":{"type":"Polygon","coordinates":[[[80.275,26.64],[80.301,26.531],[80.524,26.363],[80.533,26.204],[80.416,26.209],[80.369,26.285],[80.156,26.285],[80.117,26.473],[80.275,26.64]]]},"properties":{"name":"Kanpur","state":"Uttar Pradesh","lat":26.418,"lon":80.29,"monitored":""}},{"type":"Feature","geometry":{"type":"Polygon","coordinates":[[[81.331,25.807],[81.395,25.766],[81.365,25.701],[81.549,25.574],[81.616,25.596],[81.658,25.517],[81.773,25.474],[81.861,25.516],[81.895,25.447],[81.81,25.412],[81.787,25.322],[81.628,25.354],[81.451,25.262],[81.381,25.276],[81.378,25.338],[81.26,25.328],[81.155,25.387],[81.143,25.429],[81.262,25.503],[81.192,25.724],[81.331,25.807]]]},"properties":{"name":"Kaushambi","state":"Uttar Pradesh","lat":25.546,"lon":81.446,"monitored":""}},{"type":"Feature","geometry":{"type":"Polygon","coordinates":[[[83.872,27.288],[83.979,27.2],[83.939,27.093],[84.021,27.095],[83.991,27.069],[84.041,27.045],[84.052,26.892],[84.141,26.888],[84.169,26.835],[84.241,26.862],[84.234,26.74],[84.298,26.753],[84.414,26.627],[84.272,26.599],[84.082,26.643],[84.049,26.55],[83.833,26.76],[83.622,26.66],[83.611,26.756],[83.519,26.863],[83.562,26.936],[83.714,26.954],[83.76,27.004],[83.721,27.058],[83.816,27.179],[83.772,27.169],[83.822,27.214],[83.786,27.248],[83.872,27.288]]]},"properties":{"name":"Kushinagar","state":"Uttar Pradesh","lat":26.914,"lon":83.8,"monitored":""}},{"type":"Feature","geometry":{"type":"Polygon","coordinates":[[[80.508,28.671],[80.846,28.495],[80.898,28.506],[80.917,28.458],[81.019,28.452],[81.073,28.392],[81.028,28.385],[81.025,28.295],[81.175,28.122],[81.156,28.05],[81.291,27.924],[81.293,27.686],[81.242,27.683],[81.235,27.734],[81.174,27.741],[81.219,27.766],[81.134,27.813],[80.977,27.834],[80.968,27.911],[80.818,27.796],[80.63,27.845],[80.596,27.756],[80.509,27.814],[80.302,27.684],[80.223,27.776],[80.052,27.776],[80.015,27.925],[80.237,28.062],[80.24,28.156],[80.291,28.158],[80.296,28.264],[80.36,28.349],[80.29,28.459],[80.422,28.508],[80.293,28.647],[80.324,28.689],[80.519,28.552],[80.508,28.671]]]},"properties":{"name":"Lakhimpur Kheri","state":"Uttar Pradesh","lat":28.211,"lon":80.695,"monitored":""}},{"type":"Feature","geometry":{"type":"Polygon","coordinates":[[[78.563,25.226],[78.642,25.061],[78.622,24.965],[78.781,24.815],[78.749,24.605],[78.873,24.647],[78.966,24.497],[78.909,24.467],[78.987,24.434],[78.879,24.223],[78.802,24.182],[78.76,24.258],[78.669,24.245],[78.505,24.394],[78.38,24.276],[78.326,24.33],[78.361,24.386],[78.217,24.532],[78.259,24.558],[78.268,24.667],[78.165,24.882],[78.328,25.0],[78.333,25.093],[78.563,25.226]]]},"properties":{"name":"Lalitpur","state":"Uttar Pradesh","lat":24.741,"lon":78.501,"monitored":""}},{"type":"Feature","geometry":{"type":"Polygon","coordinates":[[[80.933,27.156],[81.046,27.09],[80.963,27.061],[81.086,26.92],[81.084,26.843],[81.207,26.787],[81.174,26.624],[81.042,26.507],[80.833,26.668],[80.705,26.673],[80.683,26.765],[80.746,26.779],[80.6,26.949],[80.551,26.942],[80.59,26.989],[80.551,27.016],[80.637,27.084],[80.691,27.065],[80.933,27.156]]]},"properties":{"name":"Lucknow","state":"Uttar Pradesh","lat":26.815,"lon":80.93,"monitored":""}},{"type":"Feature","geometry":{"type":"Polygon","coordinates":[[[83.617,27.469],[83.833,27.37],[83.831,27.321],[83.925,27.31],[83.786,27.248],[83.822,27.214],[83.772,27.169],[83.816,27.179],[83.721,27.058],[83.76,27.004],[83.719,26.956],[83.613,26.958],[83.538,26.893],[83.349,26.965],[83.304,26.905],[83.206,27.021],[83.134,27.009],[83.114,27.162],[83.159,27.149],[83.157,27.221],[83.26,27.329],[83.376,27.357],[83.391,27.479],[83.617,27.469]]]},"properties":{"name":"Maharajganj","state":"Uttar Pradesh","lat":27.196,"lon":83.48,"monitored":""}},{"type":"Feature","geometry":{"type":"Polygon","coordinates":[[[79.999,25.599],[79.975,25.541],[80.027,25.496],[80.019,25.441],[80.142,25.402],[80.021,25.343],[79.997,25.269],[79.847,25.24],[79.856,25.099],[79.746,25.144],[79.598,25.131],[79.566,25.178],[79.49,25.083],[79.468,25.134],[79.391,25.118],[79.408,25.208],[79.49,25.27],[79.367,25.294],[79.358,25.264],[79.345,25.334],[79.269,25.342],[79.381,25.527],[79.634,25.489],[79.706,25.571],[79.801,25.502],[79.945,25.647],[79.999,25.599]]]},"properties":{"name":"Mahoba","state":"Uttar Pradesh","lat":25.373,"lon":79.685,"monitored":""}},{"type":"Feature","geometry":{"type":"Polygon","coordinates":[[[78.879,27.474],[79.1,27.438],[79.311,27.293],[79.307,27.249],[79.385,27.203],[79.387,27.104],[79.431,27.099],[79.347,26.965],[79.175,27.012],[79.055,26.995],[78.991,26.936],[78.923,26.99],[78.799,26.964],[78.758,27.113],[78.81,27.159],[78.68,27.275],[78.712,27.35],[78.816,27.36],[78.879,27.474]]]},"properties":{"name":"Mainpuri","state":"Uttar Pradesh","lat":27.226,"lon":79.041,"monitored":""}},{"type":"Feature","geometry":{"type":"MultiPolygon","coordinates":[[[[77.972,27.284],[77.954,27.27],[77.953,27.298],[77.972,27.284]]],[[[77.669,27.947],[77.8,27.866],[77.826,27.761],[77.784,27.694],[77.899,27.57],[77.87,27.533],[77.918,27.475],[77.926,27.24],[77.874,27.301],[77.864,27.254],[77.848,27.262],[77.847,27.292],[77.839,27.296],[77.775,27.24],[77.639,27.247],[77.592,27.301],[77.614,27.343],[77.432,27.399],[77.43,27.462],[77.335,27.53],[77.289,27.829],[77.458,27.885],[77.485,27.944],[77.669,27.947]]]]},"properties":{"name":"Mathura","state":"Uttar Pradesh","lat":27.632,"lon":77.581,"monitored":""}},{"type":"Feature","geometry":{"type":"Polygon","coordinates":[[[83.462,26.261],[83.62,26.221],[83.738,26.265],[83.802,26.193],[83.787,26.11],[83.674,26.078],[83.68,26.012],[83.789,25.989],[83.737,25.869],[83.64,25.897],[83.367,25.8],[83.191,25.876],[83.233,26.116],[83.37,26.081],[83.462,26.261]]]},"properties":{"name":"Mau","state":"Uttar Pradesh","lat":26.045,"lon":83.449,"monitored":""}},{"type":"Feature","geometry":{"type":"Polygon","coordinates":[[[77.771,29.186],[78.126,29.259],[78.048,28.943],[78.105,28.862],[77.862,28.869],[77.857,28.8],[77.718,28.742],[77.68,28.764],[77.682,28.881],[77.451,28.911],[77.443,29.131],[77.58,29.267],[77.771,29.186]]]},"properties":{"name":"Meerut","state":"Uttar Pradesh","lat":29.037,"lon":77.759,"monitored":""}},{"type":"Feature","geometry":{"type":"Polygon","coordinates":[[[82.278,25.278],[82.333,25.213],[82.382,25.264],[82.628,25.221],[82.636,25.261],[82.77,25.274],[82.773,25.232],[82.813,25.258],[82.795,25.175],[83.024,25.244],[83.167,25.187],[83.121,25.06],[83.051,25.06],[83.077,24.862],[83.121,24.827],[83.016,24.811],[83.002,24.907],[82.947,24.84],[82.8,24.854],[82.651,24.787],[82.575,24.833],[82.518,24.678],[82.42,24.705],[82.409,24.598],[82.294,24.614],[82.296,24.67],[82.23,24.67],[82.244,24.776],[82.173,24.74],[82.196,24.825],[82.112,24.792],[82.076,24.835],[82.298,25.024],[82.318,25.088],[82.232,25.224],[82.278,25.278]]]},"properties":{"name":"Mirzapur","state":"Uttar Pradesh","lat":24.966,"lon":82.646,"monitored":""}},{"type":"Feature","geometry":{"type":"Polygon","coordinates":[[[78.75,29.285],[78.853,29.261],[78.9,29.151],[78.961,29.162],[78.935,29.027],[78.872,28.967],[78.964,28.769],[78.868,28.697],[78.836,28.73],[78.828,28.666],[78.927,28.569],[78.909,28.486],[78.628,28.339],[78.515,28.364],[78.405,28.467],[78.387,28.776],[78.599,28.807],[78.657,28.879],[78.68,28.953],[78.631,29.007],[78.7,29.101],[78.656,29.108],[78.649,29.19],[78.75,29.285]]]},"properties":{"name":"Moradabad","state":"Uttar Pradesh","lat":28.843,"lon":78.779,"monitored":""}},{"type":"Feature","geometry":{"type":"Polygon","coordinates":[[[77.941,29.715],[77.984,29.487],[78.126,29.259],[77.771,29.186],[77.58,29.267],[77.5,29.195],[77.142,29.302],[77.139,29.442],[77.085,29.534],[77.126,29.697],[77.33,29.65],[77.442,29.676],[77.65,29.566],[77.685,29.62],[77.941,29.715]]]},"properties":{"name":"Muzaffarnagar","state":"Uttar Pradesh","lat":29.465,"lon":77.562,"monitored":""}},{"type":"Feature","geometry":{"type":"Polygon","coordinates":[[[79.75,28.893],[79.809,28.863],[79.783,28.805],[79.854,28.844],[79.841,28.809],[79.901,28.802],[79.953,28.718],[80.014,28.737],[80.058,28.835],[80.252,28.758],[80.322,28.695],[80.292,28.622],[80.423,28.521],[80.365,28.466],[80.231,28.459],[80.177,28.351],[80.118,28.394],[80.061,28.338],[80.003,28.368],[79.942,28.334],[79.945,28.123],[79.852,28.144],[79.876,28.184],[79.82,28.245],[79.792,28.175],[79.714,28.186],[79.726,28.235],[79.674,28.269],[79.661,28.397],[79.746,28.456],[79.737,28.511],[79.587,28.641],[79.661,28.75],[79.631,28.859],[79.75,28.893]]]},"properties":{"name":"Pilibhit","state":"Uttar Pradesh","lat":28.488,"lon":80.065,"monitored":""}},{"type":"Feature","geometry":{"type":"Polygon","coordinates":[[[81.61,26.183],[81.778,26.03],[81.876,26.084],[82.1,26.079],[82.194,26.019],[82.239,26.061],[82.338,26.009],[82.385,26.035],[82.428,25.985],[82.339,25.963],[82.386,25.913],[82.171,25.829],[82.18,25.715],[82.102,25.658],[82.004,25.7],[82.005,25.749],[81.881,25.715],[81.784,25.753],[81.742,25.672],[81.688,25.671],[81.718,25.629],[81.651,25.616],[81.6,25.671],[81.606,25.596],[81.561,25.572],[81.365,25.701],[81.395,25.766],[81.318,25.861],[81.497,25.977],[81.587,25.97],[81.51,26.039],[81.56,26.077],[81.532,26.123],[81.61,26.183]]]},"properties":{"name":"Pratapgarh","state":"Uttar Pradesh","lat":25.887,"lon":81.839,"monitored":""}},{"type":"Feature","geometry":{"type":"Polygon","coordinates":[[[81.194,26.603],[81.307,26.544],[81.374,26.592],[81.507,26.551],[81.563,26.463],[81.55,26.3],[81.607,26.219],[81.51,26.041],[81.587,25.97],[81.497,25.977],[81.326,25.874],[81.328,25.814],[81.01,26.068],[80.817,26.035],[80.668,26.11],[80.871,26.283],[80.837,26.376],[80.929,26.362],[80.96,26.312],[81.042,26.378],[80.976,26.472],[80.991,26.54],[81.042,26.507],[81.194,26.603]]]},"properties":{"name":"Rae Bareli","state":"Uttar Pradesh","lat":26.164,"lon":81.154,"monitored":""}},{"type":"Feature","geometry":{"type":"Polygon","coordinates":[[[79.038,29.166],[79.142,29.12],[79.166,29.017],[79.299,28.953],[79.36,28.97],[79.401,28.9],[79.38,28.767],[79.29,28.722],[79.129,28.496],[78.989,28.438],[78.989,28.391],[78.909,28.486],[78.927,28.569],[78.827,28.687],[78.837,28.733],[78.868,28.697],[78.964,28.769],[78.873,28.987],[78.935,29.027],[78.961,29.166],[79.001,29.117],[79.038,29.166]]]},"properties":{"name":"Rampur","state":"Uttar Pradesh","lat":28.835,"lon":79.164,"monitored":""}},{"type":"Feature","geometry":{"type":"Polygon","coordinates":[[[77.585,30.409],[77.931,30.247],[77.786,30.1],[77.703,29.89],[77.811,29.672],[77.65,29.566],[77.442,29.676],[77.33,29.65],[77.144,29.692],[77.113,29.749],[77.27,30.048],[77.414,30.107],[77.57,30.311],[77.585,30.409]]]},"properties":{"name":"Saharanpur","state":"Uttar Pradesh","lat":29.969,"lon":77.482,"monitored":""}},{"type":"Feature","geometry":{"type":"Polygon","coordinates":[[[83.123,27.05],[83.137,27.007],[83.207,27.02],[83.186,26.948],[83.218,26.94],[83.208,26.888],[83.128,26.891],[83.091,26.811],[83.136,26.75],[83.076,26.704],[83.132,26.566],[83.196,26.527],[83.087,26.487],[83.061,26.411],[82.894,26.544],[82.879,26.614],[82.969,26.714],[82.819,26.861],[82.863,26.883],[82.86,26.944],[82.995,26.916],[83.045,27.012],[83.123,27.05]]]},"properties":{"name":"Sant Kabir Nagar","state":"Uttar Pradesh","lat":26.732,"lon":83.031,"monitored":""}},{"type":"Feature","geometry":{"type":"Polygon","coordinates":[[[82.388,25.524],[82.562,25.418],[82.6,25.452],[82.61,25.397],[82.702,25.391],[82.664,25.251],[82.442,25.223],[82.382,25.264],[82.337,25.212],[82.272,25.277],[82.232,25.224],[82.281,25.194],[82.196,25.193],[82.214,25.279],[82.294,25.311],[82.345,25.422],[82.288,25.52],[82.388,25.524]]]},"properties":{"name":"Sant Ravi Das Nagar","state":"Uttar Pradesh","lat":25.351,"lon":82.501,"monitored":""}},{"type":"Feature","geometry":{"type":"Polygon","coordinates":[[[80.347,28.389],[80.237,28.062],[80.015,27.925],[80.063,27.753],[79.904,27.726],[79.851,27.656],[79.727,27.725],[79.678,27.639],[79.706,27.479],[79.648,27.513],[79.643,27.647],[79.603,27.599],[79.492,27.595],[79.337,27.654],[79.346,27.796],[79.476,27.849],[79.466,27.99],[79.518,28.065],[79.621,28.092],[79.668,28.269],[79.726,28.235],[79.714,28.186],[79.792,28.175],[79.82,28.245],[79.876,28.184],[79.852,28.144],[79.945,28.123],[79.943,28.336],[80.003,28.368],[80.061,28.338],[80.118,28.394],[80.177,28.351],[80.235,28.461],[80.347,28.389]]]},"properties":{"name":"Shahjahanpur","state":"Uttar Pradesh","lat":27.958,"lon":79.768,"monitored":""}},{"type":"Feature","geometry":{"type":"MultiPolygon","coordinates":[[[[81.804,27.905],[81.759,27.942],[81.757,27.943],[81.764,27.937],[81.804,27.905]]],[[[81.804,27.905],[81.904,27.854],[81.97,27.929],[82.07,27.923],[82.198,27.848],[82.016,27.593],[82.065,27.412],[81.934,27.443],[81.913,27.327],[81.844,27.334],[81.806,27.272],[81.689,27.349],[81.765,27.369],[81.681,27.392],[81.683,27.498],[81.437,27.68],[81.517,27.729],[81.557,27.657],[81.589,27.687],[81.553,27.739],[81.59,27.763],[81.529,27.805],[81.484,27.941],[81.695,27.989],[81.804,27.905]]]]},"properties":{"name":"Shravasti","state":"Uttar Pradesh","lat":27.625,"lon":81.775,"monitored":""}},{"type":"Feature","geometry":{"type":"Polygon","coordinates":[[[82.731,27.505],[83.19,27.454],[83.274,27.383],[83.295,27.336],[83.16,27.226],[83.168,27.161],[83.114,27.162],[83.141,27.056],[83.045,27.012],[82.995,26.916],[82.897,26.943],[82.892,26.997],[82.811,26.937],[82.719,27.023],[82.565,27.023],[82.539,27.113],[82.432,27.172],[82.559,27.191],[82.489,27.245],[82.483,27.364],[82.568,27.431],[82.75,27.414],[82.731,27.505]]]},"properties":{"name":"Siddharth Nagar","state":"Uttar Pradesh","lat":27.208,"lon":82.849,"monitored":""}},{"type":"Feature","geometry":{"type":"Polygon","coordinates":[[[80.974,27.891],[80.977,27.834],[81.134,27.813],[81.219,27.766],[81.174,27.741],[81.235,27.734],[81.242,27.683],[81.303,27.68],[81.293,27.543],[81.408,27.36],[81.337,27.259],[81.283,27.362],[81.216,27.326],[81.201,27.243],[81.107,27.28],[81.057,27.227],[80.96,27.245],[80.821,27.105],[80.74,27.232],[80.647,27.233],[80.561,27.298],[80.489,27.262],[80.491,27.331],[80.317,27.529],[80.3,27.679],[80.509,27.814],[80.596,27.756],[80.63,27.845],[80.818,27.796],[80.974,27.891]]]},"properties":{"name":"Sitapur","state":"Uttar Pradesh","lat":27.445,"lon":80.872,"monitored":""}},{"type":"Feature","geometry":{"type":"Polygon","coordinates":[[[83.002,24.907],[83.049,24.801],[83.1,24.818],[83.082,24.781],[83.179,24.716],[83.3,24.721],[83.314,24.787],[83.411,24.775],[83.542,24.625],[83.498,24.527],[83.393,24.501],[83.451,24.365],[83.376,24.315],[83.402,24.266],[83.276,24.023],[83.127,23.89],[82.95,23.873],[82.746,24.013],[82.766,24.078],[82.657,24.135],[82.72,24.139],[82.764,24.292],[82.761,24.373],[82.707,24.385],[82.713,24.556],[82.801,24.553],[82.796,24.6],[82.666,24.7],[82.518,24.678],[82.575,24.833],[82.651,24.787],[82.8,24.854],[82.947,24.84],[83.002,24.907]]]},"properties":{"name":"Sonbhadra","state":"Uttar Pradesh","lat":24.443,"lon":83.063,"monitored":""}},{"type":"Feature","geometry":{"type":"Polygon","coordinates":[[[81.553,26.667],[81.694,26.593],[81.667,26.533],[81.701,26.512],[81.748,26.548],[81.965,26.515],[82.179,26.411],[82.373,26.382],[82.439,26.29],[82.658,26.266],[82.685,26.159],[82.592,26.2],[82.561,26.135],[82.436,26.136],[82.458,26.048],[82.507,26.035],[82.483,25.976],[82.243,26.061],[82.194,26.019],[82.1,26.079],[81.876,26.084],[81.774,26.032],[81.733,26.09],[81.679,26.08],[81.549,26.302],[81.527,26.546],[81.553,26.667]]]},"properties":{"name":"Sultanpur","state":"Uttar Pradesh","lat":26.342,"lon":81.974,"monitored":""}},{"type":"Feature","geometry":{"type":"Polygon","coordinates":[[[80.277,27.034],[80.406,26.893],[80.448,26.98],[80.544,27.019],[80.59,26.989],[80.551,26.942],[80.6,26.949],[80.746,26.779],[80.683,26.765],[80.688,26.691],[80.833,26.668],[80.993,26.537],[80.976,26.472],[81.042,26.378],[80.99,26.319],[80.837,26.376],[80.879,26.297],[80.813,26.207],[80.689,26.165],[80.69,26.119],[80.605,26.156],[80.524,26.363],[80.301,26.531],[80.295,26.611],[80.132,26.738],[80.042,26.925],[80.105,27.001],[80.211,26.971],[80.277,27.034]]]},"properties":{"name":"Unnao","state":"Uttar Pradesh","lat":26.574,"lon":80.622,"monitored":""}},{"type":"Feature","geometry":{"type":"Polygon","coordinates":[[[83.013,25.578],[83.081,25.494],[83.165,25.526],[83.122,25.447],[83.186,25.408],[83.137,25.32],[83.009,25.306],[83.063,25.247],[82.839,25.169],[82.776,25.207],[82.812,25.259],[82.664,25.251],[82.677,25.422],[82.728,25.465],[82.707,25.536],[82.858,25.583],[82.946,25.527],[83.013,25.578]]]},"properties":{"name":"Varanasi","state":"Uttar Pradesh","lat":25.364,"lon":82.917,"monitored":""}},{"type":"Feature","geometry":{"type":"Polygon","coordinates":[[[79.457,29.989],[79.495,29.878],[79.708,29.813],[79.676,29.776],[79.735,29.696],[79.943,29.685],[79.997,29.554],[80.06,29.522],[79.732,29.437],[79.602,29.56],[79.466,29.5],[79.328,29.615],[79.211,29.527],[79.024,29.591],[79.105,29.687],[79.07,29.891],[79.167,29.915],[79.215,29.983],[79.273,29.933],[79.321,29.978],[79.412,29.941],[79.457,29.989]]]},"properties":{"name":"Almora","state":"Uttaranchal","lat":29.736,"lon":79.401,"monitored":""}},{"type":"Feature","geometry":{"type":"Polygon","coordinates":[[[79.979,30.32],[80.105,30.23],[80.058,30.025],[80.147,29.911],[80.004,29.895],[79.963,29.856],[80.026,29.798],[79.976,29.768],[79.812,29.788],[79.881,29.722],[79.858,29.691],[79.735,29.696],[79.676,29.776],[79.693,29.826],[79.495,29.878],[79.462,30.007],[79.793,30.023],[79.816,30.061],[79.751,30.142],[79.806,30.228],[79.786,30.288],[79.979,30.32]]]},"properties":{"name":"Bageshwar","state":"Uttaranchal","lat":29.959,"lon":79.792,"monitored":""}},{"type":"Feature","geometry":{"type":"Polygon","coordinates":[[[79.402,31.08],[79.587,30.943],[79.742,31.007],[79.855,30.979],[79.915,30.892],[80.069,30.819],[80.09,30.731],[79.967,30.714],[80.028,30.607],[79.982,30.544],[80.024,30.409],[79.979,30.32],[79.786,30.288],[79.806,30.228],[79.751,30.142],[79.801,30.028],[79.474,30.03],[79.417,29.943],[79.321,29.978],[79.273,29.933],[79.131,30.169],[79.026,30.229],[79.078,30.305],[79.017,30.332],[79.15,30.389],[79.233,30.565],[79.333,30.615],[79.211,30.825],[79.262,30.884],[79.249,30.96],[79.402,31.08]]]},"properties":{"name":"Chamoli","state":"Uttaranchal","lat":30.476,"lon":79.597,"monitored":""}},{"type":"Feature","geometry":{"type":"Polygon","coordinates":[[[80.074,29.526],[80.277,29.392],[80.32,29.304],[80.299,29.205],[80.25,29.221],[80.274,29.145],[80.235,29.118],[80.069,29.129],[80.059,29.079],[79.96,29.058],[79.966,29.123],[79.867,29.164],[79.911,29.226],[79.808,29.276],[79.786,29.341],[79.887,29.354],[79.822,29.407],[79.874,29.488],[80.074,29.526]]]},"properties":{"name":"Champawat","state":"Uttaranchal","lat":29.29,"lon":80.06,"monitored":""}},{"type":"Feature","geometry":{"type":"Polygon","coordinates":[[[77.958,30.978],[78.008,30.917],[77.966,30.902],[77.975,30.852],[78.075,30.724],[78.0,30.652],[77.974,30.517],[77.927,30.511],[78.216,30.442],[78.13,30.342],[78.263,30.305],[78.286,30.249],[78.224,30.186],[78.298,30.115],[78.172,29.948],[77.946,30.247],[77.634,30.411],[77.563,30.404],[77.801,30.513],[77.806,30.561],[77.73,30.598],[77.779,30.664],[77.688,30.769],[77.745,30.881],[77.789,30.859],[77.801,30.939],[77.958,30.978]]]},"properties":{"name":"Dehra Dun","state":"Uttaranchal","lat":30.477,"lon":77.896,"monitored":""}},{"type":"Feature","geometry":{"type":"Polygon","coordinates":[[[77.933,30.25],[78.148,29.959],[78.173,29.988],[78.167,29.948],[78.262,29.923],[78.332,29.796],[77.988,29.546],[77.952,29.705],[77.793,29.682],[77.703,29.886],[77.786,30.1],[77.933,30.25]]]},"properties":{"name":"Haridwar","state":"Uttaranchal","lat":29.904,"lon":77.991,"monitored":""}},{"type":"Feature","geometry":{"type":"Polygon","coordinates":[[[79.341,29.607],[79.466,29.5],[79.602,29.56],[79.722,29.44],[79.844,29.439],[79.822,29.407],[79.889,29.359],[79.846,29.32],[79.786,29.341],[79.802,29.287],[79.911,29.226],[79.867,29.164],[79.966,29.123],[79.955,29.052],[79.851,28.988],[79.641,29.07],[79.407,29.054],[79.235,29.189],[79.268,29.244],[78.951,29.376],[78.832,29.377],[78.996,29.589],[79.211,29.527],[79.341,29.607]]]},"properties":{"name":"Naini Tal","state":"Uttaranchal","lat":29.303,"lon":79.461,"monitored":""}},{"type":"Feature","geometry":{"type":"Polygon","coordinates":[[[79.051,30.307],[79.026,30.229],[79.131,30.169],[79.22,29.964],[79.07,29.891],[79.117,29.786],[79.099,29.671],[78.896,29.456],[78.576,29.581],[78.488,29.741],[78.327,29.799],[78.262,29.923],[78.181,29.95],[78.324,30.139],[78.577,30.059],[78.583,30.157],[78.671,30.246],[78.793,30.228],[79.051,30.307]]]},"properties":{"name":"Pauri Garhwal","state":"Uttaranchal","lat":29.845,"lon":78.697,"monitored":""}},{"type":"Feature","geometry":{"type":"Polygon","coordinates":[[[80.148,30.813],[80.237,30.741],[80.18,30.67],[80.216,30.579],[80.526,30.454],[80.584,30.487],[80.811,30.32],[81.02,30.251],[80.899,30.212],[80.879,30.129],[80.74,30.0],[80.592,29.948],[80.497,29.797],[80.409,29.794],[80.366,29.74],[80.409,29.595],[80.247,29.438],[79.997,29.554],[79.943,29.685],[79.809,29.778],[79.894,29.804],[79.976,29.768],[80.026,29.798],[79.963,29.856],[80.004,29.895],[80.147,29.911],[80.058,30.025],[80.105,30.23],[79.977,30.324],[80.024,30.409],[79.982,30.544],[80.028,30.607],[79.966,30.711],[80.089,30.728],[80.084,30.789],[80.148,30.813]]]},"properties":{"name":"Pithoragarh","state":"Uttaranchal","lat":30.077,"lon":80.447,"monitored":""}},{"type":"Feature","geometry":{"type":"Polygon","coordinates":[[[79.266,30.732],[79.333,30.615],[79.233,30.565],[79.15,30.389],[78.968,30.295],[78.967,30.375],[79.047,30.433],[78.899,30.638],[78.912,30.72],[79.004,30.759],[79.019,30.812],[79.266,30.732]]]},"properties":{"name":"Rudra Prayag","state":"Uttaranchal","lat":30.499,"lon":79.101,"monitored":""}},{"type":"Feature","geometry":{"type":"Polygon","coordinates":[[[78.921,30.878],[79.019,30.812],[79.004,30.759],[78.912,30.72],[78.897,30.644],[79.047,30.429],[78.918,30.263],[78.671,30.246],[78.583,30.157],[78.577,30.059],[78.442,30.074],[78.393,30.144],[78.243,30.148],[78.27,30.3],[78.126,30.356],[78.228,30.433],[77.927,30.511],[77.974,30.517],[78.002,30.618],[78.11,30.643],[78.195,30.583],[78.269,30.615],[78.277,30.556],[78.326,30.568],[78.4,30.474],[78.438,30.621],[78.473,30.633],[78.484,30.539],[78.531,30.535],[78.578,30.693],[78.832,30.743],[78.837,30.855],[78.921,30.878]]]},"properties":{"name":"Tehri Garhwal","state":"Uttaranchal","lat":30.453,"lon":78.589,"monitored":""}},{"type":"Feature","geometry":{"type":"Polygon","coordinates":[[[78.714,29.317],[78.951,29.376],[79.268,29.244],[79.235,29.189],[79.407,29.054],[79.641,29.07],[79.851,28.988],[79.992,29.095],[80.059,29.079],[80.069,29.129],[80.139,29.133],[80.138,29.01],[79.988,28.717],[79.841,28.809],[79.854,28.844],[79.783,28.805],[79.809,28.863],[79.774,28.892],[79.666,28.848],[79.551,28.846],[79.536,28.893],[79.411,28.856],[79.36,28.97],[79.299,28.953],[79.158,29.023],[79.131,29.129],[79.027,29.172],[79.017,29.118],[78.962,29.167],[78.9,29.151],[78.853,29.261],[78.714,29.317]]]},"properties":{"name":"Udham Singh Nagar","state":"Uttaranchal","lat":29.038,"lon":79.438,"monitored":""}},{"type":"Feature","geometry":{"type":"Polygon","coordinates":[[[79.195,31.354],[79.3,31.149],[79.392,31.08],[79.298,31.023],[79.308,30.969],[79.249,30.96],[79.262,30.884],[79.211,30.825],[79.266,30.732],[78.864,30.883],[78.835,30.744],[78.578,30.693],[78.531,30.535],[78.484,30.539],[78.473,30.633],[78.438,30.621],[78.4,30.474],[78.326,30.568],[78.277,30.556],[78.264,30.617],[78.195,30.583],[78.142,30.64],[78.002,30.618],[78.075,30.724],[77.974,30.854],[78.008,30.917],[77.974,30.969],[77.763,30.92],[77.733,30.95],[77.817,30.954],[77.801,31.062],[77.887,31.155],[78.014,31.155],[78.298,31.288],[78.369,31.288],[78.47,31.204],[78.595,31.236],[78.648,31.195],[78.795,31.205],[78.871,31.107],[78.997,31.115],[78.91,31.234],[78.93,31.338],[79.057,31.472],[79.195,31.354]]]},"properties":{"name":"Uttarkashi","state":"Uttaranchal","lat":30.996,"lon":78.557,"monitored":""}},{"type":"Feature","geometry":{"type":"Polygon","coordinates":[[[86.899,23.632],[87.209,23.553],[87.652,23.236],[87.68,23.121],[87.762,23.073],[87.641,22.985],[87.626,22.893],[87.355,22.949],[87.168,22.889],[87.058,22.846],[87.083,22.735],[87.011,22.647],[86.96,22.672],[86.922,22.623],[86.607,22.796],[86.699,22.869],[86.74,23.092],[86.706,23.117],[86.779,23.206],[86.775,23.336],[86.842,23.394],[86.815,23.464],[86.892,23.491],[86.851,23.567],[86.899,23.632]]]},"properties":{"name":"Bankura","state":"West Bengal","lat":23.164,"lon":87.207,"monitored":""}},{"type":"Feature","geometry":{"type":"Polygon","coordinates":[[[86.895,23.88],[87.151,23.746],[87.35,23.718],[87.449,23.608],[87.707,23.617],[87.898,23.538],[87.959,23.628],[87.907,23.71],[87.969,23.842],[88.055,23.777],[88.058,23.718],[88.193,23.763],[88.232,23.708],[88.164,23.708],[88.134,23.65],[88.313,23.586],[88.275,23.535],[88.346,23.545],[88.386,23.502],[88.326,23.313],[88.415,23.205],[88.352,23.114],[88.169,23.154],[88.147,23.074],[88.05,23.043],[88.009,22.96],[87.776,22.932],[87.71,23.008],[87.745,23.105],[87.68,23.121],[87.652,23.236],[87.442,23.403],[87.209,23.553],[86.793,23.695],[86.793,23.831],[86.882,23.814],[86.895,23.88]]]},"properties":{"name":"Barddhaman","state":"West Bengal","lat":23.452,"lon":87.868,"monitored":""}},{"type":"Feature","geometry":{"type":"Polygon","coordinates":[[[87.795,24.58],[87.946,24.515],[87.952,24.354],[88.023,24.259],[87.894,24.15],[87.843,23.91],[87.962,23.801],[87.907,23.71],[87.959,23.628],[87.932,23.57],[87.898,23.538],[87.707,23.617],[87.449,23.608],[87.35,23.718],[87.121,23.764],[87.085,23.805],[87.154,23.798],[87.131,23.867],[87.236,23.853],[87.229,23.823],[87.255,23.839],[87.248,23.907],[87.293,23.89],[87.238,24.041],[87.458,23.981],[87.434,24.008],[87.511,24.04],[87.494,24.115],[87.576,24.085],[87.608,24.129],[87.569,24.156],[87.69,24.15],[87.636,24.243],[87.756,24.304],[87.81,24.407],[87.795,24.58]]]},"properties":{"name":"Birbhum","state":"West Bengal","lat":24.063,"lon":87.69,"monitored":""}},{"type":"Feature","geometry":{"type":"Polygon","coordinates":[[[88.46,25.595],[88.543,25.507],[88.665,25.471],[88.81,25.52],[88.844,25.362],[89.011,25.296],[88.947,25.184],[88.433,25.196],[88.431,25.315],[88.187,25.274],[88.317,25.512],[88.46,25.595]]]},"properties":{"name":"Dakshin Dinajpur","state":"West Bengal","lat":25.417,"lon":88.548,"monitored":""}},{"type":"Feature","geometry":{"type":"Polygon","coordinates":[[[88.127,27.123],[88.432,27.082],[88.521,27.178],[88.684,27.18],[88.87,27.109],[88.872,26.965],[88.792,26.99],[88.761,26.924],[88.662,26.926],[88.659,26.961],[88.604,26.879],[88.477,26.876],[88.353,26.512],[88.229,26.447],[88.179,26.491],[88.231,26.552],[88.105,26.536],[88.19,26.771],[88.137,26.985],[87.994,27.105],[88.017,27.219],[88.127,27.123]]]},"properties":{"name":"Darjiling","state":"West Bengal","lat":26.823,"lon":88.319,"monitored":""}},{"type":"Feature","geometry":{"type":"MultiPolygon","coordinates":[[[[87.845,22.51],[87.93,22.402],[87.94,22.26],[87.981,22.216],[88.009,22.201],[88.136,22.185],[88.192,22.106],[88.062,22.013],[88.032,22.064],[87.992,22.103],[87.963,22.103],[88.053,22.01],[87.929,21.801],[87.79,21.695],[87.482,21.609],[87.424,21.791],[87.511,21.946],[87.459,22.003],[87.473,22.071],[87.7,22.124],[87.72,22.318],[87.644,22.329],[87.651,22.451],[87.693,22.506],[87.756,22.473],[87.845,22.51]]],[[[88.141,22.026],[88.088,21.933],[88.047,21.912],[88.073,21.995],[88.141,22.026]]],[[[88.029,22.062],[88.029,22.059],[88.027,22.062],[88.029,22.062]]],[[[87.992,22.213],[87.994,22.216],[87.997,22.213],[87.992,22.213]]],[[[87.937,22.404],[87.933,22.409],[87.933,22.41],[87.937,22.404]]]]},"properties":{"name":"East Midnapore","state":"West Bengal","lat":22.038,"lon":87.746,"monitored":""}},{"type":"Feature","geometry":{"type":"MultiPolygon","coordinates":[[[[87.991,22.77],[88.011,22.68],[88.061,22.708],[88.18,22.651],[88.32,22.665],[88.366,22.612],[88.321,22.547],[88.244,22.557],[88.117,22.466],[88.139,22.404],[88.048,22.22],[87.96,22.28],[87.946,22.406],[87.923,22.435],[87.877,22.44],[87.889,22.515],[87.842,22.558],[87.938,22.629],[87.948,22.764],[87.991,22.77]]],[[[87.923,22.428],[87.919,22.429],[87.919,22.43],[87.923,22.428]]],[[[87.908,22.431],[87.913,22.431],[87.918,22.43],[87.908,22.431]]]]},"properties":{"name":"Haora","state":"West Bengal","lat":22.49,"lon":88.018,"monitored":""}},{"type":"Feature","geometry":{"type":"Polygon","coordinates":[[[88.472,23.207],[88.449,23.137],[88.504,23.091],[88.415,23.013],[88.407,22.881],[88.331,22.772],[88.352,22.647],[88.18,22.651],[88.111,22.704],[88.011,22.68],[87.985,22.776],[87.948,22.764],[87.937,22.626],[87.851,22.594],[87.739,22.773],[87.515,22.863],[87.52,22.927],[87.626,22.893],[87.686,23.021],[87.776,22.932],[87.94,22.941],[88.147,23.074],[88.169,23.154],[88.352,23.114],[88.369,23.176],[88.472,23.207]]]},"properties":{"name":"Hugli","state":"West Bengal","lat":22.91,"lon":88.022,"monitored":""}},{"type":"Feature","geometry":{"type":"Polygon","coordinates":[[[88.932,26.983],[88.962,26.924],[89.025,26.94],[89.09,26.894],[89.131,26.808],[89.377,26.866],[89.459,26.806],[89.645,26.781],[89.632,26.719],[89.857,26.704],[89.878,26.584],[89.862,26.578],[89.871,26.46],[89.85,26.414],[89.861,26.464],[89.826,26.469],[89.616,26.395],[89.549,26.417],[89.537,26.475],[88.97,26.546],[88.865,26.392],[88.772,26.395],[88.707,26.333],[88.621,26.471],[88.557,26.457],[88.432,26.551],[88.39,26.68],[88.446,26.7],[88.431,26.817],[88.477,26.876],[88.604,26.879],[88.659,26.961],[88.662,26.926],[88.761,26.924],[88.792,26.99],[88.879,26.951],[88.932,26.983]]]},"properties":{"name":"Jalpaiguri","state":"West Bengal","lat":26.632,"lon":89.138,"monitored":""}},{"type":"Feature","geometry":{"type":"Polygon","coordinates":[[[88.97,26.546],[89.537,26.475],[89.549,26.417],[89.616,26.395],[89.847,26.468],[89.857,26.384],[89.759,26.289],[89.718,26.306],[89.711,26.153],[89.682,26.236],[89.638,26.228],[89.661,26.176],[89.595,26.157],[89.633,26.119],[89.597,26.101],[89.652,26.062],[89.608,26.064],[89.554,25.965],[89.43,26.046],[89.352,26.011],[89.171,26.131],[89.102,26.394],[88.97,26.463],[88.918,26.375],[88.993,26.351],[89.002,26.294],[89.067,26.293],[89.057,26.245],[88.897,26.292],[88.849,26.234],[88.822,26.301],[88.762,26.301],[88.772,26.395],[88.865,26.392],[88.97,26.546]]]},"properties":{"name":"Kochbihar","state":"West Bengal","lat":26.267,"lon":89.426,"monitored":""}},{"type":"Feature","geometry":{"type":"Polygon","coordinates":[[[88.407,22.556],[88.359,22.495],[88.271,22.552],[88.329,22.552],[88.36,22.63],[88.407,22.556]]]},"properties":{"name":"Kolkata","state":"West Bengal","lat":22.593,"lon":88.364,"monitored":""}},{"type":"Feature","geometry":{"type":"Polygon","coordinates":[[[88.178,25.289],[88.443,25.31],[88.454,25.036],[88.399,24.943],[88.342,24.939],[88.348,24.892],[88.325,24.866],[88.264,24.875],[88.228,24.959],[88.14,24.936],[88.176,24.861],[87.995,24.656],[87.897,24.854],[87.97,24.924],[87.773,25.099],[87.788,25.22],[87.837,25.199],[87.857,25.278],[87.76,25.41],[87.956,25.538],[88.112,25.433],[88.125,25.243],[88.178,25.289]]]},"properties":{"name":"Maldah","state":"West Bengal","lat":25.067,"lon":88.13,"monitored":""}},{"type":"Feature","geometry":{"type":"MultiPolygon","coordinates":[[[[87.889,24.853],[87.96,24.68],[88.2,24.461],[88.529,24.344],[88.555,24.296],[88.57,24.327],[88.726,24.292],[88.704,24.094],[88.622,23.978],[88.547,24.036],[88.518,23.946],[88.456,23.922],[88.508,23.893],[88.462,23.884],[88.473,23.817],[88.444,23.851],[88.415,23.798],[88.268,23.808],[88.236,23.757],[88.058,23.718],[88.003,23.843],[87.962,23.801],[87.85,23.884],[87.894,24.15],[88.022,24.245],[87.952,24.354],[87.97,24.469],[87.888,24.54],[87.902,24.718],[87.814,24.753],[87.889,24.853]]],[[[88.676,24.316],[88.675,24.315],[88.675,24.315],[88.676,24.316]]]]},"properties":{"name":"Murshidabad","state":"West Bengal","lat":24.269,"lon":88.365,"monitored":""}},{"type":"Feature","geometry":{"type":"Polygon","coordinates":[[[88.724,24.077],[88.727,23.995],[88.771,23.988],[88.733,23.914],[88.585,23.868],[88.602,23.817],[88.559,23.784],[88.581,23.601],[88.645,23.608],[88.743,23.481],[88.799,23.492],[88.746,23.31],[88.697,23.296],[88.75,23.235],[88.704,23.216],[88.656,22.871],[88.408,22.942],[88.415,23.013],[88.504,23.099],[88.449,23.137],[88.469,23.219],[88.383,23.217],[88.332,23.279],[88.328,23.415],[88.388,23.498],[88.346,23.545],[88.275,23.535],[88.313,23.586],[88.133,23.657],[88.164,23.708],[88.23,23.704],[88.192,23.748],[88.236,23.797],[88.415,23.798],[88.444,23.851],[88.473,23.817],[88.462,23.884],[88.508,23.893],[88.456,23.922],[88.518,23.946],[88.55,24.039],[88.622,23.978],[88.651,24.07],[88.724,24.077]]]},"properties":{"name":"Nadia","state":"West Bengal","lat":23.448,"lon":88.569,"monitored":""}},{"type":"Feature","geometry":{"type":"MultiPolygon","coordinates":[[[[88.985,22.382],[89.023,22.298],[88.994,22.286],[89.096,22.155],[89.062,22.128],[89.02,22.206],[88.947,22.256],[88.974,22.395],[88.967,22.408],[88.985,22.382]]],[[[89.059,21.722],[89.095,21.644],[89.052,21.618],[89.028,21.635],[89.025,21.695],[89.022,21.7],[89.01,21.705],[89.059,21.722]]],[[[89.016,22.051],[89.074,22.004],[89.06,21.932],[89.0,21.949],[89.033,22.002],[88.974,21.994],[89.016,22.051]]],[[[89.002,21.75],[89.025,21.757],[89.059,21.726],[89.017,21.718],[89.016,21.732],[89.002,21.75]]],[[[89.002,22.199],[89.05,22.131],[89.015,22.114],[89.038,22.053],[89.028,22.054],[89.03,22.059],[89.029,22.077],[89.028,22.079],[89.023,22.079],[88.978,22.04],[89.002,22.199]]],[[[88.973,21.697],[88.988,21.653],[89.029,21.605],[89.0,21.602],[88.998,21.622],[88.992,21.644],[88.983,21.646],[88.968,21.642],[88.964,21.646],[88.963,21.663],[88.951,21.701],[88.973,21.697]]],[[[88.979,21.893],[89.03,21.835],[88.994,21.814],[88.97,21.775],[88.943,21.787],[88.977,21.805],[88.979,21.893]]],[[[89.008,21.652],[89.0,21.715],[89.021,21.714],[89.008,21.707],[89.008,21.652]]],[[[89.013,21.78],[89.016,21.812],[89.024,21.759],[88.999,21.767],[89.013,21.78]]],[[[88.95,22.189],[88.985,22.127],[88.925,22.065],[88.924,22.024],[88.946,22.0],[88.935,22.055],[88.964,22.057],[88.972,21.988],[89.014,21.979],[88.991,21.952],[89.013,21.902],[88.913,21.994],[88.901,22.065],[88.94,22.128],[88.894,22.17],[88.92,22.161],[88.95,22.189]]],[[[88.951,21.758],[89.012,21.78],[88.997,21.766],[89.001,21.746],[89.015,21.726],[89.004,21.716],[88.988,21.747],[88.951,21.758]]],[[[88.895,22.56],[88.999,22.43],[88.964,22.409],[88.958,22.365],[88.939,22.419],[88.942,22.31],[88.896,22.38],[88.93,22.39],[88.926,22.406],[88.908,22.416],[88.919,22.422],[88.921,22.427],[88.895,22.466],[88.914,22.511],[88.895,22.56]]],[[[88.966,21.642],[88.993,21.617],[88.956,21.618],[88.955,21.677],[88.962,21.664],[88.962,21.649],[88.966,21.642]]],[[[88.709,23.233],[88.995,23.212],[88.87,23.095],[88.847,23.002],[88.968,22.843],[88.919,22.762],[88.947,22.66],[88.905,22.679],[88.865,22.665],[88.864,22.694],[88.848,22.709],[88.81,22.711],[88.812,22.742],[88.809,22.751],[88.814,22.741],[88.826,22.738],[88.829,22.738],[88.834,22.745],[88.836,22.737],[88.839,22.735],[88.842,22.736],[88.847,22.744],[88.847,22.752],[88.809,22.753],[88.806,22.733],[88.809,22.709],[88.861,22.694],[88.864,22.664],[88.91,22.675],[88.933,22.619],[88.958,22.611],[88.938,22.57],[88.896,22.563],[88.869,22.546],[88.843,22.508],[88.852,22.433],[88.766,22.561],[88.783,22.523],[88.768,22.513],[88.75,22.517],[88.739,22.514],[88.734,22.511],[88.678,22.594],[88.672,22.557],[88.69,22.523],[88.708,22.528],[88.734,22.51],[88.778,22.506],[88.78,22.493],[88.803,22.443],[88.818,22.431],[88.848,22.431],[88.846,22.388],[88.861,22.365],[88.875,22.358],[88.876,22.355],[88.871,22.359],[88.849,22.365],[88.822,22.361],[88.804,22.373],[88.771,22.369],[88.704,22.429],[88.59,22.612],[88.557,22.622],[88.522,22.544],[88.407,22.556],[88.331,22.772],[88.422,22.953],[88.656,22.871],[88.709,23.233]]],[[[88.927,21.762],[88.987,21.745],[88.983,21.706],[88.923,21.72],[88.927,21.762]]],[[[88.933,21.837],[88.954,21.825],[88.977,21.821],[88.94,21.793],[88.94,21.782],[88.959,21.771],[88.921,21.766],[88.914,21.756],[88.939,21.817],[88.935,21.824],[88.926,21.824],[88.924,21.836],[88.933,21.837]]],[[[88.837,21.918],[88.89,21.915],[88.915,21.928],[88.977,21.868],[88.956,21.854],[88.959,21.87],[88.949,21.887],[88.943,21.885],[88.947,21.841],[88.939,21.854],[88.918,21.861],[88.915,21.881],[88.907,21.879],[88.922,21.854],[88.939,21.85],[88.888,21.812],[88.878,21.854],[88.82,21.928],[88.837,21.918]]],[[[88.908,22.196],[88.962,22.197],[88.931,22.177],[88.908,22.196]]],[[[88.85,22.363],[88.937,22.299],[88.954,22.225],[88.914,22.22],[88.888,22.266],[88.877,22.274],[88.873,22.275],[88.865,22.271],[88.863,22.276],[88.85,22.289],[88.843,22.29],[88.865,22.27],[88.887,22.265],[88.914,22.216],[88.904,22.197],[88.919,22.165],[88.898,22.178],[88.872,22.171],[88.866,22.194],[88.883,22.2],[88.886,22.207],[88.884,22.212],[88.841,22.214],[88.876,22.253],[88.839,22.216],[88.842,22.212],[88.849,22.21],[88.882,22.212],[88.881,22.2],[88.854,22.206],[88.85,22.202],[88.848,22.192],[88.844,22.19],[88.837,22.207],[88.83,22.21],[88.827,22.208],[88.825,22.204],[88.825,22.198],[88.819,22.196],[88.816,22.206],[88.806,22.209],[88.806,22.221],[88.801,22.226],[88.819,22.231],[88.828,22.242],[88.83,22.254],[88.827,22.265],[88.817,22.272],[88.815,22.283],[88.807,22.286],[88.812,22.316],[88.804,22.33],[88.85,22.363]]],[[[88.883,21.745],[88.94,21.695],[88.921,21.632],[88.873,21.694],[88.883,21.745]]],[[[88.883,21.808],[88.937,21.817],[88.898,21.752],[88.907,21.794],[88.883,21.808]]],[[[88.936,22.622],[88.937,22.619],[88.935,22.621],[88.936,22.622]]],[[[88.93,22.563],[88.936,22.561],[88.934,22.558],[88.93,22.563]]],[[[88.849,22.169],[88.9,22.148],[88.916,22.09],[88.831,22.127],[88.86,22.142],[88.849,22.169]]],[[[88.835,21.782],[88.877,21.852],[88.882,21.797],[88.898,21.779],[88.891,21.754],[88.913,21.728],[88.835,21.782]]],[[[88.898,22.549],[88.892,22.465],[88.903,22.415],[88.922,22.401],[88.888,22.378],[88.896,22.374],[88.898,22.367],[88.877,22.387],[88.882,22.404],[88.856,22.423],[88.868,22.488],[88.844,22.507],[88.898,22.549]]],[[[88.917,22.429],[88.917,22.424],[88.911,22.424],[88.917,22.429]]],[[[88.762,22.015],[88.902,22.012],[88.907,21.93],[88.857,21.919],[88.787,21.955],[88.753,21.956],[88.8,21.97],[88.762,22.015]]],[[[88.87,22.087],[88.891,22.06],[88.871,22.064],[88.872,22.079],[88.87,22.087]]],[[[88.835,21.607],[88.876,21.592],[88.904,21.556],[88.843,21.554],[88.835,21.607]]],[[[88.903,22.045],[88.892,22.015],[88.852,22.041],[88.89,22.046],[88.892,22.049],[88.886,22.058],[88.903,22.045]]],[[[88.862,22.399],[88.881,22.403],[88.875,22.387],[88.899,22.337],[88.862,22.399]]],[[[88.89,21.654],[88.894,21.649],[88.889,21.655],[88.89,21.654]]],[[[88.853,22.079],[88.87,22.063],[88.89,22.048],[88.854,22.045],[88.836,22.025],[88.846,22.062],[88.82,22.064],[88.834,22.064],[88.853,22.079]]],[[[88.872,22.405],[88.87,22.41],[88.874,22.406],[88.872,22.405]]],[[[88.845,22.189],[88.85,22.192],[88.853,22.204],[88.86,22.203],[88.843,22.167],[88.856,22.144],[88.805,22.131],[88.778,22.111],[88.739,22.057],[88.705,22.065],[88.838,22.167],[88.841,22.175],[88.828,22.208],[88.845,22.189]]],[[[88.818,22.123],[88.846,22.119],[88.868,22.083],[88.819,22.104],[88.806,22.085],[88.818,22.123]]],[[[88.763,21.701],[88.865,21.759],[88.846,21.62],[88.815,21.71],[88.763,21.701]]],[[[88.857,22.473],[88.859,22.462],[88.856,22.459],[88.857,22.473]]],[[[88.811,21.896],[88.841,21.887],[88.829,21.865],[88.821,21.872],[88.8,21.871],[88.809,21.883],[88.811,21.896]]],[[[88.813,22.283],[88.798,22.226],[88.806,22.208],[88.818,22.196],[88.827,22.195],[88.834,22.167],[88.794,22.171],[88.767,22.194],[88.747,22.199],[88.813,22.283]]],[[[88.803,22.085],[88.815,22.081],[88.828,22.086],[88.836,22.066],[88.787,22.072],[88.781,22.048],[88.772,22.055],[88.748,22.057],[88.803,22.085]]],[[[88.781,22.501],[88.81,22.481],[88.835,22.434],[88.804,22.444],[88.781,22.501]]],[[[88.78,22.038],[88.831,22.05],[88.832,22.027],[88.78,22.038]]],[[[88.822,21.823],[88.83,21.767],[88.791,21.75],[88.822,21.823]]],[[[88.777,21.867],[88.793,21.874],[88.786,21.868],[88.786,21.865],[88.788,21.864],[88.83,21.862],[88.795,21.791],[88.789,21.796],[88.796,21.802],[88.794,21.813],[88.79,21.821],[88.784,21.826],[88.766,21.829],[88.782,21.86],[88.777,21.867]]],[[[88.719,21.909],[88.736,21.918],[88.799,21.92],[88.808,21.884],[88.776,21.87],[88.772,21.878],[88.758,21.88],[88.757,21.886],[88.751,21.889],[88.749,21.897],[88.719,21.909]]],[[[88.81,22.32],[88.81,22.317],[88.805,22.324],[88.81,22.32]]],[[[88.807,21.707],[88.797,21.655],[88.731,21.685],[88.758,21.683],[88.807,21.707]]],[[[88.733,21.925],[88.751,21.955],[88.799,21.926],[88.733,21.925]]],[[[88.772,21.653],[88.798,21.592],[88.752,21.577],[88.758,21.6],[88.73,21.64],[88.772,21.653]]],[[[88.787,21.745],[88.75,21.77],[88.766,21.787],[88.782,21.825],[88.787,21.745]]],[[[88.762,22.021],[88.776,22.05],[88.779,22.037],[88.791,22.029],[88.762,22.021]]],[[[88.785,22.174],[88.789,22.168],[88.773,22.178],[88.785,22.174]]],[[[88.718,21.907],[88.781,21.859],[88.769,21.853],[88.758,21.781],[88.752,21.815],[88.707,21.811],[88.728,21.837],[88.697,21.838],[88.718,21.907]]],[[[88.716,21.807],[88.728,21.778],[88.759,21.759],[88.753,21.732],[88.777,21.721],[88.736,21.719],[88.763,21.693],[88.729,21.687],[88.731,21.682],[88.755,21.666],[88.748,21.658],[88.711,21.69],[88.695,21.744],[88.716,21.807]]],[[[88.747,22.196],[88.766,22.192],[88.767,22.191],[88.766,22.189],[88.747,22.196]]],[[[88.758,22.007],[88.753,21.988],[88.743,21.983],[88.758,22.007]]],[[[88.729,21.637],[88.757,21.599],[88.736,21.572],[88.707,21.594],[88.729,21.637]]],[[[88.751,21.814],[88.746,21.772],[88.728,21.78],[88.751,21.814]]],[[[88.697,21.713],[88.707,21.681],[88.751,21.649],[88.723,21.639],[88.687,21.683],[88.697,21.713]]],[[[88.75,22.22],[88.749,22.219],[88.749,22.221],[88.75,22.22]]],[[[88.746,22.204],[88.746,22.203],[88.746,22.205],[88.746,22.204]]],[[[88.692,22.086],[88.704,22.088],[88.693,22.078],[88.692,22.086]]],[[[88.69,22.081],[88.689,22.081],[88.689,22.082],[88.69,22.081]]]]},"properties":{"name":"North 24 Parganas","state":"West Bengal","lat":22.807,"lon":88.648,"monitored":""}},{"type":"Feature","geometry":{"type":"Polygon","coordinates":[[[86.894,23.638],[86.851,23.567],[86.892,23.491],[86.815,23.464],[86.842,23.394],[86.775,23.336],[86.779,23.206],[86.706,23.117],[86.74,23.092],[86.699,22.869],[86.613,22.82],[86.555,22.708],[86.413,22.786],[86.463,22.897],[86.433,22.923],[86.518,22.944],[86.54,22.987],[86.212,22.992],[86.037,23.144],[85.921,23.126],[85.832,23.193],[85.896,23.371],[85.866,23.47],[86.047,23.494],[86.037,23.583],[86.145,23.568],[86.146,23.473],[86.3,23.42],[86.445,23.632],[86.711,23.697],[86.894,23.638]]]},"properties":{"name":"Puruliya","state":"West Bengal","lat":23.199,"lon":86.304,"monitored":""}},{"type":"Feature","geometry":{"type":"MultiPolygon","coordinates":[[[[88.579,22.611],[88.704,22.429],[88.821,22.368],[88.805,22.283],[88.741,22.199],[88.666,22.217],[88.639,22.213],[88.685,22.294],[88.691,22.327],[88.666,22.339],[88.631,22.222],[88.639,22.208],[88.672,22.201],[88.619,22.109],[88.605,22.16],[88.573,22.189],[88.603,22.159],[88.598,22.131],[88.62,22.105],[88.627,22.055],[88.63,22.051],[88.637,22.045],[88.603,22.024],[88.606,22.048],[88.597,22.063],[88.602,22.074],[88.597,22.067],[88.596,22.061],[88.605,22.048],[88.6,22.024],[88.614,22.02],[88.607,21.913],[88.578,21.889],[88.546,21.973],[88.571,21.904],[88.562,21.899],[88.545,21.906],[88.541,21.904],[88.528,21.853],[88.494,21.879],[88.522,21.914],[88.526,21.929],[88.522,21.943],[88.494,21.967],[88.519,21.988],[88.537,21.979],[88.543,21.982],[88.55,21.996],[88.557,22.023],[88.555,22.036],[88.492,21.967],[88.521,21.915],[88.502,21.915],[88.483,21.91],[88.477,21.904],[88.474,21.895],[88.47,21.959],[88.464,21.964],[88.446,21.966],[88.461,22.012],[88.442,21.991],[88.445,21.964],[88.469,21.958],[88.458,21.919],[88.42,21.907],[88.409,21.885],[88.385,21.899],[88.408,21.919],[88.394,21.971],[88.376,21.97],[88.391,21.799],[88.355,21.823],[88.371,21.898],[88.368,21.906],[88.359,21.922],[88.35,21.927],[88.354,21.857],[88.27,21.885],[88.255,21.871],[88.314,21.847],[88.306,21.83],[88.277,21.822],[88.263,21.814],[88.259,21.808],[88.258,21.801],[88.264,21.788],[88.282,21.761],[88.252,21.802],[88.283,21.758],[88.264,21.731],[88.274,21.755],[88.217,21.764],[88.163,21.879],[88.177,21.926],[88.154,21.959],[88.224,22.075],[88.208,22.158],[88.07,22.212],[88.091,22.361],[88.139,22.404],[88.117,22.466],[88.244,22.557],[88.364,22.495],[88.407,22.576],[88.522,22.544],[88.579,22.611]]],[[[88.695,22.209],[88.789,22.168],[88.738,22.135],[88.683,22.081],[88.721,22.005],[88.664,22.024],[88.634,22.106],[88.695,22.209]]],[[[88.736,22.124],[88.73,22.123],[88.736,22.129],[88.736,22.124]]],[[[88.731,22.044],[88.733,22.044],[88.734,22.042],[88.731,22.044]]],[[[88.66,22.019],[88.716,22.001],[88.678,21.943],[88.629,21.958],[88.66,22.019]]],[[[88.623,21.901],[88.668,21.912],[88.634,21.871],[88.636,21.878],[88.623,21.901]]],[[[88.622,21.898],[88.633,21.87],[88.654,21.868],[88.639,21.785],[88.621,21.831],[88.595,21.854],[88.622,21.898]]],[[[88.639,21.668],[88.63,21.649],[88.64,21.679],[88.639,21.668]]],[[[88.632,22.062],[88.629,22.053],[88.629,22.062],[88.632,22.062]]],[[[88.61,21.79],[88.631,21.743],[88.609,21.708],[88.623,21.737],[88.617,21.744],[88.586,21.757],[88.61,21.79]]],[[[88.58,21.726],[88.586,21.754],[88.616,21.728],[88.58,21.726]]],[[[88.576,21.817],[88.618,21.829],[88.614,21.798],[88.576,21.817]]],[[[88.588,21.701],[88.606,21.68],[88.589,21.657],[88.587,21.669],[88.58,21.683],[88.592,21.691],[88.588,21.701]]],[[[88.568,21.69],[88.586,21.658],[88.606,21.624],[88.602,21.621],[88.554,21.64],[88.571,21.666],[88.568,21.69]]],[[[88.546,21.736],[88.591,21.691],[88.58,21.685],[88.57,21.711],[88.553,21.724],[88.543,21.724],[88.551,21.636],[88.517,21.711],[88.546,21.736]]],[[[88.537,21.639],[88.588,21.602],[88.55,21.564],[88.537,21.587],[88.543,21.589],[88.556,21.599],[88.557,21.604],[88.51,21.602],[88.537,21.639]]],[[[88.586,21.874],[88.581,21.873],[88.585,21.877],[88.586,21.874]]],[[[88.541,21.903],[88.573,21.858],[88.551,21.817],[88.531,21.849],[88.543,21.856],[88.55,21.881],[88.541,21.903]]],[[[88.545,21.81],[88.573,21.736],[88.542,21.738],[88.519,21.719],[88.545,21.81]]],[[[88.556,21.826],[88.56,21.827],[88.557,21.824],[88.556,21.826]]],[[[88.541,21.855],[88.536,21.854],[88.542,21.857],[88.541,21.855]]],[[[88.498,21.6],[88.534,21.578],[88.531,21.542],[88.482,21.555],[88.498,21.6]]],[[[88.516,21.839],[88.527,21.843],[88.524,21.835],[88.516,21.839]]],[[[88.489,21.91],[88.49,21.889],[88.477,21.898],[88.489,21.91]]],[[[88.507,21.788],[88.501,21.782],[88.506,21.788],[88.507,21.788]]],[[[88.45,21.815],[88.496,21.808],[88.453,21.806],[88.45,21.815]]],[[[88.446,21.905],[88.49,21.856],[88.448,21.815],[88.461,21.79],[88.445,21.802],[88.431,21.8],[88.427,21.81],[88.424,21.812],[88.418,21.812],[88.402,21.798],[88.393,21.833],[88.446,21.905]]],[[[88.459,21.789],[88.467,21.737],[88.433,21.704],[88.423,21.768],[88.459,21.789]]],[[[88.454,21.709],[88.471,21.673],[88.442,21.615],[88.419,21.683],[88.454,21.709]]],[[[88.456,21.914],[88.446,21.906],[88.442,21.909],[88.456,21.914]]],[[[88.383,21.779],[88.43,21.8],[88.443,21.8],[88.421,21.767],[88.423,21.72],[88.383,21.779]]],[[[88.412,21.731],[88.411,21.659],[88.432,21.627],[88.399,21.596],[88.404,21.717],[88.369,21.727],[88.412,21.731]]],[[[88.423,21.906],[88.425,21.904],[88.421,21.904],[88.423,21.906]]],[[[88.343,21.754],[88.371,21.761],[88.36,21.747],[88.36,21.735],[88.365,21.722],[88.398,21.713],[88.361,21.686],[88.338,21.711],[88.349,21.726],[88.343,21.754]]],[[[88.362,21.748],[88.387,21.741],[88.362,21.732],[88.362,21.748]]],[[[88.307,21.83],[88.353,21.854],[88.35,21.826],[88.361,21.797],[88.38,21.787],[88.343,21.76],[88.34,21.74],[88.345,21.722],[88.317,21.709],[88.311,21.796],[88.26,21.804],[88.307,21.83]]],[[[88.3,21.704],[88.358,21.648],[88.315,21.608],[88.316,21.678],[88.3,21.704]]],[[[88.221,21.762],[88.31,21.676],[88.292,21.563],[88.216,21.616],[88.235,21.635],[88.233,21.668],[88.198,21.689],[88.22,21.7],[88.221,21.762]]],[[[88.303,21.756],[88.278,21.728],[88.289,21.778],[88.303,21.756]]],[[[88.264,21.792],[88.287,21.784],[88.283,21.769],[88.264,21.792]]],[[[88.282,21.769],[88.281,21.767],[88.279,21.77],[88.282,21.769]]],[[[88.205,21.721],[88.196,21.682],[88.232,21.644],[88.212,21.621],[88.212,21.602],[88.181,21.686],[88.205,21.721]]],[[[88.194,21.763],[88.202,21.761],[88.196,21.757],[88.194,21.763]]],[[[88.2,21.729],[88.196,21.73],[88.201,21.737],[88.2,21.729]]],[[[88.168,21.592],[88.189,21.582],[88.187,21.56],[88.168,21.592]]],[[[88.178,21.825],[88.185,21.821],[88.186,21.819],[88.178,21.825]]],[[[88.185,21.791],[88.179,21.79],[88.181,21.796],[88.185,21.791]]],[[[88.165,21.8],[88.174,21.8],[88.169,21.791],[88.165,21.8]]],[[[88.137,21.875],[88.171,21.742],[88.109,21.626],[88.037,21.675],[88.137,21.875]]],[[[88.16,21.929],[88.171,21.932],[88.165,21.916],[88.16,21.929]]],[[[88.116,21.918],[88.145,21.915],[88.129,21.899],[88.116,21.918]]],[[[88.138,21.896],[88.136,21.894],[88.139,21.898],[88.138,21.896]]],[[[88.113,21.911],[88.109,21.884],[88.104,21.898],[88.113,21.911]]],[[[88.016,21.582],[88.021,21.567],[88.017,21.572],[88.016,21.582]]]]},"properties":{"name":"South 24 Parganas","state":"West Bengal","lat":22.174,"lon":88.376,"monitored":""}},{"type":"Feature","geometry":{"type":"MultiPolygon","coordinates":[[[[88.337,26.497],[88.356,26.446],[88.368,26.487],[88.484,26.46],[88.525,26.36],[88.458,26.374],[88.352,26.282],[88.353,26.22],[88.186,26.151],[88.187,26.024],[88.087,25.913],[88.119,25.795],[88.264,25.812],[88.458,25.628],[88.317,25.512],[88.246,25.356],[88.125,25.243],[88.112,25.433],[88.021,25.587],[88.049,25.691],[87.898,25.77],[87.911,25.852],[87.823,25.871],[87.804,25.921],[87.842,26.044],[87.972,26.085],[87.964,26.152],[88.013,26.141],[88.28,26.336],[88.237,26.453],[88.337,26.497]]],[[[88.458,25.596],[88.46,25.595],[88.456,25.596],[88.458,25.596]]]]},"properties":{"name":"Uttar Dinajpur","state":"West Bengal","lat":25.862,"lon":87.984,"monitored":""}},{"type":"Feature","geometry":{"type":"Polygon","coordinates":[[[87.331,22.945],[87.52,22.927],[87.515,22.863],[87.739,22.773],[87.889,22.515],[87.756,22.473],[87.693,22.506],[87.654,22.458],[87.644,22.329],[87.72,22.318],[87.726,22.188],[87.668,22.104],[87.476,22.075],[87.459,22.003],[87.511,21.946],[87.446,21.885],[87.439,21.764],[87.37,21.76],[87.262,21.814],[87.235,21.954],[87.167,21.973],[87.095,21.86],[87.03,21.865],[87.018,22.041],[86.832,22.095],[86.79,22.154],[86.715,22.143],[86.723,22.215],[86.8,22.214],[86.79,22.263],[86.886,22.252],[86.886,22.294],[86.829,22.325],[86.844,22.396],[86.751,22.451],[86.798,22.484],[86.784,22.544],[86.652,22.576],[86.637,22.655],[86.555,22.708],[86.595,22.795],[86.636,22.793],[86.922,22.623],[86.96,22.672],[87.011,22.647],[87.083,22.735],[87.058,22.846],[87.331,22.945]]]},"properties":{"name":"West Midnapore","state":"West Bengal","lat":22.363,"lon":87.242,"monitored":""}}]}